32767;6672;-17808
960;192;-96
672;-240;0
432;240;768
768;48;0
576;0;288
432;144;288
528;240;-192
528;288;-384
384;-48;240
528;48;48
528;-144;0
432;144;96
384;48;144
192;192;288
480;96;96
240;48;240
288;-48;0
384;-48;528
672;-144;240
384;-48;-96
480;-48;-144
720;96;0
288;-48;192
576;-48;192
528;192;-144
528;-48;48
144;-48;144
480;-48;0
624;-48;96
480;-48;-48
672;-48;432
144;288;48
576;384;-192
384;-96;96
480;48;192
720;192;144
384;-48;-192
768;96;0
336;-48;336
576;-96;48
720;-48;96
816;-192;96
624;144;96
624;-48;480
528;48;0
480;-48;48
432;192;336
432;-48;0
576;192;144
240;96;144
384;-96;-96
720;144;0
576;192;0
528;-48;96
624;144;144
240;-48;-144
672;-48;192
240;144;192
480;48;144
96;48;144
720;-48;288
528;-240;96
624;96;288
384;-144;144
480;-48;0
432;-48;0
288;192;96
576;-48;96
240;-144;768
720;-48;-240
480;192;240
720;96;336
576;-48;240
384;240;0
624;144;192
672;384;192
336;144;48
288;0;192
240;192;0
624;48;0
432;384;0
432;144;96
672;192;96
432;192;48
528;96;0
240;-48;192
816;-48;0
624;144;144
336;-48;-48
624;-48;96
480;48;240
528;144;0
576;-192;-144
720;-48;-432
672;144;144
768;-96;96
672;-48;-96
672;-96;192
432;48;192
816;-48;-192
528;-144;-192
672;-48;-240
624;-192;-144
384;-48;96
480;-48;48
528;-96;144
528;-96;-192
576;144;96
672;-240;-336
528;192;288
480;96;48
720;-48;0
480;-48;96
336;48;0
480;-48;48
480;-48;48
576;144;288
576;-144;-144
528;-48;96
432;-48;96
912;192;192
48;-96;96
864;-48;0
672;336;144
240;-48;0
288;-96;96
144;-48;48
336;144;192
528;-96;144
576;144;432
672;48;0
336;192;192
432;432;144
528;96;0
432;192;48
768;144;288
432;240;336
624;480;384
192;-48;-240
576;-48;96
528;48;0
672;144;288
624;-96;-144
672;-96;-48
240;-240;0
384;-48;0
384;-240;384
480;-96;0
576;-288;-240
624;-432;-336
144;-48;-288
1008;-912;2208
-48;528;1200
-96;864;576
480;384;-384
768;-96;816
720;-144;384
480;48;-288
816;-384;-144
864;144;144
528;-240;144
288;-48;-96
336;240;48
576;-48;-48
864;-96;192
432;-96;0
960;-144;1488
480;0;96
864;-240;96
864;144;96
768;-96;-144
480;-192;-144
624;-48;96
816;-48;-96
720;96;0
480;192;-192
816;-48;-144
336;-48;144
480;-192;192
816;48;288
576;-48;-432
528;-48;-240
624;-48;144
432;-48;144
720;-48;0
480;-48;96
720;-336;96
672;-96;240
912;288;144
816;-96;144
624;-48;-48
672;336;0
192;-144;288
528;288;192
528;-48;0
432;-96;-240
672;-48;-48
624;-192;-384
672;-48;-144
432;288;48
384;-48;0
624;-48;192
576;-96;96
576;0;48
384;-48;-48
432;48;0
720;-48;-240
576;-144;0
576;-96;-96
528;-48;192
528;96;-192
576;-48;144
480;-96;144
528;-48;0
480;-144;192
528;-48;240
336;144;0
768;-192;48
432;-48;192
768;-48;-144
432;-48;144
576;-192;-48
672;-48;144
480;0;192
432;0;-96
528;48;0
480;144;0
336;96;144
432;-144;0
768;-48;-336
768;480;-192
672;192;48
864;240;336
960;48;144
720;192;192
624;192;48
480;240;336
672;384;480
720;624;288
480;48;192
384;-48;432
528;576;384
720;432;48
384;96;192
288;192;384
336;-96;624
240;480;336
240;240;432
240;-48;384
96;-96;480
144;336;480
288;672;336
624;288;480
384;288;480
192;288;384
-48;480;624
192;480;576
288;192;96
672;480;624
432;-48;192
624;0;96
624;48;48
336;240;0
240;-48;96
-48;96;192
672;288;240
384;96;192
240;-144;48
672;240;192
528;96;288
768;48;-96
480;288;288
-48;288;144
336;144;240
720;48;0
480;384;96
432;288;-240
336;144;144
480;336;-336
384;432;0
432;240;0
768;288;144
624;144;-240
480;96;-144
576;-192;-96
192;-48;-48
384;-144;-144
384;-96;-192
384;-48;-336
240;0;-144
240;-144;-336
384;-288;-288
192;-144;-480
144;-288;-480
480;-336;-624
240;-48;-576
144;-240;-480
240;-48;-480
384;-480;-432
336;-432;-432
96;-336;-432
192;-384;-384
-96;-384;-432
0;-528;-480
-144;-288;-528
-48;-288;-672
-48;-528;-432
-96;-432;-144
96;-480;-336
-48;-624;-816
96;-288;-528
240;-432;-432
-336;-480;-192
-336;-432;-672
-288;-288;-240
-192;-432;-576
-288;-96;-624
-192;-288;-432
-96;-384;-912
-96;-288;-720
192;-432;-576
-48;-432;-720
288;-528;-576
96;-384;-528
384;-528;-768
-144;-240;-384
-48;-624;-480
-48;-336;-816
-48;-672;-624
96;-480;-768
-48;-624;-480
192;-672;-528
144;-720;-528
-48;-432;-432
144;-480;-384
-48;-432;-432
-192;-288;-576
-192;-384;-384
48;-336;-432
-192;-384;-144
-240;-48;-528
-96;-48;0
-144;-432;-432
48;-240;-672
-96;-480;-528
96;-624;-384
-144;-144;-528
-192;-288;-336
192;-48;-240
-96;-144;-480
-48;-432;-624
-48;-240;-624
-48;-576;-720
240;-528;-768
336;-336;-336
192;-480;-432
-48;-432;-480
192;-288;-432
144;-624;-624
384;-432;-336
-48;-720;-336
192;-240;-576
96;-384;-240
-48;-576;-720
-48;-192;-144
96;-432;-288
-144;-336;-528
-144;-336;-480
-192;-240;-192
-48;-384;-576
96;-624;-384
144;-480;-288
-48;-624;-432
-48;-624;-672
-144;-576;-528
-144;-384;0
-48;-336;-480
-96;-288;-672
-144;-288;-288
-48;-384;-432
-48;-288;-576
-144;-384;-480
-288;-384;-144
96;-288;-576
-48;-384;-384
-240;-192;-576
-48;-576;-240
-96;-240;-528
48;-480;-624
144;-240;-624
-48;-384;-432
-48;-384;-192
-96;-432;-624
48;-384;-528
-96;-144;-528
96;-336;-192
-48;-528;-240
-96;-288;-432
-48;-288;-288
-48;-240;-624
144;-624;-384
384;-336;-240
-192;-432;-288
96;-240;-480
-48;-288;-288
-96;0;-576
192;-528;-576
48;-288;-240
192;-480;-432
-48;-432;-336
336;-384;-480
48;-96;-336
144;-384;-384
144;-240;-432
-240;-576;-432
-48;-288;-432
-48;-48;-192
96;-192;-96
240;-432;-336
-48;-336;-240
-96;-144;-336
-48;-432;-432
48;-48;-336
192;-288;0
-48;-432;-240
96;-336;-240
-192;-48;-528
-240;48;-240
144;48;-144
144;-432;-144
-336;-192;-432
-96;-192;-144
-48;96;-528
144;144;-432
0;-96;-432
-48;-192;-192
-96;-48;-576
480;48;-192
48;-48;-144
-96;-48;-480
144;-336;-336
288;-48;-384
144;48;-96
0;192;-192
-96;-96;-480
144;-192;-144
240;-48;-144
192;-96;0
-48;-48;-144
-48;-96;-192
-48;-96;288
288;0;-144
192;144;-288
144;-48;-336
-48;336;0
96;-96;0
-48;-240;96
-48;144;-240
-48;96;0
192;-48;-432
288;-48;-432
240;192;-96
-96;48;-336
-96;-144;-240
-96;-240;0
-48;96;-336
96;240;-672
192;-288;48
480;48;0
144;-240;-288
-48;480;-384
-48;240;-240
144;-144;-480
144;-96;0
-48;96;-96
96;-48;-336
384;96;-720
-48;96;-336
0;-48;-192
192;-48;-288
0;48;-336
144;-48;-192
48;-48;-192
192;144;96
192;144;-480
144;240;-144
240;96;-144
96;-96;-192
192;144;-240
288;192;0
-48;192;-336
288;144;-240
-48;288;-240
336;288;0
-48;144;-336
384;96;-240
288;144;-96
144;-48;-48
144;-48;-336
144;-144;0
96;-48;-96
288;-48;96
-48;-48;-96
144;-48;-240
48;48;-240
288;0;-192
96;384;-96
192;96;-432
48;240;-576
192;240;48
144;192;-288
192;240;-240
288;96;-288
192;-48;-192
96;192;-384
-48;-96;0
144;240;0
144;-48;0
192;192;-48
-240;-48;-384
-48;48;96
48;-48;0
96;-48;-432
0;96;-480
144;144;-384
-48;192;-240
96;240;-240
-48;0;-240
48;0;-336
192;-48;0
-48;-144;-480
144;-96;-288
144;96;-336
144;-48;0
-48;48;-384
96;-48;-336
96;-48;-288
-144;-48;-240
48;240;0
144;-96;-192
144;192;-672
-48;336;-240
-144;240;0
-48;-48;-528
-48;-48;0
96;-288;0
-48;144;-96
-96;192;-288
384;0;-336
192;48;0
144;48;-336
48;384;-192
48;-96;0
-48;-48;-384
192;384;-192
-96;-144;-144
-144;144;-336
144;96;96
-48;144;-384
96;-48;-192
-48;192;0
240;144;-240
96;96;-96
96;-48;48
384;96;-144
-144;96;-384
96;48;-336
144;-48;-192
384;192;-192
-144;-48;-240
48;144;-336
144;96;-528
-48;96;-336
240;-48;-240
96;-144;-432
96;192;0
288;-48;-288
-48;336;-240
384;288;0
-48;144;-240
-48;-48;-336
-48;-48;0
0;0;-240
432;-48;-288
-48;-96;-96
-96;384;-192
-48;-96;-720
-48;48;-336
-48;192;-432
-240;-48;0
-144;96;-96
-96;384;-288
192;96;-288
-48;144;-336
-48;-192;0
-48;192;-240
-48;-48;-144
-48;-96;-384
-192;96;-432
-48;48;-288
144;-48;-672
-48;-48;-288
-48;-48;-336
240;288;-192
288;-96;-480
144;-48;-432
-48;192;0
-48;384;0
-96;192;-384
-48;144;0
-144;192;-192
-144;336;-96
96;-48;-96
240;-240;-240
96;-48;-48
-48;192;-240
-48;-96;0
-48;384;48
-240;-48;-432
96;144;96
-144;96;48
-48;192;-48
-96;-96;96
-240;-48;0
-48;336;48
-288;384;0
-144;480;192
-288;480;240
-432;336;0
-96;288;96
-384;480;480
-336;384;288
-384;288;144
-336;288;48
-192;432;96
48;240;144
-144;96;192
-48;384;192
-240;240;0
-240;384;144
-96;144;-288
-48;-96;336
-48;144;0
48;-48;192
-96;-192;0
144;-48;0
-336;-48;-96
-384;-48;-240
144;-96;-336
-48;-48;-240
-240;-288;-144
-192;-384;-240
-432;-240;-336
-144;-624;-768
-240;-192;-432
-288;-432;-336
-432;-480;-432
-480;-480;-624
-336;-336;-528
-576;-240;-720
-720;-144;-576
-480;-288;-528
-624;-288;-576
-432;-96;-432
-816;-384;-816
-288;-336;-576
-576;-672;-528
-240;-528;-528
-480;-288;-528
-480;-432;-624
-576;-144;-336
-384;-336;-720
-288;-672;-576
-864;-624;-288
-768;-432;-432
-480;-576;-624
-384;-432;-528
-336;-288;-144
-480;-720;96
-528;-576;96
-384;-480;-240
-288;-288;48
-432;-720;0
-288;-480;0
-96;-336;336
-576;-480;48
-384;-528;96
-48;-432;240
-144;-144;96
144;-240;192
-336;-240;144
-48;-192;0
-144;-96;528
-288;-48;192
-96;-480;144
-240;-192;240
384;-96;288
-240;-48;336
-192;-48;288
96;144;384
96;-48;336
-48;240;384
-48;-96;0
-96;240;-288
-48;288;48
-288;-48;-288
-48;240;96
-288;240;-144
-480;48;0
-336;-48;-384
-288;288;-144
-144;-48;-432
-240;-96;-432
-480;-192;-144
-192;48;-288
-624;-240;-192
-432;-48;-336
-432;-48;-192
-672;-48;-288
-624;-288;-336
-816;144;-240
-384;-528;48
-480;-528;-288
-624;-336;-336
-672;-96;-144
-720;-96;0
-816;-96;-336
-720;-624;0
-912;-240;384
-864;-288;-144
-768;-336;96
-1152;-288;0
-1008;-288;0
-912;-336;48
-1104;-384;-240
-912;-432;0
-1056;-336;192
-1008;-336;96
-1200;-576;0
-1152;-624;-384
-1248;-864;-288
-1440;-624;-480
-1728;-528;-624
-1440;-528;-960
-1152;-384;-480
-1248;-480;-672
-1440;-480;-528
-1632;-288;-432
-1584;-336;-240
-1584;-384;-336
-1584;-384;-576
-1584;-576;-96
-1296;-528;0
-1392;-528;0
-1584;-384;-192
-1584;-384;0
-1440;-528;0
-1680;-336;192
-1584;-432;144
-1584;-528;288
-1584;-432;96
-1248;-240;48
-1584;-48;48
-1392;-192;96
-1392;-240;0
-1584;-336;288
-1584;-336;144
-1440;-384;-144
-1632;-336;240
-1392;-384;336
-1584;-240;0
-1344;-192;0
-1584;-48;-192
-1632;-288;288
-1152;-48;480
-1200;192;336
-1344;-96;432
-1104;0;576
-1152;288;480
-1296;144;480
-1584;-48;336
-1200;192;816
-1584;-288;624
-1440;-432;240
-1200;-720;48
-1104;-624;-240
-1584;-480;48
-1392;-720;-288
-1728;-336;-528
-1680;-720;-432
-1584;-864;-672
-1968;-960;-960
-1872;-624;-1104
-1872;-720;-720
-2112;-720;-1104
-1872;-672;-1104
-2400;-864;-768
-2448;-1056;-816
-2208;-624;-624
-2208;-912;-432
-2352;-720;0
-2016;-1104;-48
-2112;-768;192
-2352;-720;384
-2112;-720;192
-2016;-480;288
-1824;-624;192
-1824;-528;768
-1872;-384;336
-2016;-528;144
-1728;-336;480
-1296;-576;480
-1440;-336;384
-1776;-288;672
-1392;-288;672
-1296;-240;624
-1344;-288;384
-1344;-192;432
-1584;-432;1152
-1008;-48;576
-912;-336;864
-960;-144;1008
-864;-432;672
-864;-144;672
-912;-48;816
-1440;-336;1008
-960;-240;576
-1008;-528;912
-1008;-144;576
-960;-528;720
-864;-192;768
-1152;-432;528
-1056;-432;768
-1008;-528;768
-1248;-240;576
-1008;-48;528
-1008;-240;768
-1248;-96;672
-1104;-48;288
-1296;-576;672
-1584;-480;480
-1296;-240;528
-1296;-144;768
-1392;-336;480
-1296;-384;528
-1440;-384;480
-1392;-336;240
-1776;-384;288
-1344;-288;384
-1584;-144;432
-1344;-384;288
-1344;-288;432
-1392;-48;144
-1440;-432;432
-1392;-336;288
-1248;-144;192
-1584;-96;96
-1440;-288;192
-1152;-384;288
-1344;-432;144
-1152;-240;240
-1152;-192;384
-960;-96;192
-1104;-240;336
-768;-432;240
-1104;-144;384
-1008;-336;240
-1104;-240;384
-1008;-48;240
-960;-432;144
-864;-192;144
-768;-672;-240
-672;-432;-288
-816;-240;0
-864;-48;0
-960;-576;48
-864;-624;528
-1296;-432;0
-1008;-480;480
-864;-336;432
-672;-720;288
-624;-240;528
-1008;-144;384
-912;-48;192
-768;-144;288
-1104;-288;432
-624;-96;288
-960;-336;432
-1104;-384;0
-624;0;96
-1008;-288;288
-1200;0;432
-960;-288;0
-1056;-144;384
-1392;-336;576
-912;-48;432
-1008;-48;240
-1152;-48;240
-1056;-240;336
-1056;-192;336
-1200;-96;240
-1584;-144;384
-1104;-384;672
-1200;-480;0
-1008;-384;336
-1056;-48;384
-1584;-144;480
-1200;-96;720
-1008;-576;432
-1440;-672;576
-1296;-384;624
-1056;-384;576
-1008;-576;336
-1008;-576;624
-1200;-720;432
-1200;-480;192
-1248;-672;864
-1200;-288;192
-1200;-576;720
-1344;-432;432
-960;-720;576
-1584;-432;816
-1296;-576;720
-1392;-576;576
-1488;-480;528
-1248;-672;432
-1008;-720;240
-1152;-336;768
-1152;-624;720
-1152;-528;576
-1248;-816;480
-1296;-432;576
-1584;-576;480
-1584;-528;432
-1584;-672;432
-1248;-1008;672
-1632;-576;624
-1248;-720;768
-1344;-624;912
-1248;-480;576
-1536;-528;624
-1440;-768;912
-1200;-816;864
-1584;-864;384
-1344;-624;816
-1152;-672;864
-1344;-672;1008
-1584;-288;864
-1296;-576;1200
-1248;-1056;960
-1200;-576;624
-1248;-672;1056
-1152;-336;1008
-1152;-576;912
-1152;-672;1296
-1008;-624;720
-864;-144;480
-1344;-384;1056
-1488;-624;912
-1056;-432;960
-768;-336;960
-1584;-288;1200
-1008;-816;864
-1296;-432;768
-1008;-288;1056
-960;-240;1008
-1200;-144;1008
-960;-96;912
-1008;288;912
-1296;-288;816
-1200;-48;624
-864;-96;720
-912;-96;912
-1200;-192;912
-960;-48;528
-1056;-48;672
-912;-48;816
-1056;-48;624
-960;-240;624
-1296;-48;528
-1104;96;384
-1056;288;576
-816;240;528
-912;528;528
-672;576;624
-864;576;576
-720;720;96
-672;528;288
-912;480;240
-576;768;480
-528;816;432
-192;720;480
-528;672;528
-480;960;432
-720;1104;528
-240;1104;288
-192;1056;480
-288;1056;240
-288;864;480
-288;864;240
-144;720;432
-240;240;624
-288;384;720
-240;192;912
-480;528;864
-384;672;960
-480;384;768
-816;672;768
-672;672;816
-480;624;576
-576;672;864
-816;432;960
-768;528;432
-480;480;720
-576;336;576
-912;144;768
-816;288;480
-1008;432;768
-528;624;288
-816;192;528
-768;240;528
-864;384;336
-576;576;0
-1008;624;192
-1584;96;336
-1248;384;720
-1296;192;336
-1440;144;480
-1584;192;672
-1296;384;528
-1680;384;912
-1584;-48;528
-1584;-288;816
-1632;144;912
-1872;48;768
-1632;-48;1008
-1584;-144;960
-1824;144;864
-1728;48;576
-1584;0;768
-1776;144;528
-1824;144;768
-2016;-48;528
-1392;-48;480
-1584;-48;336
-1680;336;192
-1776;-48;576
-1584;336;384
-1632;336;480
-1584;480;576
-1248;384;144
-1296;432;384
-1296;720;912
-1008;576;336
-960;624;624
-1008;960;432
-672;864;576
-768;624;480
-768;864;1152
-672;672;960
-816;480;288
-912;864;240
-816;624;576
-672;816;48
-816;768;432
-816;864;432
-864;528;384
-672;624;144
-912;384;48
-912;672;432
-1008;480;288
-816;960;624
-672;480;432
-672;672;240
-816;672;336
-768;576;336
-720;768;240
-960;432;240
-912;240;912
-720;432;288
-1008;192;528
-1248;96;384
-912;336;816
-816;528;768
-1200;528;1008
-912;576;480
-912;480;576
-1056;288;384
-1008;432;432
-720;288;576
-816;432;528
-1104;384;576
-816;-48;864
-912;144;336
-528;240;672
-384;240;768
-864;-48;672
-816;-48;672
-816;-48;1056
-768;96;336
-1056;240;768
-384;96;768
-720;432;816
-432;144;384
-720;96;336
-624;288;240
-720;-48;480
-480;-48;384
-816;192;432
-624;0;672
-816;48;720
-384;-96;480
-720;-48;768
-768;-96;336
-816;-192;432
-720;48;576
-720;48;480
-576;144;768
-864;-192;432
-1296;-96;576
-1008;-288;240
-1200;-144;672
-1248;-144;528
-1008;-192;432
-912;-96;576
-1440;-336;768
-1296;-192;624
-1344;-432;432
-1152;-336;816
-1296;-336;576
-1344;-336;672
-1392;-384;960
-1296;-528;384
-1392;-624;528
-1584;-528;240
-1056;-432;672
-1392;-96;288
-1152;-672;768
-1248;-432;528
-1344;-144;96
-1200;-864;576
-1152;-480;624
-1440;-816;816
-1344;-384;528
-1296;-576;288
-1584;-480;576
-1344;-672;672
-1152;-432;576
-1344;-624;816
-768;-528;624
-1584;-528;192
-1248;-816;960
-1104;-288;528
-1392;-624;816
-960;-288;768
-1344;-720;912
-1200;-720;624
-960;-384;576
-1296;-528;720
-864;-576;528
-1536;-576;816
-1008;-288;720
-1200;-720;768
-1248;-528;480
-1248;-624;960
-1296;-384;432
-1296;-528;480
-864;-288;336
-1152;-336;528
-1008;-480;480
-1584;-528;576
-960;-336;576
-1200;-480;768
-960;-240;96
-1200;-432;480
-1392;-480;816
-1152;-240;192
-1200;-384;528
-1296;-576;672
-1392;-144;288
-816;-288;720
-1392;-384;816
-1200;-288;336
-1440;-240;480
-816;-96;288
-1200;-48;480
-1248;-288;576
-1152;-48;768
-912;-48;576
-1248;-48;528
-1104;384;528
-1152;96;336
-1248;48;768
-1152;-96;480
-1296;-48;624
-960;-48;960
-1632;288;480
-1008;-48;528
-1056;144;576
-1200;48;768
-1008;-48;336
-1056;384;432
-1056;-48;288
-1392;-48;384
-1296;384;768
-1392;144;288
-1584;-96;432
-1584;432;144
-1584;480;240
-1584;288;768
-1104;672;576
-1920;672;528
-1584;336;240
-1344;336;624
-1152;432;432
-1680;432;384
-1776;336;576
-1536;528;432
-1584;336;336
-1392;192;432
-1680;336;384
-1584;384;672
-1248;384;192
-1536;288;624
-1392;288;432
-1392;192;432
-1200;528;576
-1248;576;624
-1296;240;336
-1152;528;576
-1200;432;432
-1248;576;336
-1152;576;624
-1104;480;672
-1296;336;720
-1344;768;240
-1344;432;480
-1008;384;432
-1584;336;912
-1392;672;528
-1104;480;288
-1200;672;816
-1296;768;528
-1296;864;528
-1632;1008;768
-1056;720;816
-1056;816;912
-1200;576;672
-1056;768;768
-1152;720;432
-1296;912;432
-912;672;864
-960;1248;576
-720;768;768
-960;912;336
-960;864;432
-1056;816;144
-960;912;576
-1152;864;624
-528;768;336
-672;1056;576
-912;1008;528
-528;912;576
-864;864;1008
-720;864;576
-624;720;864
-720;672;624
-672;864;1008
-624;624;672
-672;768;480
-864;816;960
-384;720;864
-672;816;480
-672;432;576
-624;576;432
-864;480;384
-576;816;672
-432;624;480
-528;528;768
-816;768;288
-432;528;432
-624;768;768
-624;720;576
-576;720;384
-384;576;624
-576;576;192
-384;816;576
-528;864;384
-384;768;96
-432;672;240
-576;576;384
-432;528;144
-240;576;192
-432;336;48
-288;528;240
-384;576;240
-288;144;336
-336;432;192
-48;432;624
-432;240;720
-144;144;480
-384;528;528
-240;288;576
-432;288;720
-576;480;528
-528;192;576
-432;480;912
-624;-48;576
-576;96;384
-1152;144;432
-912;-48;576
-768;96;384
-864;-192;336
-864;0;336
-672;192;576
-720;144;720
-912;-384;432
-1152;-48;672
-576;96;768
-816;96;720
-1152;-96;336
-1008;144;144
-1008;-48;432
-1104;-288;480
-1200;336;768
-960;96;240
-1104;-48;576
-816;96;240
-1104;-48;480
-816;288;576
-864;192;480
-1008;-48;576
-864;-48;480
-912;0;480
-576;-96;336
-768;384;432
-672;144;576
-672;-48;384
-768;96;528
-624;192;432
-816;-96;528
-624;192;768
-768;384;864
-816;0;480
-432;144;672
-816;48;288
-768;192;528
-1008;-144;624
-672;192;240
-1008;240;624
-720;-144;768
-624;-48;432
-624;96;768
-864;-96;912
-720;-48;528
-816;288;720
-480;-96;864
-672;-96;624
-720;-48;864
-672;-48;672
-624;-48;960
-816;-48;528
-912;288;768
-528;-48;720
-720;-48;672
-816;-144;912
-864;144;768
-816;144;1008
-672;-48;816
-576;96;816
-816;384;528
-816;192;624
-528;144;528
-528;-48;768
-720;96;768
-1008;240;624
-864;-144;480
-864;-48;1008
-672;-240;720
-912;-144;768
-768;144;576
-864;96;624
-1008;240;912
-912;-48;1152
-912;96;528
-816;-240;864
-720;336;1056
-672;0;912
-480;144;720
-672;144;816
-480;0;816
-384;240;624
-480;336;576
-816;192;864
-480;288;768
-672;96;672
-672;240;864
-432;384;624
-480;336;816
-480;-48;624
-816;336;768
-672;240;240
-672;336;672
-432;240;528
-480;624;720
-624;576;384
-576;528;576
-336;432;1008
-672;432;912
-624;384;768
-384;288;720
-480;432;432
-816;576;480
-480;576;624
-864;240;720
-912;288;912
-816;144;720
-720;528;624
-720;96;1152
-912;576;576
-864;96;1104
-960;-48;960
-960;288;1056
-576;144;864
-1248;240;432
-816;96;816
-1056;48;912
-960;96;816
-864;96;768
-1008;384;1056
-1008;336;912
-912;384;624
-960;96;960
-864;528;960
-1056;480;576
-1200;480;624
-912;576;816
-672;288;672
-960;336;1056
-960;384;864
-768;384;768
-912;432;576
-960;384;720
-1056;144;624
-528;336;528
-1056;528;624
-960;288;864
-864;480;720
-1104;240;432
-864;336;912
-864;384;768
-672;288;480
-1104;144;624
-1056;240;576
-1104;240;768
-864;288;336
-960;288;480
-816;384;384
-1200;336;240
-1584;336;624
-1152;576;768
-1152;240;384
-1344;528;624
-1152;480;624
-1584;240;432
-1584;192;576
-1632;240;768
-1584;-144;432
-1344;192;672
-1584;96;720
-1440;192;384
-1296;144;528
-1488;-48;528
-1392;336;432
-1584;144;576
-1632;48;672
-1440;-48;480
-1632;-48;432
-1584;288;672
-1584;-96;624
-1488;96;960
-1200;-48;768
-1584;144;864
-1392;144;912
-1392;-48;384
-1248;480;720
-1008;-144;720
-1104;288;912
-1200;384;576
-1104;144;576
-1200;240;432
-912;480;528
-816;-48;768
-1152;144;624
-1008;240;864
-960;-48;528
-960;432;768
-1104;96;768
-864;-48;864
-768;96;768
-864;576;528
-528;432;912
-1008;336;480
-720;144;336
-432;96;480
-624;336;480
-528;288;768
-816;96;624
-432;240;576
-528;432;864
-768;288;432
-912;96;768
-384;384;528
-768;384;576
-432;432;768
-576;144;624
-864;144;432
-960;432;624
-960;432;480
-816;192;240
-864;288;720
-768;144;384
-816;480;432
-960;672;720
-672;384;624
-1008;240;384
-960;480;624
-912;384;336
-816;48;672
-1248;480;240
-1008;336;336
-1008;96;576
-816;384;528
-960;384;432
-720;336;480
-864;480;960
-768;288;624
-912;288;288
-864;240;384
-1008;288;768
-384;432;576
-1008;384;528
-864;336;672
-1008;480;384
-1008;336;528
-1056;240;576
-624;144;624
-864;432;480
-1008;480;480
-912;288;480
-816;144;768
-960;192;480
-960;240;288
-816;192;672
-816;576;816
-576;336;480
-864;480;192
-768;240;432
-768;384;384
-816;528;384
-1200;192;576
-1104;144;288
-912;144;288
-1056;96;384
-1104;-48;240
-912;240;336
-1056;432;288
-864;240;144
-912;48;144
-816;-48;192
-816;48;144
-1056;96;288
-816;192;48
-1056;432;144
-576;192;336
-720;432;0
-624;288;192
-816;240;240
-672;-48;240
-816;192;384
-816;-48;624
-384;-48;480
-816;192;0
-528;240;48
-528;0;336
-768;288;240
-672;432;528
-384;192;0
-864;-48;384
-672;48;192
-720;96;384
-576;144;384
-576;144;336
-528;336;336
-384;96;288
-720;384;240
-576;288;384
-816;192;384
-528;-96;96
-624;144;0
-528;288;0
-672;384;144
-720;288;144
-480;336;144
-768;144;48
-384;96;192
-432;240;0
-576;384;288
-432;288;192
-480;576;96
-528;480;144
-480;720;240
-432;624;96
-432;576;384
-96;672;192
-192;576;144
-144;720;48
-240;624;0
96;912;48
-144;864;-192
-96;624;144
-48;720;240
-48;912;192
-96;816;48
144;912;192
-48;768;240
-192;1056;-144
-144;672;144
-48;864;0
-192;528;336
144;720;384
-480;1008;192
-144;768;384
-288;432;432
-240;96;624
-480;480;480
-480;240;240
-432;384;240
-528;96;96
-624;528;144
-432;528;480
-576;384;192
-576;240;480
-336;144;528
-720;480;336
-576;480;240
-624;672;384
-864;288;432
-864;192;528
-864;480;576
-1200;432;432
-864;240;432
-768;240;576
-1104;96;384
-1152;288;672
-960;144;672
-1104;240;576
-672;336;768
-864;288;576
-720;432;576
-1248;624;624
-768;432;816
-768;768;768
-864;192;864
-816;432;912
-816;480;480
-1008;624;192
-816;480;960
-672;432;816
-624;672;960
-960;576;816
-912;528;864
-768;336;1008
-288;720;768
-864;672;816
-624;624;1056
-816;384;768
-672;576;864
-672;624;1056
-768;816;960
-816;816;768
-1200;960;864
-528;576;432
-672;528;576
-1008;576;960
-768;672;624
-1008;576;864
-1152;1056;768
-1008;576;912
-816;672;816
-1008;480;624
-960;480;864
-1056;624;816
-912;336;768
-1200;480;1152
-912;480;1056
-1200;576;768
-912;816;1152
-1104;912;672
-1056;768;672
-960;624;1008
-1344;816;816
-1200;912;1056
-960;768;816
-864;528;816
-1152;864;768
-864;816;1056
-960;1008;1008
-1056;912;720
-1248;672;768
-864;768;576
-1008;1440;1056
-1008;864;1104
-1008;1152;864
-1392;816;816
-912;480;864
-1056;864;624
-1008;768;864
-1200;864;624
-1008;768;960
-1344;1056;576
-912;960;768
-1152;912;864
-1104;672;768
-960;1008;720
-1104;816;1104
-1008;960;816
-1008;864;576
-1104;816;768
-1104;624;1152
-1152;816;816
-1008;576;816
-1296;528;672
-1008;768;720
-864;1056;624
-1056;624;768
-1152;960;768
-816;912;816
-1200;864;336
-1008;720;624
-1008;960;864
-912;768;768
-1056;720;1056
-864;960;624
-1344;816;528
-1008;672;768
-912;576;960
-1104;528;816
-864;720;768
-576;720;912
-960;912;960
-624;720;816
-1008;480;816
-1056;528;624
-960;672;480
-912;960;624
-480;960;720
-720;672;672
-576;672;528
-720;768;480
-912;528;720
-576;624;720
-816;864;864
-576;720;960
-624;576;768
-432;672;576
-576;240;576
-672;672;480
-624;672;1008
-624;624;768
-672;864;624
-624;384;576
-384;480;960
-528;720;576
-624;480;192
-240;576;384
-672;528;576
-240;528;768
-336;672;336
-432;768;816
-864;480;528
-816;432;672
-528;432;720
-624;576;912
-528;432;528
-336;672;576
-576;576;624
-624;768;576
-576;624;864
-672;528;672
-912;624;480
-816;480;576
-816;576;576
-624;480;576
-528;384;912
-720;480;528
-384;288;432
-576;480;1104
-720;336;720
-672;432;192
-432;336;672
-480;528;576
-432;624;960
-576;528;768
-816;528;816
-432;336;528
-528;672;912
-672;528;528
-480;288;576
-624;768;336
-624;672;528
-624;384;528
-672;384;768
-384;672;768
-432;480;576
-432;384;816
-432;288;960
-288;240;720
-384;720;672
-816;528;960
-432;576;624
-336;480;624
-864;528;576
-720;384;576
-192;672;624
-480;432;432
-576;480;288
-624;432;864
-720;384;528
-816;240;912
-816;576;672
-624;480;672
-384;624;768
-528;432;576
-720;384;864
-672;672;864
-528;480;624
-672;336;720
-720;288;912
-480;336;576
-384;384;816
-576;192;768
-768;384;576
-576;384;768
-576;336;480
-528;288;432
-912;288;624
-288;336;912
-864;528;912
-768;528;528
-576;288;816
-672;768;1152
-816;480;480
-624;288;768
-768;336;528
-720;240;288
-624;384;576
-384;384;816
-384;192;1008
-432;288;384
-672;384;912
-576;-48;576
-816;-48;624
-288;336;384
-528;384;672
-480;432;336
-240;240;432
-528;240;816
-336;480;1008
-480;480;912
-672;384;576
-624;336;912
-528;480;816
-816;336;480
-576;96;576
-528;96;1056
-528;144;576
-240;192;192
-768;384;1008
-480;240;816
-480;96;432
-672;240;576
-528;528;720
-576;384;720
-624;336;864
-624;48;624
-576;192;816
-336;288;816
-672;-48;720
-432;144;1008
-672;-48;432
-768;384;720
-432;96;768
-864;432;960
-672;192;576
-864;-48;768
-816;-48;480
-672;192;864
-912;144;576
-816;288;864
-912;-48;1008
-912;240;864
-576;-48;576
-528;144;720
-864;384;624
-768;288;528
-384;48;864
-576;336;1056
-480;96;960
-816;480;672
-384;96;576
-624;240;576
-672;240;768
-576;384;960
-720;288;624
-720;480;672
-576;96;576
-624;336;528
-528;432;1104
-576;672;864
-480;-48;768
-672;240;672
-480;240;720
-864;288;816
-384;240;528
-720;240;480
-816;480;768
-528;576;1008
-432;192;576
-336;192;624
-816;336;1008
-720;768;336
-816;528;864
-528;432;720
-624;288;576
-528;384;576
-672;432;720
-288;384;528
-816;480;816
-624;336;816
-432;144;528
-528;432;864
-672;384;576
-624;336;864
-624;192;624
-624;384;912
-528;480;960
-624;288;816
-576;720;768
-576;144;624
-672;480;768
-432;192;672
-192;384;816
-576;144;960
-720;384;384
-864;288;960
-672;336;720
-480;288;816
-624;336;1056
-720;288;1008
-384;384;1248
-768;432;960
-768;384;912
-720;480;624
-1008;-144;1056
-528;-48;1008
-480;192;960
-816;384;912
-720;192;1248
-624;528;624
-480;384;768
-576;720;816
-768;528;912
-528;240;1056
-528;480;672
-624;672;864
-720;528;912
-768;624;672
-720;336;816
-672;480;816
-624;864;768
-576;624;768
-384;960;720
-624;912;768
-336;1056;816
-864;672;576
-576;1008;480
-768;1056;816
-768;1008;240
-768;960;768
-624;1056;432
-720;960;624
-720;816;384
-624;864;336
-288;864;336
-528;864;384
-240;1008;528
-384;912;432
-336;720;288
-528;768;288
-912;960;144
-432;864;528
-384;912;720
-480;912;0
-336;672;576
-336;528;624
-480;720;144
-240;576;576
-384;672;336
-288;1104;240
-624;1248;960
-528;768;768
-672;624;480
-624;288;432
-672;528;384
-720;432;720
-864;672;816
-768;384;576
-672;-48;912
-624;576;288
-672;432;672
-528;48;912
-816;336;768
-912;384;672
-864;576;672
-432;576;528
-432;336;912
-528;336;912
-528;384;624
-528;336;912
-384;192;768
-384;288;432
-288;384;96
-336;240;480
-432;192;480
-144;336;720
-528;672;336
-192;0;864
-432;144;816
-48;384;384
-384;336;816
-144;480;672
-384;432;864
-144;720;432
-480;480;480
-240;768;432
48;288;1008
-240;432;576
48;768;528
-48;864;288
-48;720;240
48;1248;432
-48;576;288
-48;672;-144
240;960;144
-192;1152;-144
288;768;192
240;480;144
96;672;0
-48;768;384
336;768;336
-48;672;192
-48;384;480
144;384;576
240;720;192
384;336;432
96;624;528
-48;768;384
288;768;624
288;624;144
288;624;192
48;720;192
240;624;480
-96;624;288
192;480;192
0;528;480
-48;720;336
384;816;480
144;480;672
96;768;432
-48;768;480
-96;576;768
-48;672;672
48;336;576
-336;384;384
96;720;864
48;336;624
-48;480;336
-48;336;1008
-144;288;864
-144;288;336
-96;624;576
-48;528;432
-192;192;768
48;480;768
-48;192;624
-240;288;432
-144;192;576
144;384;624
-288;288;288
-240;144;528
-48;192;768
-288;384;480
144;528;816
-48;432;768
-240;-48;816
-240;384;672
-96;288;576
-48;384;432
96;528;384
-48;240;720
-48;480;480
-48;384;624
-48;384;288
-48;288;672
96;336;768
-48;480;192
-48;528;576
-96;816;384
144;432;432
96;336;576
-144;480;432
-48;720;288
-48;720;480
-192;480;432
-144;528;528
96;672;192
-432;1056;528
-240;384;432
-144;480;672
-96;432;336
-336;720;384
96;768;432
-240;384;576
-240;672;480
-288;288;672
-192;576;576
-240;528;480
-288;528;384
-336;576;240
-240;432;672
-432;336;528
-288;528;528
-528;816;384
-192;480;864
-288;144;432
-240;528;864
-336;288;528
-624;528;768
-240;528;528
-480;768;864
-528;576;672
-336;624;384
-384;624;1056
-336;768;912
-528;1056;720
-384;480;768
-384;576;576
-240;336;720
-672;672;624
-192;576;864
-96;432;768
-384;864;336
-192;624;672
-576;720;768
-144;672;672
-432;768;720
-192;624;816
-192;720;432
-192;624;816
-96;624;720
-144;624;816
-336;528;768
-384;672;624
-48;288;528
-48;432;1152
-336;768;720
-96;624;816
-336;672;960
-336;816;432
-48;672;768
-240;624;624
-144;480;768
-96;576;672
-288;720;672
-96;672;576
-240;768;768
-96;720;816
144;768;432
-96;624;720
-432;432;768
-480;480;768
-144;720;624
-240;720;672
-480;672;720
96;912;720
-96;768;960
-96;624;816
-192;624;864
-240;720;816
-240;864;720
-240;672;864
-288;672;768
-48;720;960
-240;720;432
-192;432;864
-288;576;768
-288;528;768
-240;528;720
-288;528;864
-288;384;624
-48;720;672
-816;336;720
-384;576;672
-480;720;864
-528;720;624
-336;624;528
-336;480;672
-240;336;672
-432;672;384
-624;672;768
-624;528;432
-384;240;864
-528;432;768
-672;384;288
-624;432;768
-576;480;528
-384;672;816
-816;192;528
-528;144;864
-528;384;1200
-816;576;912
-624;96;624
-1104;336;576
-528;384;960
-864;336;960
-672;336;1200
-672;240;912
-720;240;960
-672;192;432
-672;192;864
-912;144;864
-912;336;816
-1296;144;960
-480;432;720
-768;480;960
-672;288;912
-480;384;960
-864;384;912
-816;768;816
-288;192;720
-720;240;912
-816;480;1008
-624;336;1056
-768;288;768
-480;528;1008
-384;720;1056
-528;384;768
-240;432;1008
-384;480;480
-384;432;624
-624;480;768
-576;576;768
-384;144;624
-576;144;432
-480;720;1008
-480;480;1056
-480;144;864
-528;432;960
-288;528;1008
-528;384;912
-336;384;624
-240;480;768
-672;-96;864
-624;528;1008
-432;336;576
-384;384;816
-288;384;576
-912;336;864
-576;384;624
-576;480;1344
-672;192;768
-576;288;816
-480;432;768
-240;192;768
-576;576;912
-48;384;768
-192;384;1008
-432;624;912
-720;528;672
-288;384;672
-480;48;912
-288;480;864
-672;480;864
-192;384;768
-432;192;1104
-192;480;720
-192;432;864
-240;-96;768
-576;336;768
-624;528;864
-480;480;672
-528;288;528
-768;288;336
-432;96;816
-576;528;1104
-384;528;960
-672;576;768
-720;480;768
-288;624;672
-768;432;768
-528;384;672
-192;144;768
-672;576;960
-144;672;864
-672;672;1200
-720;288;1104
-624;528;768
-624;528;1008
-720;384;576
-576;336;528
-528;480;768
-432;336;768
-576;480;384
-432;336;1056
-576;288;576
-576;336;336
-624;624;816
-432;720;768
-576;672;912
-384;384;864
-480;480;576
-624;480;528
-528;384;768
-576;672;816
-768;528;1008
-384;528;624
-672;336;624
-624;336;816
-624;240;576
-288;432;624
-288;480;768
-384;576;720
-432;480;960
-624;480;672
-192;288;672
-336;336;768
-288;144;672
-288;480;912
-240;576;528
-240;576;768
-528;528;768
-720;336;624
-816;384;576
-384;672;672
-384;288;480
-480;912;528
-384;336;576
-480;672;864
-672;384;240
-480;528;624
-336;288;672
-384;432;1008
-672;480;672
-624;624;912
-480;480;480
-576;672;528
-432;480;480
-480;432;768
-528;528;864
-816;528;816
-576;672;768
-144;384;720
-384;384;768
-336;384;432
-528;576;624
-480;480;672
-816;720;576
-528;336;768
-384;624;576
-576;624;816
-720;528;480
-480;480;480
-672;480;816
-528;384;624
-768;192;816
-432;384;672
-624;192;624
-576;384;768
-288;576;1008
-816;768;624
-576;480;864
-384;432;864
-432;768;672
-480;528;768
-624;576;672
-480;432;816
-528;528;672
-576;288;480
-624;672;1056
-672;528;720
-480;624;912
-480;288;960
-912;528;336
-288;768;816
-432;432;672
-288;384;624
-528;672;1008
-528;864;816
-384;288;432
-480;528;624
-816;384;480
-432;528;768
-432;624;576
-528;240;672
-624;240;624
-720;576;768
-384;336;480
-288;576;480
-336;528;720
-432;480;768
-336;528;768
-288;528;768
-432;336;768
-480;480;576
-528;624;528
-336;288;864
-384;480;816
-432;624;576
-480;576;816
-288;672;432
-432;576;576
-528;528;624
-192;432;864
-192;672;816
-528;624;624
-96;624;672
-432;528;768
-192;672;336
-192;672;720
-384;768;768
-288;336;816
-240;672;576
-384;432;864
-432;1056;672
-384;624;720
-144;480;672
-96;528;864
-192;672;720
-144;336;1152
48;672;672
-48;816;816
-384;576;672
-432;816;720
-528;528;720
-48;576;768
-144;624;672
-384;624;576
-288;624;864
-336;864;576
-288;816;768
-336;960;624
-432;864;240
-144;768;624
-384;864;480
-288;816;1056
-240;672;816
-384;432;816
-432;960;960
-336;768;576
-48;768;816
-240;672;624
-624;624;720
-96;816;768
-384;576;576
-576;576;528
-432;672;672
-480;672;672
-672;816;624
-240;528;768
-528;528;432
-432;384;768
-576;720;528
-192;432;768
-528;624;864
-480;720;912
-432;720;960
-528;720;672
-768;528;624
-816;816;768
-528;480;864
-432;960;1104
-480;528;864
-432;960;720
-624;432;864
-480;624;720
-480;96;576
-384;720;768
-528;432;672
-288;864;576
-288;528;624
-384;672;480
-384;480;480
-816;672;768
-288;384;528
-432;576;240
-336;336;672
-528;480;912
-96;816;624
-144;672;816
-288;720;528
-432;576;432
-336;576;480
-432;336;816
-288;816;624
-336;576;624
-144;768;480
-624;720;480
-288;864;816
-384;1008;864
-336;480;624
-528;576;432
-720;576;480
-672;1008;672
-576;576;576
-528;528;480
-192;864;864
-336;864;384
-480;576;672
-192;528;864
-528;672;528
-624;528;768
-576;432;624
-528;528;576
-480;768;432
-624;480;960
-720;576;912
-288;672;576
-624;864;576
-672;720;960
-192;576;576
-336;624;912
-624;432;384
-480;672;672
-528;864;528
-384;912;672
-192;864;624
-384;768;480
-192;720;528
-384;624;672
-192;432;1056
-624;480;864
-432;480;576
-576;672;864
-192;624;960
-384;672;816
-144;720;624
-384;528;1008
-384;864;768
-288;480;576
-336;528;624
-336;336;672
-336;528;768
-432;480;768
-624;384;336
-480;672;576
-384;576;528
-240;720;720
-288;672;1008
-192;480;624
-288;864;624
-288;432;480
-384;672;576
-432;528;480
-192;432;768
-288;576;288
-240;288;528
-336;288;720
-240;576;528
-432;528;336
-528;528;432
-240;432;432
-432;624;912
-336;528;384
-480;-48;528
-384;528;816
-336;384;384
-336;768;672
-336;336;768
-192;384;624
-528;816;336
-240;576;288
-288;480;432
-432;432;384
-528;432;480
-384;240;672
48;480;288
-288;768;768
-432;144;672
-336;288;480
-384;384;0
-240;672;528
-96;192;720
-48;336;336
-528;672;576
-240;480;384
-288;432;672
-432;624;672
-240;672;432
-288;432;672
-240;480;576
-384;432;336
-240;528;192
-192;192;624
-96;336;672
-432;384;672
-624;480;816
-288;336;672
-240;576;528
-384;624;624
-288;432;288
-336;528;384
-192;720;624
-480;144;768
-432;528;576
-240;384;576
-672;336;336
-480;96;816
-144;480;768
-384;480;528
-288;528;528
-336;816;768
-288;528;432
-240;480;768
-480;480;768
-288;672;576
-528;576;528
-432;576;384
-576;528;624
-48;432;336
-480;288;768
-336;528;624
-336;576;384
-384;384;480
-144;576;432
-96;624;432
-96;528;768
-240;432;480
-528;336;768
-384;816;432
-288;480;624
-240;624;672
-288;720;528
-144;576;480
-48;528;576
96;384;480
-480;816;624
-144;864;480
-336;432;576
-432;576;528
-432;144;384
-96;384;672
-336;624;192
-576;576;624
-144;768;480
-288;528;624
-432;672;432
-576;480;336
-96;144;384
-144;864;768
-576;384;288
-384;528;624
-288;384;288
-384;480;576
-240;432;576
-384;912;624
-96;768;288
-48;576;960
-336;336;816
-192;288;480
-240;288;720
-144;528;624
-384;528;528
-384;576;720
-480;624;624
-336;288;816
-576;288;720
-480;624;816
-672;480;576
-288;720;384
-432;720;432
-432;288;912
-336;480;528
-240;576;480
-624;672;432
-432;528;576
-528;528;816
-384;624;864
-336;624;576
-288;480;912
-576;624;912
-48;576;624
-144;480;672
-624;672;672
-768;624;96
-480;576;720
-336;624;528
-624;672;624
-192;720;672
-192;816;576
-288;672;672
-432;720;720
-432;336;816
-336;720;672
-240;576;576
-576;240;384
-432;576;432
-480;624;624
-432;624;720
-576;384;576
-144;384;672
-432;624;672
-432;384;288
-288;528;432
-384;480;480
-672;384;480
0;720;1056
-528;672;912
-480;576;624
-336;720;384
-240;528;528
-336;336;480
-480;672;1008
-480;528;960
-672;624;576
-192;288;672
-432;672;576
-336;288;672
-384;432;816
-48;528;672
-384;672;432
-768;528;720
-144;528;672
-432;528;768
-288;432;336
-144;576;576
-480;624;864
-432;576;864
-576;672;672
-672;768;816
-384;528;576
-336;672;576
-576;288;768
-192;432;720
-192;528;624
-432;672;528
-240;480;576
-96;528;864
-288;432;960
-624;624;672
-288;864;816
-192;720;336
-288;672;576
-336;720;624
-144;672;528
-432;528;864
-144;480;432
-480;336;576
-240;480;624
-288;672;768
-144;576;720
-576;720;768
-432;672;336
-576;576;528
-432;720;576
-240;480;624
-48;528;816
-48;96;672
0;624;528
-240;528;672
-384;624;1008
-480;768;768
-576;624;624
-288;528;672
-336;480;672
-432;336;576
-192;336;864
-288;432;864
-432;336;768
-432;240;576
-384;336;720
-480;816;672
-336;720;864
-480;384;480
-528;432;672
48;576;768
-336;672;240
-432;432;528
-336;528;768
-144;672;528
-384;768;624
-480;480;720
-528;480;576
-528;864;480
-144;480;624
-288;720;768
-336;432;816
-480;528;576
-288;432;624
-288;816;576
-288;576;528
-528;720;768
-432;480;240
-384;528;576
-96;528;432
-192;528;624
-336;528;624
-192;432;672
-480;528;288
-192;528;960
-528;528;624
-384;336;624
-240;384;816
-192;384;336
-432;144;624
-144;432;624
-336;672;576
-432;336;624
-240;576;576
-432;768;768
-96;384;576
-384;576;384
-192;432;336
-576;336;480
-432;816;672
-96;576;576
-144;624;624
-384;720;624
-48;672;576
-384;528;672
-336;672;528
-384;576;864
-96;816;576
-336;624;864
-240;768;480
-576;576;624
-480;192;576
-240;384;624
-480;624;336
-384;528;336
-288;720;576
-384;672;528
-336;576;576
-240;432;528
-96;480;240
-336;528;816
-192;576;528
-336;336;864
-672;576;624
-384;624;768
-336;816;384
-288;384;432
-576;720;432
-336;768;576
-144;672;192
-336;528;1056
-480;624;720
-336;480;768
-480;480;480
-384;384;432
-288;432;720
-384;672;672
-432;288;816
-624;528;912
-576;528;384
-384;432;672
-48;720;432
-576;720;768
-432;624;720
-48;672;816
-384;624;576
-432;720;336
-384;768;336
-288;816;384
-432;528;480
-288;336;768
-432;576;432
-288;528;864
-384;480;960
-528;720;432
-384;288;576
-624;576;672
-288;336;768
-288;912;672
-336;624;768
-192;768;624
-240;816;288
-528;480;576
-336;480;336
-480;720;480
-48;672;864
-336;528;672
-480;576;576
-336;576;816
-384;528;528
-432;480;480
-576;576;240
-624;672;816
-384;192;528
-240;432;336
-384;672;672
-624;240;768
-384;720;672
-144;624;432
-336;384;528
-384;288;576
-144;576;528
-240;528;576
-528;576;768
-528;384;960
-528;480;672
-384;480;384
-576;480;768
-384;816;480
-576;528;672
-288;528;672
-48;624;480
-336;480;336
-624;576;720
-576;384;816
-720;960;960
-288;384;672
-384;192;624
-336;816;384
-240;336;720
-336;720;576
-336;576;768
-192;720;672
-288;384;816
-336;960;576
-288;528;672
-336;432;720
-240;384;768
-432;384;624
-240;576;528
-192;720;528
-288;240;288
-864;672;528
-432;672;720
-624;768;768
-288;480;768
-432;624;720
-720;480;240
-672;576;720
-192;624;336
-240;576;384
-528;864;672
-432;816;288
-240;720;1056
-240;432;480
-336;768;672
-240;528;240
-624;480;288
-288;432;576
-240;480;528
-624;432;384
-48;672;336
-144;432;432
-432;816;624
-384;528;480
-144;912;624
-384;576;576
-672;720;576
-480;480;576
-384;576;672
-384;672;816
-384;672;384
-288;576;624
-240;768;480
-336;480;576
-384;624;432
-384;288;672
-192;576;672
-288;672;336
-192;720;768
-624;576;432
-288;528;528
-576;480;672
-528;576;672
-240;576;864
-384;432;576
-288;528;1056
-480;336;864
-336;432;1008
-624;528;576
-48;528;912
-288;480;720
0;480;480
240;720;528
-192;384;432
-336;480;864
-192;432;864
-336;384;864
-432;576;528
-336;912;864
-384;576;336
-672;576;528
-480;336;384
-192;768;720
-672;288;624
-288;528;1056
-384;528;624
-240;432;576
-528;480;576
-336;528;672
-240;576;576
-528;672;528
-384;480;624
-432;432;624
-528;672;672
-576;672;480
-384;672;768
-432;576;720
-336;384;960
-384;864;768
-288;720;912
-240;624;576
-432;528;576
-576;624;384
-432;576;768
-528;672;576
-480;144;576
-96;528;576
-480;336;576
-480;864;624
-432;480;720
-240;528;480
-144;576;816
-528;480;336
-480;528;912
-288;528;432
-432;384;768
-432;624;384
-432;528;672
-528;528;336
-624;768;480
-432;432;576
-384;336;720
-288;528;912
-96;624;528
-480;768;576
-240;672;768
-192;720;864
-336;432;480
-576;432;480
-144;576;480
0;384;576
-384;528;528
-192;288;480
-240;672;288
-432;720;624
-336;720;768
-384;480;672
-240;480;720
-528;480;624
-288;672;864
-336;384;624
-432;384;528
-384;480;672
-96;672;432
-288;672;624
-432;432;624
-480;336;624
-672;624;624
-624;576;576
-480;528;480
-240;672;528
-336;336;816
-288;192;432
-528;528;768
-432;720;720
-240;960;768
-480;528;768
-480;432;432
-288;672;816
-240;816;336
-576;384;720
-480;480;768
-192;144;480
-384;720;528
-528;528;864
-528;672;768
-432;672;768
-240;912;624
-432;720;384
-672;768;96
-624;624;816
-528;672;240
-528;480;768
-960;480;672
-480;288;1152
-288;768;768
-288;432;624
-528;672;528
-336;672;480
-96;672;768
-48;672;480
-432;528;624
-672;672;624
-336;528;816
-432;384;624
-288;432;480
-288;624;816
-192;528;576
-240;528;336
-432;624;1152
-192;384;912
-240;288;384
-432;672;576
-576;528;768
-240;480;672
-288;624;672
-288;576;672
-240;240;624
-480;912;624
-432;624;624
-528;384;768
-384;576;864
-192;624;720
-240;720;672
-432;576;576
-480;576;624
-576;720;576
-288;384;720
-336;576;720
-480;336;720
-480;672;960
-384;480;864
-288;528;576
-432;576;480
-288;576;480
-432;768;624
-624;576;768
-384;384;720
-192;624;1152
-624;576;672
-432;336;432
-384;240;432
-384;336;672
-432;384;624
-528;672;768
-624;480;576
-528;624;816
-240;528;432
-240;384;720
-336;432;624
-288;624;528
-528;768;384
-336;288;480
-288;240;768
-624;480;432
-432;576;768
-528;816;624
-624;672;960
-288;720;624
-624;432;672
-240;576;288
-144;384;1008
-288;768;912
-336;480;528
-384;624;480
-288;912;480
-288;672;720
-432;576;960
-480;384;672
-432;432;432
-144;432;528
-432;384;960
-672;480;768
-384;624;384
-624;528;576
-96;576;480
-480;528;432
-288;720;624
-336;432;720
-480;528;672
-288;480;624
-336;672;528
-288;768;288
-336;528;624
-96;384;576
-528;432;288
-480;624;576
-528;528;768
-480;864;624
-480;576;336
-240;528;432
-384;672;576
-384;624;384
-384;720;720
-288;384;960
-288;576;672
-432;576;432
-384;192;720
-576;432;336
-528;432;384
-192;144;336
-240;336;576
-576;480;720
-384;432;720
-240;336;576
-480;336;240
-336;576;432
-480;672;960
-432;624;336
-288;288;720
-48;576;768
-432;432;432
-240;528;720
-192;768;720
-384;384;432
-48;672;576
-384;432;480
-336;336;672
-192;624;768
-288;576;768
-480;480;576
-288;624;336
-432;720;480
-288;672;624
-288;672;624
-240;576;864
-336;384;528
-432;528;816
-288;240;912
-192;336;768
-240;432;288
-288;528;624
-384;624;768
-432;528;576
-336;576;672
-336;624;864
-480;672;864
-288;384;480
-384;768;576
-288;528;576
-384;336;672
-240;240;624
-576;480;864
-240;816;624
-480;672;432
-336;624;576
-336;624;720
-288;528;624
-240;720;240
-480;672;624
-192;480;672
-528;480;528
-480;624;672
-384;768;432
-336;480;192
-336;576;864
-240;288;720
-288;624;768
-384;384;816
-528;672;528
-96;768;672
-288;480;672
-432;720;720
-576;624;336
-192;432;624
-288;480;912
-432;384;288
-192;384;528
-336;480;672
-480;576;528
-480;624;336
-384;624;432
-288;528;816
-288;768;720
-240;480;768
-624;672;384
-672;288;624
-240;672;384
-432;288;768
-384;528;768
-384;624;816
-240;576;672
-432;720;912
-336;144;816
-528;480;384
-240;480;768
-240;480;768
-528;384;672
-576;384;768
-192;288;864
-288;672;480
-336;624;384
-336;576;576
-624;288;1104
-432;624;288
-288;576;576
-240;576;576
-480;672;672
-336;672;864
-240;336;864
-144;528;624
-288;336;960
-432;432;528
-336;432;480
-432;576;480
-720;624;336
-144;336;864
-528;384;576
-528;528;768
-480;336;720
-144;432;816
-432;528;336
-432;336;576
-240;672;288
-432;576;624
-480;528;624
-432;528;576
-432;192;672
-432;768;912
-624;384;816
-528;480;576
-384;576;336
-576;720;384
-144;576;432
-240;288;768
-96;432;480
-672;912;624
-384;480;912
-336;672;720
-384;816;768
-144;384;672
-384;528;816
-336;432;384
-240;384;624
-96;528;768
-336;576;912
-288;576;576
-336;528;1056
-336;768;720
-336;432;624
-288;672;720
-576;336;864
-288;720;768
-528;624;768
-240;336;816
-480;528;864
-144;288;720
-192;672;384
-336;432;576
-48;528;528
-336;480;432
-192;816;624
-96;528;624
-432;816;576
-432;672;768
-240;240;384
0;672;384
-240;336;720
-672;528;720
-192;528;768
-432;384;576
-192;480;480
-144;528;624
-480;528;576
-288;768;576
-384;576;672
-336;432;576
-672;528;576
-384;624;816
-240;480;576
-528;672;912
-192;384;576
-384;528;672
-432;672;384
-576;672;816
-288;720;384
-240;336;432
-336;432;672
-192;624;576
-432;336;432
-432;528;768
-336;528;480
-384;672;768
-480;480;912
-480;288;816
-192;624;528
-144;528;672
-288;864;576
-624;384;528
-528;960;720
-96;768;720
-288;624;768
-384;720;864
-432;720;384
-480;528;432
-192;432;960
-528;720;672
-432;624;528
-336;720;672
-384;624;960
-144;432;672
-432;528;864
-144;480;672
-288;528;480
-528;624;864
-624;672;672
-576;624;768
-528;864;768
-336;480;528
-624;672;432
-336;624;576
-288;528;672
-48;192;576
-192;528;912
-624;480;768
-528;624;672
-336;720;480
-192;480;576
-336;864;816
-240;576;576
-288;672;624
-288;480;768
-336;672;576
-240;384;576
-288;672;576
-480;576;384
-144;240;768
-240;432;912
-144;528;816
-96;624;624
-288;432;672
-48;768;432
-144;480;720
-240;480;768
-192;672;768
-1008;480;624
-480;576;672
-432;720;576
-384;480;240
-288;624;576
-288;480;768
-336;912;432
-624;336;624
-528;672;816
-288;576;480
-528;432;864
-240;432;672
-96;576;480
-288;672;576
-288;528;720
-528;384;672
-528;576;432
-624;528;768
-336;576;288
-336;528;816
-96;384;1056
-336;336;624
-528;624;432
-144;-48;912
-432;240;912
-624;576;576
-192;672;480
-432;480;432
-384;624;768
-576;576;432
-240;528;624
-624;432;672
-288;672;672
-384;480;720
-240;528;768
-288;528;432
-528;528;864
-144;528;816
-432;528;816
-624;528;624
-240;576;576
-336;336;336
-384;768;672
-384;624;768
-144;240;768
-384;576;768
-48;672;672
-288;480;1008
-192;432;576
-288;528;480
-288;336;720
-480;432;720
-96;480;576
-480;576;768
-288;720;816
-336;432;576
-384;480;912
0;288;288
-384;336;576
-144;480;576
-288;192;336
-144;384;624
-240;384;768
-288;624;720
-192;288;528
-528;288;912
-240;480;768
-240;432;672
-240;240;768
-192;288;864
-48;288;960
48;336;960
288;96;864
-48;192;864
-288;432;1008
48;-96;1008
192;288;960
-96;-48;912
288;-48;576
96;-48;1008
-48;-96;672
192;-384;816
96;-288;960
192;-336;1008
528;-288;720
384;-240;1056
192;-336;816
288;-144;816
480;-192;864
384;-96;1152
480;-288;864
960;-624;1152
384;-384;1776
336;-480;1776
384;-816;2352
576;-576;1776
288;-576;1344
384;-1296;2544
480;-864;1872
144;-864;2256
288;-816;2448
288;-480;2496
96;-960;1920
288;-768;1680
-48;-384;1584
48;-720;1968
-192;-864;1824
-48;-624;1680
-48;-768;1536
-144;-768;1632
-192;-720;1536
-384;-576;1536
-96;-960;2016
-96;-864;1584
-240;-624;1248
-576;-768;1584
-672;-960;1824
-480;-720;1776
-672;-816;1680
-672;-864;1440
-528;-1104;1968
-528;-720;1104
-720;-1008;1200
-816;-576;1776
-864;-1152;1248
-672;-1104;1824
-720;-1056;1680
-576;-1200;1776
-720;-1200;1680
-912;-1152;1536
-528;-1296;1728
-528;-1008;1584
-624;-1296;1200
-816;-1248;1200
-624;-1056;1728
-432;-864;1584
-624;-864;1728
-672;-1392;1440
-624;-1152;1344
-672;-1104;1536
-528;-1056;1632
-960;-960;1296
-384;-864;1104
-720;-1104;1536
-768;-864;1680
-816;-1200;1824
-912;-1200;1632
-1056;-960;1536
-960;-768;1728
-864;-1152;1632
-1008;-1392;1680
-1104;-1104;1680
-1200;-1056;1776
-1200;-1200;1536
-1008;-1056;1392
-1392;-1056;1632
-1152;-1296;1536
-1200;-1200;1584
-1296;-1152;1824
-1152;-1296;1536
-1632;-1248;1728
-1584;-1296;1680
-1344;-1248;1824
-1296;-1056;1728
-1584;-1008;1632
-1680;-1104;1680
-1728;-1152;1728
-1920;-1344;1824
-1536;-1392;1728
-1584;-1152;1728
-1872;-864;1680
-1920;-1632;1584
-2064;-1008;1728
-2256;-1344;1536
-1872;-1200;1872
-2208;-1632;1632
-2256;-1680;1584
-1920;-1440;1392
-2160;-1296;1392
-2352;-1584;1728
-2064;-1776;1680
-2544;-1584;1680
-2544;-1824;1536
-2400;-1728;1296
-2592;-1776;1824
-2544;-2112;1344
-2400;-1776;1536
-2592;-1680;1248
-2544;-1824;1488
-2256;-1584;1056
-2352;-1776;1248
-2640;-1872;1104
-2688;-1776;1536
-2736;-2112;1536
-2496;-1776;1056
-2688;-1872;1632
-2592;-1968;1200
-2592;-2160;1344
-2784;-1776;1536
-2736;-1728;1104
-2784;-2112;1152
-2736;-2400;1296
-2688;-2208;1248
-2784;-1968;1104
-2736;-2016;1056
-2688;-2160;1104
-2880;-2160;960
-2640;-1968;1344
-2688;-2160;1008
-2688;-2160;1584
-3024;-1824;1536
-2592;-2016;1008
-2784;-1824;960
-2784;-1824;1104
-2544;-2112;1056
-2928;-2016;1248
-2592;-2160;1248
-2784;-2208;1056
-2976;-2304;1152
-2784;-1920;1008
-2544;-2256;1008
-2784;-1824;912
-2736;-2208;1536
-2544;-2016;1104
-2592;-2208;1200
-2928;-2160;1056
-2496;-1968;816
-2592;-2112;1152
-2880;-2208;1152
-2736;-2112;1008
-2976;-2064;1248
-2544;-2304;1152
-2880;-2304;864
-2352;-2208;816
-3168;-2160;672
-2736;-2352;816
-2736;-2208;1056
-2736;-2256;576
-2592;-2304;1104
-2496;-2304;1008
-2688;-2160;960
-2688;-2352;768
-2544;-2544;816
-2496;-2736;720
-2736;-2160;1152
-2640;-2160;816
-2544;-2160;960
-2496;-2400;768
-2544;-2592;1152
-2544;-2112;672
-2784;-2496;624
-2592;-2544;864
-2688;-2256;624
-2544;-2352;576
-2448;-2544;720
-2400;-2352;480
-2928;-2400;672
-2400;-2688;240
-2736;-2544;528
-2352;-2208;432
-2592;-2352;480
-2496;-2448;240
-2544;-2256;624
-2640;-2208;336
-2352;-2544;288
-2496;-2400;480
-2592;-2208;336
-2592;-2448;384
-2496;-2400;336
-2160;-2304;384
-2160;-1920;-144
-2352;-2400;192
-2352;-2208;96
-2256;-2352;48
-2064;-2064;0
-2160;-2160;240
-1920;-2064;480
-2160;-2352;336
-1920;-2208;336
-1968;-2352;240
-2160;-1968;480
-2016;-2160;-96
-2256;-2064;240
-2160;-2208;384
-1824;-2160;144
-2160;-2112;288
-2064;-2256;528
-1776;-2112;336
-1968;-1824;240
-2016;-1920;480
-1872;-2016;240
-2016;-2160;192
-1680;-2256;528
-1584;-1968;48
-1872;-2304;624
-1680;-2112;240
-1392;-2016;384
-1584;-2064;768
-1776;-1968;528
-1632;-1920;528
-1584;-1968;528
-1584;-2112;576
-1584;-2064;576
-1248;-2064;480
-1584;-2256;576
-1344;-2256;432
-1584;-2256;480
-1536;-2208;528
-1104;-1920;240
-1776;-2112;144
-1632;-2352;336
-1584;-2208;0
-1056;-2304;432
-1296;-2112;0
-1248;-2208;288
-1584;-1920;144
-1344;-2160;0
-1344;-2112;192
-1200;-2112;0
-1296;-2016;96
-1392;-2208;-336
-1440;-1824;0
-1392;-2112;48
-1392;-1968;0
-1584;-2064;-48
-1056;-2064;-432
-1056;-1872;0
-1200;-2016;-240
-1008;-1728;-336
-960;-1584;48
-1200;-1824;0
-1104;-2112;0
-1008;-1584;0
-1200;-1488;0
-1008;-1680;0
-960;-1584;0
-768;-1680;96
-912;-1584;96
-768;-1536;48
-960;-1680;384
-1056;-1488;192
-816;-960;192
-912;-1296;336
-720;-1392;96
-912;-1776;336
-768;-1632;576
-960;-1344;144
-1248;-1200;384
-624;-1488;768
-1200;-1200;576
-816;-1584;816
-1104;-1392;240
-1200;-1392;768
-672;-1440;144
-864;-1440;192
-1104;-1152;528
-1152;-1248;0
-816;-1248;288
-1152;-1248;192
-1152;-1296;144
-1008;-1440;240
-816;-1344;336
-960;-1584;528
-912;-1200;0
-1248;-1584;480
-1008;-1344;-144
-912;-1488;48
-624;-1104;0
-960;-1248;48
-1056;-1344;192
-960;-1440;240
-816;-1104;240
-864;-1152;432
-1008;-1104;528
-864;-864;48
-1104;-1344;192
-1056;-1248;576
-864;-1296;336
-864;-1440;192
-864;-1152;528
-960;-816;528
-864;-816;720
-912;-1200;672
-576;-1056;816
-864;-1056;432
-768;-1296;720
-864;-960;432
-672;-1200;432
-528;-1584;816
-864;-1104;720
-672;-1392;864
-864;-1152;624
-720;-1008;816
-576;-1152;1008
-672;-1296;864
-1056;-1248;672
-864;-1296;624
-816;-1056;768
-288;-1248;768
-576;-912;816
-912;-1152;912
-528;-1008;528
-960;-1056;528
-816;-1008;576
-528;-912;768
-672;-816;480
-816;-1392;480
-1056;-1152;336
-1056;-912;720
-1008;-816;288
-816;-1056;432
-960;-1200;480
-1008;-1008;336
-1584;-1008;576
-1104;-1248;288
-816;-1200;624
-1296;-1104;384
-1200;-1296;336
-1104;-1104;240
-1296;-1344;432
-864;-1200;384
-1584;-1296;336
-960;-1488;528
-1392;-1152;576
-768;-1248;192
-1248;-1344;432
-1200;-1056;336
-1152;-1152;768
-1296;-1056;384
-1200;-912;576
-1248;-912;672
-1344;-1296;288
-1248;-816;432
-1392;-912;336
-1008;-864;576
-1584;-864;816
-1056;-1056;624
-1248;-816;960
-1248;-864;720
-1392;-624;720
-1584;-576;768
-1872;-864;1008
-1776;-768;1008
-1584;-720;432
-1872;-576;576
-2064;-384;720
-2112;-480;672
-2256;-336;576
-2496;-816;528
-2736;-480;192
-2592;-768;288
-2688;-1008;-144
-2688;-1056;-288
-3168;-1056;-480
-3024;-1104;-768
-3408;-1344;-864
-3504;-864;-1392
-3456;-1152;-1824
-3408;-1008;-2064
-3696;-768;-2400
-3840;-1248;-2784
-3936;-1056;-2880
-3936;-1248;-3120
-4080;-1296;-3264
-4080;-1632;-3600
-4080;-1584;-3888
-4128;-1392;-3456
-4176;-1344;-3936
-4368;-1296;-3648
-4272;-1872;-3600
-4176;-1968;-3600
-4272;-1584;-3552
-3984;-1680;-3168
-3984;-1584;-3264
-3552;-1056;-3024
-3696;-960;-2832
-3552;-816;-2496
-3120;-336;-2304
-2976;-768;-2112
-3072;-384;-1536
-2496;-432;-1536
-2544;-48;-1152
-2496;-48;-1200
-2160;480;-1248
-2496;-48;-960
-2448;432;-576
-1920;432;-432
-1920;576;0
-1824;624;-432
-1728;528;-240
-1872;672;0
-1824;960;-288
-1632;1008;-384
-1728;912;-240
-1296;912;-384
-1344;1056;-288
-1248;1104;-624
-1248;1104;-528
-960;1152;-768
-816;1104;-576
-960;1056;-912
-1056;1152;-576
-864;1056;-624
-1200;912;-480
-960;864;-576
-816;912;-720
-1152;960;-768
-864;1104;-576
-864;1008;-384
-816;816;-240
-912;720;-624
-912;1056;-288
-1008;768;-336
-1200;672;0
-1248;720;48
-1104;384;96
-1152;384;480
-1440;240;576
-1584;192;576
-1392;-96;672
-1392;-48;672
-1536;144;1008
-1104;-48;1104
-912;-144;1296
-1200;-432;1104
-1200;-288;1056
-1056;-192;1296
-912;-528;1104
-720;-240;1296
-480;-240;1536
-624;-336;1104
-816;-576;1536
-336;-240;1680
-480;-96;1776
-240;-576;1968
-336;-528;1824
-480;-432;2016
-96;-528;1920
-48;-672;1920
288;-816;1728
96;-816;2112
48;-768;1920
192;-720;2304
576;-1152;1728
624;-960;2160
528;-960;2400
960;-1200;2112
528;-1296;2016
864;-960;1920
1104;-1104;1872
1200;-1008;1872
1440;-1344;1776
1200;-1248;1536
1344;-1248;1344
1344;-1344;1248
1632;-1152;1104
1440;-1056;1536
1248;-1104;960
1296;-1200;816
1248;-1152;432
1440;-1344;912
1440;-960;432
1440;-1584;336
1296;-1248;480
1344;-1248;528
1056;-1296;192
864;-1296;336
1056;-1392;528
1008;-1344;192
912;-1584;192
720;-1296;192
624;-1200;144
864;-1488;432
720;-1344;288
912;-1152;432
720;-1344;144
576;-1344;336
816;-1056;240
672;-1152;480
528;-1248;384
384;-1248;672
576;-1392;288
432;-1152;240
192;-1200;192
240;-1152;384
-144;-1584;528
144;-1056;240
-48;-1152;336
192;-1248;336
-240;-1104;240
-192;-912;576
-48;-1056;192
-288;-1584;480
-144;-1008;528
-240;-1584;192
-528;-1344;480
-336;-1344;528
-192;-912;528
-96;-1152;-96
-720;-816;576
-576;-1152;240
-624;-864;192
-816;-912;480
-864;-1104;288
-864;-864;0
-672;-912;144
-672;-816;336
-1104;-1008;0
-912;-1248;96
-1104;-864;240
-1152;-864;240
-1248;-1248;336
-1248;-1104;144
-1536;-1104;528
-1392;-1104;144
-1728;-1152;-192
-1680;-624;-288
-1776;-864;0
-1872;-720;0
-1920;-1104;192
-1776;-816;-192
-1824;-1056;0
-2160;-624;0
-1872;-528;240
-1776;-816;192
-2016;-240;240
-1920;-480;96
-2304;-912;288
-2016;-912;192
-1968;-672;48
-1584;-1008;0
-1824;-864;0
-2112;-816;192
-2256;-912;192
-2064;-1152;-192
-2160;-1344;-480
-2208;-1440;0
-2784;-1680;192
-2784;-1536;-432
-2928;-1968;0
-3312;-2160;-240
-3120;-2352;-288
-3600;-2640;48
-3888;-2832;48
-3744;-2688;-336
-3936;-2928;48
-4320;-3312;0
-4368;-3360;0
-4416;-3696;144
-4656;-4080;-144
-5040;-4176;192
-5088;-4320;0
-5472;-4656;288
-5616;-5040;192
-5808;-5472;624
-5808;-5712;288
-6096;-5808;432
-5808;-5856;144
-5952;-6144;240
-6240;-6864;192
-6528;-7008;0
-6768;-7152;96
-6624;-7296;192
-6480;-7920;576
-6192;-8640;96
-6048;-8976;48
-6096;-9648;288
-5424;-10272;240
-5040;-10992;-48
-4704;-12000;-432
-4128;-13200;0
-3120;-14400;0
-1872;-15936;240
-768;-17376;672
288;-19200;624
1488;-20448;48
2496;-21792;768
3216;-23280;1536
3936;-24144;1344
4464;-25104;576
4992;-25824;624
5520;-26592;432
5952;-27024;192
6048;-27696;0
6432;-28608;-480
7056;-29376;-576
7344;-30624;-1248
8256;-32352;-1392
9024;-32768;-1680
10224;-32768;-1200
12000;-32768;-1296
13968;-32768;-816
17040;-32768;-432
20976;-32768;-432
26112;-32768;-1152
32448;-32768;144
32767;-32768;-1632
32767;-32768;-2832
32767;-32768;-2688
32767;-32768;-3984
32767;-32768;-3456
32767;-32768;-4272
13632;-14016;-8832
-6048;-5568;-4608
-7008;-5088;-9552
-8928;-6528;13536
-10560;-6624;-14400
-7824;-5712;-1248
-7728;-6720;-6240
-7440;-5808;6864
-8784;-6384;-14112
-7200;-5424;-1008
-8256;-6144;-2880
-8064;-5712;2688
-7968;-5424;-12528
-7728;-5088;-1392
-8304;-5184;-3600
-7584;-5376;-624
-7968;-5040;-9888
-7728;-5088;-624
-7776;-5232;-3024
-8016;-5424;-4560
-8496;-5184;-10464
-8016;-5424;-3168
-8592;-5616;-4464
-7872;-5280;-6384
-8304;-5376;-9408
-7920;-5232;-2208
-8352;-5664;-4896
-8112;-5616;-7872
-7920;-5760;-7056
-7728;-5712;-1536
-7968;-5904;-5712
-7776;-5760;-7680
-8064;-5520;-4608
-7344;-5424;-2352
-7728;-5424;-5328
-7536;-5424;-6000
-7824;-5520;-2688
-7200;-5856;-3312
-7728;-5088;-5568
-7776;-5232;-6720
-7776;-5040;-5040
-7776;-5232;-5280
-7440;-4848;-7584
-7728;-4944;-7488
-7584;-4800;-5088
-8016;-5280;-7872
-8304;-5088;-8640
-8160;-5376;-8016
-7872;-5328;-4848
-7920;-5280;-6576
-7872;-5280;-7344
-7536;-5616;-7632
-7920;-5328;-5280
-7776;-5520;-7776
-7776;-5664;-7632
-7920;-5568;-6192
-7728;-5520;-4944
-7776;-5520;-7920
-7776;-5424;-8256
-7728;-5520;-5952
-7248;-5376;-6240
-7584;-5568;-7008
-7008;-5424;-4944
-7392;-5568;-4080
-7440;-5568;-4800
-7728;-5232;-6192
-7488;-5040;-5616
-7296;-4848;-6288
-7728;-4656;-7248
-7728;-4992;-7776
-7200;-4944;-8016
-7392;-5232;-7200
-7776;-4944;-8976
-7536;-5136;-9120
-7920;-4896;-9408
-7728;-5232;-8208
-7728;-4944;-7104
-7728;-5328;-9312
-7440;-4848;-9072
-7776;-5280;-8016
-7632;-5184;-8160
-7728;-5472;-9264
-7728;-5088;-6912
-7824;-5376;-7392
-7728;-5280;-8064
-8208;-5568;-9408
-7728;-5376;-6960
-7344;-5184;-7872
-7344;-5328;-7632
-7200;-4800;-6960
-7296;-5280;-4416
-7200;-5184;-7152
-7200;-4992;-7392
-7776;-4896;-7968
-7440;-4704;-6432
-7680;-4464;-9504
-7056;-4992;-7680
-7008;-4752;-8016
-6960;-4848;-8688
-7152;-4752;-10320
-7776;-4704;-9600
-7728;-4944;-9600
-7392;-4800;-9360
-7728;-4944;-7824
-7344;-4848;-8208
-7728;-5184;-9360
-7920;-5136;-9216
-8016;-5520;-8160
-7728;-5232;-8064
-7872;-5712;-7872
-7824;-5328;-8352
-7728;-5376;-7536
-7296;-4992;-7680
-7008;-4992;-7872
-7056;-5040;-7536
-6912;-4800;-6576
-7248;-5136;-7008
-6864;-4896;-6384
-7008;-5328;-6288
-6816;-5040;-6000
-6960;-4656;-6912
-6624;-4896;-6960
-6816;-4464;-7584
-6960;-4848;-6912
-6768;-4656;-8112
-6384;-4656;-7488
-7056;-4800;-8784
-7296;-4704;-7824
-7200;-4656;-8784
-7104;-4752;-9408
-7104;-4752;-8016
-7056;-4704;-7536
-7344;-4704;-7200
-7152;-4752;-8400
-7344;-5088;-7680
-7008;-5328;-6864
-7200;-4944;-7200
-7536;-4896;-7440
-6864;-4656;-6624
-7488;-4992;-6960
-7008;-4944;-6240
-6864;-4944;-7296
-6816;-4752;-5952
-6864;-4992;-6432
-6768;-4944;-5568
-6624;-4704;-6096
-6432;-4752;-4656
-6480;-4704;-5136
-7008;-4320;-5904
-6576;-4416;-6048
-6672;-4656;-5184
-6240;-4320;-5520
-6288;-4320;-7104
-6480;-4224;-6960
-6480;-5040;-7056
-6864;-4656;-7440
-7008;-4704;-8208
-6576;-4656;-7680
-7056;-4512;-6432
-7056;-4176;-5760
-6768;-4272;-6864
-6576;-4656;-5184
-6816;-4848;-5568
-7056;-5136;-4608
-7152;-5040;-5856
-6816;-4704;-4848
-6720;-4656;-5904
-7296;-4752;-4992
-6624;-4800;-5232
-6912;-4704;-4464
-6624;-4800;-6000
-6432;-4704;-5232
-6288;-4560;-4608
-6384;-4656;-3408
-6432;-4656;-4320
-6432;-4224;-4224
-6048;-4848;-3648
-6384;-4512;-2832
-6576;-4320;-4800
-6384;-4272;-4272
-6192;-4128;-4368
-6288;-4368;-3648
-6384;-4368;-4752
-6384;-4272;-4368
-6384;-4656;-4800
-6624;-4320;-4656
-6672;-4656;-5760
-6720;-4320;-5040
-6624;-4656;-4608
-6192;-4368;-3936
-6576;-4416;-5136
-6384;-4320;-3936
-6816;-4704;-3456
-6576;-4656;-4368
-6528;-4656;-4896
-6432;-4896;-3456
-6528;-4416;-3360
-6528;-4560;-4080
-6720;-4368;-4224
-6528;-4464;-2736
-6528;-4608;-3936
-6336;-4320;-3888
-6288;-4464;-3456
-6288;-4416;-2064
-6432;-4224;-4224
-6336;-4512;-4176
-6096;-4368;-4080
-6288;-4128;-3936
-5904;-4320;-5328
-6048;-4416;-5088
-6336;-4368;-3984
-6288;-4272;-3744
-6000;-4560;-5376
-6576;-4656;-5280
-6288;-3984;-4368
-6336;-4080;-4560
-6336;-4128;-6288
-6288;-4032;-5328
-6432;-4128;-3888
-6672;-4032;-4416
-6384;-4224;-5040
-6336;-4320;-4608
-6528;-4656;-4128
-6624;-4320;-4800
-6480;-4416;-4848
-6576;-4416;-4032
-6240;-4320;-3840
-6528;-4656;-4512
-6048;-4608;-4080
-6192;-4752;-3648
-6336;-4368;-3600
-6240;-4320;-4176
-6000;-4416;-3312
-6096;-4656;-3216
-5760;-4368;-3216
-6192;-4368;-3552
-5760;-4128;-3312
-5856;-4320;-3840
-6048;-4272;-4368
-6192;-4224;-3792
-6240;-4656;-3312
-5904;-4080;-4416
-5904;-3984;-3792
-5808;-4512;-4272
-6096;-4080;-4080
-6288;-4224;-5184
-5952;-4272;-4416
-6096;-4272;-4416
-6192;-4320;-3456
-6240;-4128;-4032
-6288;-3984;-3216
-6528;-4320;-3600
-6192;-4272;-3216
-6048;-4080;-4272
-6192;-4224;-3360
-6192;-4272;-3120
-6192;-4320;-3120
-6144;-4464;-3312
-6288;-4416;-2592
-6096;-4176;-2448
-6000;-3792;-3408
-6000;-4272;-3600
-5664;-4080;-1920
-5760;-4176;-2016
-6048;-4464;-2304
-5712;-4464;-2880
-6000;-4368;-2160
-5664;-4416;-2688
-5808;-4320;-2976
-5760;-4176;-3024
-5760;-4320;-2448
-5904;-4320;-2544
-5952;-4224;-3168
-5664;-4128;-3120
-5664;-4080;-3072
-6000;-4032;-3456
-6000;-4320;-3696
-6144;-4128;-3264
-6192;-4080;-2592
-6336;-4128;-2832
-6000;-4176;-3264
-5856;-4224;-2688
-6192;-4224;-2208
-6144;-4128;-3648
-6048;-4176;-2928
-6336;-4368;-2496
-6000;-4320;-2208
-6192;-4368;-2688
-6192;-4320;-2736
-6096;-4272;-1920
-6000;-4176;-1488
-5760;-3936;-2544
-6144;-4128;-2736
-5856;-4272;-1008
-5664;-3984;-1344
-5808;-4176;-1920
-5472;-3984;-1872
-5568;-4032;-1440
-5856;-4272;-2352
-5760;-3888;-2448
-5664;-3984;-2304
-5616;-4176;-1584
-6000;-3888;-2496
-5712;-4368;-2304
-5712;-4176;-1824
-5904;-4080;-1536
-5808;-4224;-2880
-5760;-4224;-3504
-6000;-4224;-1920
-6240;-4464;-2160
-5952;-4032;-2496
-6096;-4080;-2256
-6000;-3936;-1728
-5568;-4080;-1968
-6144;-4032;-3360
-5952;-4032;-2400
-5760;-4032;-1536
-5376;-4176;-1632
-5856;-4272;-2256
-5904;-4128;-1872
-6048;-4080;-1632
-5856;-4128;-1536
-5664;-4128;-2112
-5952;-4176;-1728
-5808;-4128;-1152
-5472;-3984;-1680
-5808;-4128;-1488
-5808;-4176;-1392
-5664;-4032;-1536
-5664;-4032;-2208
-5520;-4032;-2928
-5568;-4224;-2112
-5760;-4032;-1728
-5472;-4080;-2160
-5856;-4320;-2496
-5616;-4128;-2112
-6000;-4128;-2448
-5664;-3888;-2832
-5712;-4032;-2832
-5760;-4176;-2208
-5616;-3792;-2304
-5856;-4176;-2400
-6000;-4080;-2016
-5856;-4032;-1680
-5664;-3936;-2256
-5664;-4080;-2928
-5808;-4416;-2256
-5952;-4368;-1968
-5856;-4128;-1968
-5568;-4176;-1872
-5808;-4032;-1872
-5664;-3984;-1440
-5616;-4320;-1728
-5904;-4080;-2352
-5952;-4032;-1488
-5520;-4224;-1392
-5376;-4032;-1440
-5616;-4128;-1440
-5472;-4128;-1392
-5808;-4224;-1488
-5856;-4128;-1824
-5664;-4224;-2112
-5328;-3936;-2016
-5520;-3792;-1728
-5328;-3888;-1680
-5664;-4176;-1872
-5472;-4032;-1776
-5472;-3984;-1728
-5712;-3888;-2160
-5616;-4128;-2304
-5712;-4224;-2304
-5856;-4320;-1536
-5808;-3984;-1632
-6000;-4128;-1536
-5520;-3936;-1392
-5664;-3984;-1680
-5808;-3936;-1824
-5952;-4416;-1680
-5472;-4368;-1632
-5664;-4128;-1104
-5904;-4032;-1392
-5568;-4128;-1392
-5712;-4272;-912
-5712;-4032;-1392
-5664;-4128;-1536
-5760;-4080;-1872
-5664;-3984;-1296
-5424;-4272;-1104
-5472;-4272;-960
-5520;-3552;-1008
-5520;-3936;-1104
-5424;-4272;-1152
-5664;-3936;-1344
-5520;-3696;-1824
-5568;-3696;-1872
-5424;-3984;-1536
-5568;-4176;-2016
-5184;-3888;-1680
-5424;-3696;-1440
-5568;-3936;-1824
-5472;-3888;-2880
-5472;-4032;-2448
-5520;-3792;-2016
-5472;-4080;-2064
-5472;-3792;-2400
-5376;-3936;-1872
-5808;-3888;-1680
-5808;-4272;-1488
-5472;-3840;-2112
-5664;-4128;-2016
-5568;-4080;-2352
-5808;-4080;-1488
-5664;-4080;-1680
-5760;-3936;-1728
-5712;-3600;-1488
-5760;-4032;-1392
-5424;-4128;-1728
-5328;-4032;-1536
-5520;-4224;-1536
-6000;-3984;-1104
-5376;-3936;-1488
-5520;-3936;-1392
-5328;-3984;-1056
-5376;-4080;-1344
-5712;-3888;-1680
-5760;-3936;-1968
-5424;-3984;-1536
-5280;-4080;-1680
-5472;-3840;-1344
-5472;-3888;-1536
-5184;-3936;-1296
-5424;-3888;-1872
-5664;-4176;-2112
-5616;-4080;-1776
-5808;-3648;-1440
-5472;-3888;-1728
-5472;-3984;-1344
-5472;-4080;-1392
-5472;-3744;-1200
-5424;-4320;-1488
-5424;-4080;-1440
-5664;-3648;-1440
-5568;-4224;-1440
-5808;-3936;-1296
-5232;-3888;-1296
-5424;-4368;-1152
-5376;-3888;-1296
-5328;-4176;-1008
-5424;-3792;-720
-5520;-4272;-1104
-5472;-3744;-864
-5472;-4032;-1008
-5328;-4080;-528
-5520;-3840;-384
-5568;-3744;-768
-5472;-3984;-576
-5616;-3984;-672
-5472;-3984;-720
-5424;-3600;-1152
-5664;-3792;-768
-5424;-3888;-1248
-5472;-3696;-1104
-4992;-3696;-1152
-5328;-3888;-1008
-5088;-3936;-1440
-5424;-4080;-1392
-5664;-3840;-1344
-5712;-3792;-1200
-5616;-3792;-960
-5424;-3936;-816
-5616;-3744;-1248
-5520;-3888;-1344
-5328;-3888;-672
-5568;-3792;-960
-5664;-3936;-1104
-5664;-3696;-1104
-5712;-3936;-960
-5520;-3840;-1104
-5664;-4368;-912
-5472;-4080;-1152
-5184;-3792;-1008
-5616;-4128;-1200
-5088;-3744;-816
-5472;-3648;-864
-5568;-3984;-528
-5328;-3888;-816
-5328;-3696;-912
-5088;-3936;-1200
-4896;-4080;-960
-5424;-4128;-1392
-5424;-4080;-1296
-5328;-3888;-1152
-5328;-3792;-912
-5232;-4080;-1008
-5472;-3840;-1200
-5616;-3984;-912
-5376;-3648;-1152
-5280;-4080;-1200
-5472;-3888;-1488
-5568;-3936;-1104
-5520;-3984;-1200
-5328;-3984;-1152
-5712;-3888;-768
-5424;-3792;-864
-5280;-3936;-720
-5232;-3840;-864
-5472;-3696;-1008
-5136;-3792;-1104
-5424;-3984;-816
-5424;-3888;-816
-4992;-3936;-768
-5520;-3840;-768
-5232;-3792;-768
-5328;-3696;-816
-5376;-3456;-1248
-5184;-3792;-912
-5472;-3840;-720
-5520;-3648;-576
-5184;-3744;-672
-5232;-3744;-528
-5232;-3888;-768
-5136;-3744;-672
-5184;-3888;-1056
-5520;-3696;-960
-5472;-3744;-1200
-5232;-3840;-720
-5376;-3888;-480
-5520;-3984;-1152
-5472;-3744;-912
-5328;-3744;-768
-5280;-3696;-912
-5280;-3936;-1248
-5136;-3984;-1200
-5280;-3840;-864
-5280;-3888;-816
-5376;-3648;-576
-5376;-3744;-1008
-5376;-4032;-480
-5568;-3552;-1008
-5232;-3696;-1248
-5472;-3696;-576
-5136;-3936;-480
-5136;-3552;-528
-5280;-3792;-672
-5616;-4032;-432
-5184;-3888;-720
-5040;-3744;-768
-4992;-3648;-1104
-5424;-3744;-480
-5472;-3840;-576
-5328;-4032;-576
-5280;-3456;-528
-5136;-3552;-576
-5376;-3792;-576
-5472;-3696;-960
-5136;-3552;-960
-5376;-4032;-912
-5424;-3744;-1056
-5616;-3552;-912
-5136;-3552;-672
-5040;-3840;-864
-5136;-3840;-528
-5424;-3456;-1056
-5280;-4080;-960
-5088;-3792;-1056
-5424;-3888;-672
-5184;-3888;-720
-5376;-3552;-576
-5280;-3984;-432
-5232;-3648;-576
-5184;-3696;-1200
-5232;-3600;-624
-5136;-3840;-1104
-5232;-3936;-432
-5424;-3600;-960
-5088;-3792;-720
-5520;-3936;-720
-5328;-3600;-240
-5232;-3696;-528
-5088;-3792;-384
-5040;-3504;-624
-5040;-3888;-624
-5328;-3984;-480
-4848;-4032;-96
-5184;-3792;-240
-5136;-3600;-432
-5232;-3840;-672
-5040;-3552;-576
-5136;-3648;-624
-5232;-3888;-912
-5328;-3744;-480
-5184;-3504;-336
-5088;-3936;-672
-5328;-3456;-1008
-5184;-3360;-1344
-4800;-3408;-864
-5376;-3936;-768
-5232;-3456;-1200
-5424;-3792;-1248
-5184;-3792;-1104
-5136;-3600;-768
-5328;-3984;-720
-5136;-3648;-672
-5424;-3696;-912
-5424;-3888;-816
-5232;-3744;-624
-5040;-3984;-480
-5328;-3552;-576
-5280;-3984;-912
-5280;-3744;-816
-5280;-3696;-576
-5424;-3696;-672
-5136;-3744;-576
-4944;-3696;-624
-4896;-3840;-432
-4848;-3456;-624
-5040;-3504;-528
-5088;-3744;-432
-5136;-3936;-336
-5040;-3648;-480
-5040;-3696;-624
-5040;-3648;-1248
-5040;-3648;-960
-5136;-3888;-912
-5136;-3888;-768
-4944;-3744;-1152
-4896;-3552;-672
-5040;-3552;-1152
-4800;-3696;-1104
-5376;-3552;-1296
-5472;-3984;-1344
-5136;-3696;-816
-5136;-3552;-1152
-5040;-3744;-912
-5088;-3888;-720
-5184;-3552;-336
-5136;-3600;-816
-5184;-3552;-528
-5232;-3456;-816
-4800;-3888;-768
-5088;-3648;-576
-5232;-3744;-1152
-5280;-3600;-576
-5376;-3552;-336
-5232;-3408;-480
-5232;-3312;-720
-5136;-3504;-816
-4848;-3840;-576
-5184;-3696;-528
-5136;-3696;-768
-4992;-3744;-528
-5040;-3744;-144
-4848;-3840;-576
-4992;-3504;-624
-5280;-3456;-576
-4992;-3456;-864
-5184;-3648;-768
-5424;-3648;-720
-4752;-3504;-864
-4800;-3600;-720
-5280;-3744;-912
-5088;-3600;-864
-5088;-3696;-576
-4992;-3552;-1104
-5232;-3648;-1152
-5136;-3744;-816
-5232;-3552;-816
-5088;-3312;-528
-5328;-3888;-768
-5040;-3600;-192
-4944;-3888;-432
-5088;-3888;-720
-5232;-3696;-672
-4944;-3696;-432
-4944;-3504;-720
-5136;-3840;-480
-5280;-3696;-336
-5424;-3888;-96
-5232;-3648;-432
-5088;-3696;-480
-5088;-3648;-336
-4992;-3408;-240
-4848;-3696;96
-4992;-3504;0
-4848;-3504;-144
-4800;-3792;192
-4992;-3360;-144
-4992;-3408;96
-5184;-3792;144
-4992;-3888;144
-4752;-3456;0
-4992;-3408;48
-5040;-3216;-96
-5040;-3648;192
-5088;-3552;192
-4992;-3552;192
-5040;-3456;96
-5088;-3552;0
-5328;-3504;-288
-4896;-3744;0
-4944;-3792;-144
-5088;-3600;432
-4800;-3840;192
-5040;-3408;288
-4944;-3840;336
-4752;-3216;240
-5232;-3504;-192
-5184;-3600;0
-5280;-3552;0
-4944;-3696;336
-5232;-3552;0
-4992;-3792;288
-4944;-3888;432
-4800;-3840;288
-4848;-3264;96
-4800;-3312;96
-4992;-3600;240
-4896;-3504;528
-4656;-3600;192
-4656;-3408;528
-4752;-3552;48
-4944;-3456;480
-4656;-3408;384
-4848;-3360;48
-4704;-3408;96
-4752;-3504;192
-4848;-3264;144
-4752;-3264;240
-4848;-3552;480
-4992;-3504;144
-5136;-3600;144
-4848;-3408;192
-5040;-3408;288
-4800;-3504;432
-4800;-3648;240
-4848;-3840;192
-4704;-3600;144
-4848;-3456;1104
-4848;-3600;528
-5136;-3696;624
-4944;-3552;672
-4848;-3552;624
-5040;-3600;528
-4656;-3312;336
-4896;-3648;624
-4656;-3360;576
-4464;-3456;144
-4896;-3456;192
-4896;-3360;384
-4752;-3504;480
-4800;-3264;576
-4560;-3504;48
-4656;-3552;576
-4464;-3504;384
-4800;-3456;336
-4656;-3552;384
-4464;-3552;432
-4656;-3072;96
-4512;-3408;-240
-4656;-3600;-288
-4656;-3504;-48
-4848;-3408;0
-4656;-3216;192
-4896;-3408;0
-4704;-3504;0
-5088;-3648;48
-4656;-3072;-192
-4944;-3504;-48
-4944;-3696;48
-4656;-3552;-48
-4656;-3456;-336
-4752;-3360;0
-4800;-3264;-144
-4656;-3696;-480
-4656;-3600;-240
-4656;-3264;-336
-5088;-3696;-240
-4656;-3888;-624
-4560;-3456;-288
-4848;-3408;0
-4896;-3168;-384
-4848;-3408;-576
-4752;-3648;-528
-4704;-3600;-384
-4656;-3600;-144
-4656;-3696;-432
-4944;-3168;0
-4896;-3168;336
-4704;-3504;192
-4416;-3264;192
-4656;-3312;48
-4752;-3504;48
-4368;-3456;-336
-4272;-3024;-192
-4656;-3456;0
-4416;-3360;240
-4848;-3216;-240
-4656;-3024;48
-4656;-3312;0
-4704;-3360;0
-4656;-3168;-576
-4752;-3216;-576
-4800;-3072;-192
-4848;-3360;-240
-4656;-3264;0
-4512;-3264;-288
-4656;-3312;-144
-4944;-3696;-144
-4464;-3456;192
-4800;-3408;-240
-4656;-3264;48
-4560;-3648;0
-4416;-3600;-240
-4704;-3456;-432
-4752;-3456;0
-4848;-3264;0
-4848;-3072;-384
-4512;-3600;-240
-4656;-3360;-192
-4656;-3216;-96
-4464;-3600;-240
-4656;-3120;0
-4416;-3264;-48
-4272;-3408;0
-4416;-3312;0
-4656;-3456;-48
-4416;-2928;-96
-4272;-3216;-144
-4320;-3504;-432
-4656;-3072;-720
-4560;-3120;96
-4368;-2976;-432
-4704;-2880;-288
-4656;-3168;-336
-4656;-3072;-96
-4272;-3360;-672
-4944;-3312;-624
-4416;-3360;-576
-4560;-3360;-192
-4464;-3552;-624
-4656;-3168;-288
-4464;-3312;-576
-4704;-3120;-240
-4896;-3264;-576
-4416;-3024;-576
-4368;-3120;-288
-4656;-3168;-432
-4320;-3456;-576
-4704;-3360;-576
-4656;-3312;-720
-4656;-3024;-336
-4464;-3168;-288
-4128;-3216;-672
-4464;-3168;-1056
-4224;-2976;-1056
-4656;-3312;-528
-4176;-3168;-336
-4272;-3312;-1056
-4368;-3216;-816
-4416;-3408;-480
-4224;-3456;-672
-4368;-3264;-1296
-4032;-2928;-1296
-4272;-3120;-864
-4368;-3216;-1248
-4704;-3360;-864
-4656;-3312;-1104
-4272;-3312;-1008
-4512;-2880;-1248
-4080;-2976;-1248
-4464;-3312;-1536
-4464;-3120;-1632
-4752;-3168;-1536
-4656;-3216;-1440
-4704;-3120;-1392
-4464;-3120;-912
-4656;-3120;-1200
-4224;-3072;-1104
-4656;-3216;-1056
-4464;-3360;-1296
-4656;-3120;-1776
-4656;-3120;-1248
-4368;-3552;-1248
-4224;-3216;-1104
-4512;-3360;-1056
-4512;-3408;-1008
-4464;-2976;-1152
-4224;-3456;-1248
-4224;-3312;-1488
-4656;-3168;-1440
-4464;-3024;-864
-4656;-3072;-768
-4656;-3072;-1440
-4080;-3120;-432
-4272;-3168;-1008
-4176;-3456;-1104
-4656;-3072;-1392
-4512;-2976;-1200
-4224;-3264;-1392
-4416;-2976;-1536
-4416;-3264;-1152
-4320;-3216;-1056
-4464;-2928;-1536
-4176;-2976;-1056
-4416;-3216;-1056
-4272;-3216;-1776
-4080;-3120;-1632
-4368;-3360;-1440
-4224;-3264;-1344
-4560;-3168;-1536
-4656;-2880;-1536
-4272;-3168;-1152
-4656;-3024;-1344
-4176;-3120;-1488
-4464;-3072;-1632
-4608;-3168;-1776
-4272;-3312;-1680
-4464;-3168;-1776
-4464;-3216;-1728
-4320;-2976;-1248
-4416;-3216;-1728
-4368;-3312;-1344
-4416;-2976;-1440
-4464;-2928;-1200
-4368;-3024;-1920
-4272;-3120;-1968
-4656;-3072;-1104
-3984;-3552;-1200
-4176;-3264;-1200
-3840;-3072;-1104
-4272;-3360;-1296
-4272;-3312;-864
-4080;-3360;-1344
-4368;-2736;-1536
-4416;-3168;-1872
-4032;-3168;-1728
-4320;-2928;-2064
-4224;-2832;-1632
-4176;-3312;-1536
-4080;-3120;-1344
-3888;-2928;-2016
-4032;-2784;-1968
-4176;-3120;-2544
-4656;-3072;-1968
-4320;-3216;-2208
-4416;-3216;-2064
-4464;-3168;-1776
-4368;-3168;-1536
-4032;-3216;-1536
-4464;-2976;-1680
-4272;-2928;-1632
-4176;-3168;-1536
-4128;-3168;-2064
-4416;-3264;-1680
-4224;-3024;-1680
-4560;-3408;-1680
-4368;-3120;-1968
-4224;-3168;-1248
-4656;-3072;-1248
-4128;-3264;-1872
-4128;-3216;-1632
-4368;-3216;-1488
-4320;-3168;-1488
-3984;-3216;-1104
-4272;-3312;-1248
-3936;-3216;-1248
-3744;-3024;-1344
-4176;-3120;-1296
-3984;-3168;-1440
-4272;-3024;-1392
-4224;-3024;-1680
-4320;-3216;-1776
-4032;-2976;-1680
-4320;-2784;-1536
-4080;-2928;-1632
-4080;-2976;-1728
-4464;-3168;-1488
-4128;-3072;-2064
-3888;-2880;-1776
-4320;-2640;-1872
-4176;-2832;-1968
-4032;-2976;-1968
-4272;-2976;-2016
-4176;-2976;-1488
-4368;-3120;-1488
-4368;-3360;-1248
-4656;-2928;-1632
-4368;-3168;-1200
-4416;-3408;-1536
-3936;-3120;-1920
-4416;-2784;-1872
-4128;-3168;-1344
-4320;-2832;-1536
-4368;-3264;-1680
-4272;-3168;-1536
-4368;-2976;-1248
-4128;-3408;-1488
-4080;-3216;-1584
-4080;-3024;-1728
-4656;-2976;-1296
-4080;-3120;-1104
-4176;-2832;-816
-3936;-3264;-1200
-3792;-2880;-912
-4080;-2976;-1392
-4512;-3120;-960
-4080;-3216;-1200
-3936;-3456;-1632
-4320;-3264;-1440
-3888;-2880;-1152
-4080;-3360;-1392
-4176;-3120;-1488
-4368;-3024;-1296
-4080;-2832;-1200
-4080;-3072;-1296
-3936;-3168;-1776
-4224;-2784;-2160
-4512;-3120;-1872
-4272;-2928;-2112
-4176;-3120;-2112
-4224;-2736;-1920
-4176;-2880;-1488
-4128;-3216;-1488
-4128;-3168;-1536
-4176;-2880;-1872
-4032;-3120;-1968
-4128;-2928;-1968
-4080;-3120;-1728
-3984;-3120;-1920
-4320;-2976;-1728
-4416;-3456;-1776
-4416;-3216;-1344
-4368;-3120;-1728
-4272;-3024;-1920
-4464;-2976;-1536
-3936;-2832;-1872
-3984;-2976;-2016
-4176;-3168;-1488
-4272;-2784;-1536
-4080;-3312;-1200
-3840;-3072;-1296
-4032;-3120;-1584
-3936;-2976;-1968
-3936;-2832;-1536
-4224;-2832;-1920
-3888;-3168;-2160
-4080;-2784;-2064
-4080;-3024;-1968
-3984;-2928;-1440
-3936;-2592;-1920
-4128;-2736;-2112
-4080;-2688;-1728
-3936;-3312;-1920
-3744;-2592;-2352
-3984;-2976;-2256
-4176;-2784;-1920
-3984;-2784;-2016
-4032;-3264;-2160
-4176;-2976;-2208
-4368;-2784;-1392
-4128;-2880;-1776
-4032;-2784;-2160
-3936;-3072;-2640
-4272;-2928;-2400
-3888;-2736;-2208
-4656;-2880;-2544
-4080;-2928;-2448
-4368;-3264;-1488
-4128;-2784;-2112
-4032;-2880;-2112
-3984;-2976;-1968
-4272;-2976;-2016
-3696;-2976;-2400
-3936;-2976;-2160
-3888;-3168;-1776
-3744;-2784;-1392
-3648;-2976;-1920
-3888;-2784;-1728
-3888;-3120;-1632
-3936;-2736;-1344
-3648;-3024;-1776
-3744;-3360;-2400
-3696;-2784;-1968
-3984;-2976;-1536
-3888;-2976;-2016
-3888;-2592;-2064
-3552;-2784;-1968
-3744;-2496;-1968
-3840;-2784;-2640
-3744;-2928;-2304
-3984;-3120;-2160
-3744;-2928;-2496
-3888;-3024;-2736
-3840;-2928;-1920
-3792;-2784;-1968
-4320;-2736;-2160
-3888;-2640;-2496
-4080;-3120;-1536
-4080;-2784;-1824
-4080;-2832;-2064
-4032;-2784;-2352
-3888;-2976;-1920
-3936;-3360;-1776
-4176;-3120;-1824
-4128;-2928;-2352
-3984;-3120;-1488
-4272;-2736;-1728
-4128;-2784;-2064
-4128;-2784;-1968
-3744;-2880;-1728
-3840;-2592;-2016
-4032;-2736;-1824
-3888;-2976;-1440
-3840;-2832;-1392
-3744;-2880;-1872
-3744;-2976;-1392
-3840;-2880;-1344
-3696;-2736;-1248
-3936;-2880;-2064
-3936;-2928;-1872
-3600;-2592;-1440
-3984;-2640;-1776
-4080;-2928;-2112
-3456;-3168;-1872
-3888;-2784;-1872
-3504;-2688;-1920
-3648;-2592;-1728
-3936;-2640;-2016
-3792;-2784;-1632
-3984;-2688;-2256
-3840;-2736;-2064
-3936;-2640;-1872
-3936;-2736;-1584
-3888;-2784;-1776
-3936;-2736;-1920
-3936;-2928;-1776
-3504;-2592;-1488
-3744;-2976;-2160
-3936;-2448;-1440
-3936;-2592;-1728
-3792;-2688;-1440
-3696;-2688;-1824
-3744;-2736;-1296
-3264;-2832;-1392
-3840;-2832;-1776
-3744;-2928;-1248
-4272;-2832;-1392
-3744;-3024;-1392
-3648;-2688;-1536
-3792;-2928;-1680
-3552;-2736;-1344
-3936;-2640;-1392
-3888;-2928;-1488
-3648;-2736;-1536
-3840;-3312;-1104
-3648;-3120;-1152
-3888;-2496;-1536
-3936;-2592;-1296
-3552;-2496;-960
-3888;-2400;-1536
-3408;-2640;-1968
-3696;-2880;-1776
-3456;-2592;-1056
-3792;-2688;-1488
-3792;-2544;-1968
-3408;-2640;-1344
-3648;-2976;-1296
-3792;-2640;-1968
-3936;-2640;-2064
-3888;-2832;-1392
-3648;-2832;-1488
-3552;-2736;-1536
-3648;-2640;-1824
-3936;-2544;-1104
-3696;-2592;-1488
-3552;-2160;-1680
-3648;-2976;-1056
-3648;-3024;-960
-3744;-2976;-1440
-3888;-2736;-1536
-3600;-2640;-1056
-3744;-2688;-912
-3792;-2784;-1440
-4224;-2736;-1488
-3552;-2784;-1248
-3600;-2736;-672
-3504;-2592;-1488
-4032;-2640;-1536
-3744;-2784;-768
-3888;-2736;-1008
-3600;-2400;-1536
-3792;-2496;-1056
-3696;-2736;-720
-3888;-2448;-1152
-3600;-2688;-1008
-3552;-2688;-1056
-3552;-2592;-960
-3600;-2976;-1248
-3552;-2688;-1536
-3504;-2400;-1488
-3552;-2880;-1104
-3504;-2736;-1248
-3408;-2688;-1488
-3552;-2736;-1296
-3456;-2448;-1104
-3456;-2640;-1152
-3504;-2736;-1680
-3888;-2784;-1344
-3792;-2400;-1056
-3840;-2928;-1776
-3552;-2976;-1056
-3600;-2736;-960
-3744;-2928;-912
-3744;-2544;-1488
-3696;-2640;-864
-3600;-2544;-768
-3600;-2640;-816
-3696;-2592;-1152
-3888;-2976;-1008
-3696;-2496;-912
-3744;-2976;-1392
-3456;-2928;-1344
-3792;-2832;-1200
-3696;-2784;-768
-3600;-2544;-1104
-3648;-2928;-1200
-3744;-2688;-816
-3552;-2832;-624
-3648;-2496;-960
-3744;-2448;-864
-3600;-2640;-1008
-3696;-2592;-960
-3408;-2880;-1056
-3744;-2544;-768
-3504;-2832;-432
-3696;-2400;-816
-3408;-2784;-912
-3408;-2496;-720
-3360;-2688;-912
-3792;-2832;-1104
-3744;-2448;-1296
-3600;-2544;-1008
-3360;-2688;-1008
-3600;-2400;-1536
-3648;-2544;-960
-3456;-2688;-1296
-3696;-2640;-1200
-3552;-2496;-1248
-3696;-2928;-960
-3840;-2784;-1296
-3648;-3120;-912
-3744;-2352;-1104
-3504;-2784;-864
-3600;-2592;-912
-3888;-2736;-1296
-3936;-2736;-960
-3456;-2592;-720
-3552;-2880;-1248
-3552;-2544;-1536
-3648;-2592;-1200
-3552;-2592;-1200
-3408;-2736;-960
-3888;-2544;-1056
-3792;-2544;-1200
-3792;-2736;-912
-3600;-2400;-1152
-3312;-2208;-1200
-3888;-2880;-1056
-3600;-2688;-1104
-3552;-2496;-1200
-3408;-2688;-960
-3504;-2736;-960
-3600;-2736;-1008
-3696;-2496;-768
-3792;-2592;-1296
-3504;-2592;-1392
-3120;-2448;-1200
-3120;-2544;-960
-3360;-2592;-768
-3792;-2640;-1488
-3600;-2592;-1392
-3408;-2592;-1536
-3552;-2592;-1296
-3744;-2448;-1392
-3696;-2736;-1392
-3600;-2592;-1440
-3264;-2448;-1104
-3552;-2640;-1488
-3600;-2496;-1440
-3648;-2640;-1056
-3456;-2592;-1392
-3360;-2736;-1200
-3696;-2688;-1440
-3552;-2688;-1056
-3696;-2592;-720
-3120;-2496;-816
-3360;-2496;-912
-3552;-2304;-1008
-3600;-2496;-1200
-3456;-2640;-1104
-3744;-2880;-1200
-3456;-2640;-1392
-3744;-3168;-672
-3360;-2592;-864
-3552;-2688;-960
-3936;-2544;-1056
-3792;-2256;-960
-3408;-2688;-1200
-3696;-3024;-720
-3888;-2784;-1344
-3696;-2688;-1104
-3648;-2400;-768
-3744;-2592;-1104
-3504;-2544;-1008
-3456;-2592;-768
-3264;-2736;-1152
-3696;-2592;-816
-3648;-2928;-576
-3696;-2736;-768
-3696;-2496;-912
-3408;-2736;-1104
-3600;-2640;-768
-3312;-2688;-480
-3552;-2736;-672
-3696;-2592;-1008
-3600;-2640;-720
-3696;-2544;-1056
-3792;-2784;-912
-3600;-2736;-1152
-3456;-2496;-1152
-3456;-2736;-624
-3264;-2640;-1008
-3360;-2496;-960
-3072;-2640;-816
-3696;-2640;-624
-3408;-2496;-768
-3552;-2592;-672
-3408;-2784;-480
-3504;-2976;-288
-3552;-2640;-912
-3504;-2832;-960
-3744;-2496;-528
-3312;-2736;-528
-3552;-2544;-864
-3600;-2496;-960
-3456;-2928;-720
-3552;-2832;-288
-3408;-2736;-528
-3312;-2640;-576
-3648;-2640;-816
-3504;-2592;-432
-3456;-2640;-864
-3696;-2496;-528
-3312;-2784;-768
-3792;-2544;-336
-3552;-2448;-768
-3840;-2400;-384
-3360;-2496;-288
-3792;-2640;-624
-3216;-2592;-192
-3648;-2592;-720
-3648;-2544;-432
-3456;-2352;-720
-3552;-2496;-816
-3744;-2784;-336
-3648;-2592;-480
-3600;-2400;-864
-3552;-2544;-432
-3168;-2736;-960
-3648;-2688;-336
-3552;-2544;-768
-3552;-2928;-384
-3552;-2592;-480
-3504;-2544;-768
-3216;-2736;-624
-3456;-2832;-432
-3648;-2544;-384
-3696;-2688;-720
-3600;-2640;-528
-3600;-2928;-240
-3840;-2640;-288
-3408;-2544;-528
-3552;-2592;-720
-3408;-2736;-384
-3408;-2304;-720
-3600;-2688;-528
-3600;-3120;-432
-3264;-2448;-624
-3504;-2352;0
-3456;-2736;-432
-3696;-2592;-144
-3648;-2160;-288
-3456;-2832;-144
-3552;-2640;-192
-3408;-2448;-240
-3408;-2688;-384
-3456;-3024;-480
-3456;-2496;-576
-3456;-2496;-528
-3648;-2352;-432
-3696;-2736;-192
-3504;-2160;0
-3600;-2640;0
-3360;-2592;-432
-3360;-2496;-336
-3504;-2592;-576
-3600;-2784;-144
-3744;-2544;0
-3360;-2640;-240
-3600;-2544;-480
-3648;-2736;-192
-3552;-2640;0
-3408;-2832;-288
-3600;-2640;-432
-3408;-2688;-144
-3312;-2832;-336
-3504;-2592;-288
-3744;-2592;-576
-3504;-2640;-336
-3408;-2448;-288
-3408;-2688;-240
-3312;-2544;0
-3552;-2784;-528
-3312;-2640;-432
-3408;-3024;-480
-3600;-2544;-192
-3504;-2688;-192
-3408;-2496;-432
-3552;-2736;-288
-3744;-2448;-432
-3600;-2592;-432
-3408;-2544;-192
-3360;-2640;-96
-3600;-2592;-384
-3456;-2640;0
-3504;-2448;96
-3744;-2784;-192
-3744;-2688;-96
-3648;-2640;-288
-3408;-2832;-384
-3408;-2736;0
-3504;-2640;-192
-3552;-2544;-192
-3888;-2784;-240
-3408;-2544;-144
-3552;-2400;-144
-3696;-2544;-576
-3744;-2544;-240
-3312;-2784;-528
-3696;-2448;-384
-3360;-2832;0
-3360;-2592;-336
-3744;-2736;-336
-3360;-2496;144
-3504;-2304;0
-3504;-2544;-96
-3408;-2592;-240
-3312;-2544;-240
-3408;-2784;-192
-3552;-2880;-96
-3552;-2736;0
-3312;-2928;-288
-3504;-2736;-336
-3408;-2592;-528
-3552;-2544;-528
-3504;-2496;-528
-3552;-2784;96
-3600;-2736;-336
-3504;-2928;-336
-3360;-2544;-576
-3600;-2784;-240
-3696;-2448;-336
-3360;-2640;-240
-3552;-2640;-288
-3600;-2640;-288
-3552;-2592;-144
-3456;-2784;-336
-3696;-2544;-192
-3552;-2544;-96
-3552;-2736;0
-3504;-2688;0
-3552;-2736;-528
-3696;-2640;-240
-3312;-2736;48
-3504;-2736;-144
-3216;-2832;0
-3744;-2448;-240
-3600;-2688;-48
-3792;-2448;-336
-3696;-2688;48
-3312;-2496;-192
-3552;-2496;-192
-3504;-2688;-192
-3648;-2448;-192
-3456;-2784;48
-3648;-2688;-240
-3504;-2640;-48
-3552;-2736;-240
-3360;-2448;-336
-3360;-2592;-144
-3360;-2496;0
-3264;-2544;48
-3456;-2592;-432
-3360;-2736;48
-3456;-2592;48
-3312;-2592;240
-3696;-2448;-384
-3408;-2592;-576
-3648;-2784;-288
-3408;-2736;-240
-3552;-2304;0
-3456;-2784;-192
-3696;-2496;-384
-3312;-2592;-288
-3504;-2784;-192
-3696;-2928;-144
-3504;-2496;-288
-3312;-2208;-144
-3360;-2400;-672
-3600;-2400;-480
-3888;-2736;-384
-3792;-2688;-528
-3696;-2736;0
-3312;-2400;-192
-3504;-2640;-240
-3456;-2784;0
-3696;-2592;-432
-3552;-2688;-288
-3456;-2832;-624
-3600;-2400;-528
-3456;-2688;-528
-3648;-2784;96
-3360;-2688;-672
-3456;-2688;-96
-3552;-2352;-240
-3552;-2400;-432
-3408;-2544;-384
-3552;-2832;-384
-3216;-2832;-192
-3504;-2544;-96
-3120;-2688;-480
-3696;-2736;-384
-3648;-2640;-480
-3456;-2736;-192
-3360;-2448;-384
-3456;-2784;0
-3744;-2448;-576
-3168;-2736;-384
-3696;-2736;-528
-3744;-2400;-768
-3648;-3024;-480
-3408;-2592;-288
-3504;-2784;-528
-3648;-2832;-624
-3312;-2640;-384
-3456;-2448;-240
-3744;-2544;-384
-3360;-2592;-336
-3600;-2928;-288
-3696;-2400;-624
-3552;-2640;-480
-3312;-2640;-528
-3744;-2688;-720
-3648;-2352;-336
-3456;-2352;-480
-3744;-2640;-192
-3696;-2592;-720
-3312;-2640;-624
-3216;-2688;-480
-3360;-2592;-432
-3360;-2640;-288
-3648;-2736;-384
-3696;-2736;0
-3456;-2592;-720
-3360;-2736;-576
-3552;-2784;-336
-3792;-2496;0
-3696;-2544;-624
-3456;-2544;-336
-3408;-2640;-672
-3504;-2496;-672
-3648;-2544;-624
-3168;-2544;-192
-3360;-2592;-528
-3408;-2640;-672
-3360;-2592;-528
-3696;-2448;-192
-3888;-2880;-432
-3456;-2688;-48
-3456;-2688;-288
-3312;-2160;-336
-3456;-2352;-816
-3408;-2784;-576
-3936;-2736;-528
-3648;-2592;-240
-3360;-2592;-672
-3360;-2352;-528
-3648;-2400;-336
-3408;-2544;0
-3456;-2544;-336
-3408;-2544;-432
-3456;-2688;-672
-3696;-2880;-576
-3408;-2496;-816
-3600;-2592;-336
-3504;-2736;-384
-3504;-2496;-240
-3792;-2592;-240
-3312;-2544;-288
-3408;-2304;-432
-3552;-2688;-192
-3504;-2784;0
-3456;-2640;0
-3600;-2544;-624
-3600;-2688;-528
-3696;-2688;-288
-3696;-2352;0
-3312;-2592;-384
-3360;-2736;-336
-3696;-2784;-288
-3264;-2976;-384
-3504;-2736;-768
-3264;-2688;-288
-3504;-2352;0
-3552;-2304;-192
-3600;-2736;0
-3888;-2592;-480
-3312;-2352;-432
-3600;-2736;-432
-3168;-2448;-288
-3744;-2688;288
-3600;-2880;-288
-3216;-2928;-384
-3504;-2736;-240
-3456;-2640;-336
-3696;-2640;-528
-3648;-2832;-240
-3552;-2784;-144
-3600;-2352;-192
-3552;-2736;0
-3408;-2640;-240
-3552;-2784;0
-3600;-2544;0
-3696;-2640;-96
-3408;-2496;-240
-3552;-2736;0
-3456;-2880;0
-3168;-2544;-96
-3696;-2544;0
-3696;-2688;-144
-3216;-2544;192
-3552;-2496;0
-3504;-2592;0
-3264;-2592;96
-3504;-2736;288
-3360;-2400;0
-3312;-2688;-144
-3600;-2592;96
-3456;-2592;96
-3360;-2592;0
-3456;-2688;144
-3456;-2688;0
-3600;-2784;144
-3504;-2592;48
-3360;-2544;96
-3360;-2496;-48
-3312;-2592;0
-3504;-2880;96
-3312;-2448;288
-3552;-2688;0
-3600;-2400;-192
-3504;-2544;48
-3312;-2640;0
-3600;-2784;0
-3216;-2784;0
-3504;-2400;-144
-3456;-2688;48
-3504;-2592;0
-3552;-2640;0
-3504;-2640;0
-3552;-2784;0
-3696;-2448;-240
-3312;-2352;96
-3504;-2592;0
-3456;-2832;-336
-3552;-2640;96
-3504;-2592;-240
-3696;-2784;0
-3408;-2448;-240
-3648;-2496;-192
-3648;-2640;-192
-3360;-2400;0
-3312;-2784;-336
-3168;-2304;-192
-3696;-2688;-48
-3552;-2736;192
-3552;-2544;432
-3504;-2736;0
-3552;-2640;-240
-3360;-2592;-576
-3552;-2832;0
-3456;-2544;0
-3696;-2592;0
-3408;-2784;0
-3360;-2688;144
-3360;-2736;0
-3312;-2784;-384
-3264;-2592;-384
-3312;-2736;-192
-3648;-2592;0
-3648;-2544;0
-3600;-2688;48
-3072;-2736;-432
-3552;-2880;-96
-3120;-3072;-480
-3696;-2544;-192
-3456;-2544;-336
-3360;-2736;-144
-3360;-2640;-288
-3504;-2640;0
-3600;-2832;-672
-3408;-2592;-240
-3408;-2352;-384
-3360;-2448;0
-3312;-2448;144
-3840;-2640;-96
-3360;-2544;-192
-3504;-2928;0
-3648;-2544;-480
-3648;-2592;0
-3552;-2544;-336
-3696;-2352;-48
-3600;-2544;144
-2976;-2736;-144
-3456;-2304;-192
-3552;-2400;-288
-3552;-2640;48
-3648;-2544;96
-3552;-1920;-528
-9696;-13536;1584
-2352;2496;4752
-528;-6240;-5616
-5184;-624;1968
-384;-1968;48
-6672;-3552;5184
-1584;-624;-9216
-4080;-3600;1968
-3888;-2496;-720
-2208;-2208;3984
-4368;-2304;-7920
-1920;-1728;2832
-4656;-2976;-720
-2208;-2208;1584
-3504;-2976;-6048
-3360;-2640;3456
-3312;-2208;-384
-3264;-2880;336
-3264;-2496;-5424
-3072;-2832;3552
-3408;-2544;-912
-3024;-2256;0
-3504;-2592;-3936
-2832;-2592;3648
-3744;-2544;-816
-3120;-2592;-528
-3696;-2640;-2688
-2976;-2352;3408
-3456;-2256;-1248
-3216;-2400;-1392
-3504;-2592;-2400
-3264;-2256;2640
-3648;-2352;-1824
-3360;-2352;-1536
-3600;-2496;-1296
-3120;-2304;1968
-3408;-2448;-2160
-3120;-2544;-1104
-3600;-2448;-960
-3264;-2832;1536
-3456;-2592;-2640
-3168;-2352;-1392
-3600;-2448;-480
-3264;-2544;1104
-3360;-2352;-2064
-3120;-2496;-960
-3312;-2304;-384
-3216;-2448;288
-3216;-2304;-2592
-3168;-2352;-960
-3072;-2640;0
-3120;-2448;96
-3216;-2544;-2256
-3168;-2592;-720
-3408;-2784;-240
-3264;-2544;-336
-3264;-2640;-2016
-3360;-2304;-384
-3504;-2448;-528
-3456;-2544;-960
-3504;-2736;-1536
-3168;-2256;0
-3504;-2640;-480
-3264;-2304;-1296
-3360;-2592;-1680
-3408;-2592;-288
-3216;-2304;-288
-2976;-2448;-1344
-3408;-2208;-1584
-3360;-2544;192
-3216;-2448;-336
-3264;-2448;-1152
-3168;-2352;-1152
-3408;-2448;96
-3696;-2400;-816
-3456;-2592;-1248
-3216;-2688;-720
-3216;-2496;0
-3072;-2544;-960
-3168;-2400;-1488
-3264;-2256;-672
-3168;-2544;-672
-4464;14064;-2112
-21648;32767;-29040
-5040;-24288;-4560
-3120;12336;-336
-6960;-2016;19200
13344;18432;1200
1248;576;-7824
3120;23664;13152
1728;12480;5760
-15744;14400;-31584
-1920;8208;-11904
-14448;8064;-2592
-2832;4272;624
-3312;3984;-5616
-384;1152;-5088
-1584;384;-624
-768;-624;96
-1248;-528;-912
-1152;-720;864
-1104;-48;2640
-192;-672;1872
13056;10704;4752
31536;20640;-17232
15456;13008;-9216
7920;1680;20928
-2640;-1680;-15936
-384;-2592;6432
-528;-1968;-19056
-1392;624;4656
-1776;-960;-720
1488;-864;16320
-288;-1200;-18336
-912;-240;4224
288;-720;-3456
-240;-480;12144
-192;-2640;-11760
6336;-5424;192
6432;-7152;-7488
8928;-13104;10896
6384;-9024;-20832
3360;-1872;-12432
528;-2160;1584
-144;-1152;23520
-1392;-480;-15408
-912;-1584;-13584
-3312;-3456;3312
-4368;-3360;18960
-4224;-2976;-15072
-3168;-1680;-10272
-1824;-2400;6432
-912;-1968;12432
-528;-912;-12480
336;-144;-4656
-864;-240;7680
-144;-384;8688
-384;-432;-11760
-48;-144;-2256
-528;-672;8304
-240;-192;5904
-624;-624;-10944
0;-432;-96
-192;-864;8208
-240;-288;3168
-240;-240;-9984
-96;-624;1248
-336;-384;8208
-288;-336;1344
-480;-528;-9216
-240;-816;2064
-432;-720;7680
-288;-96;-384
-96;-384;-7824
-192;-720;3312
-192;-480;6912
-96;-288;-1776
-192;-624;-6576
-96;-720;4224
-480;-576;5760
-384;-144;-2784
-144;-384;-5184
-288;-576;4800
-240;-384;4896
-432;-144;-3504
-240;-96;-3696
-192;-720;5328
-48;-528;3840
-576;-336;-3744
-48;-144;-2784
-384;-528;5184
-96;-432;2784
-192;-336;-4176
-48;-672;-1440
-192;-432;4992
-384;-624;1920
-336;-192;-4176
-240;-960;-528
-144;-432;4656
-240;-192;864
-672;-336;-3888
-48;-384;576
-336;-384;4368
-336;-336;0
-432;-384;-3552
-288;-384;1152
-240;-384;4320
-336;-144;-576
-48;-384;-2976
-192;-576;2064
-192;-528;3216
-48;-192;-1152
-336;-384;-2784
-336;-480;2496
-240;-288;2880
-288;-528;-1680
-48;384;-1680
-1200;192;-5472
576;2064;1776
-480;2352;-9168
480;1104;-10944
-48;2064;3264
720;1056;0
144;96;-5040
-672;-48;-864
240;-624;7344
-624;-96;-288
1344;1488;-5232
816;1392;-5856
1872;1824;8064
672;144;1920
768;384;-5712
528;240;-1536
-432;-480;4416
-240;-624;3456
-384;-288;-4896
-240;-336;-480
-48;-768;4416
-240;-816;1584
-48;-384;-6144
-48;-336;288
-240;-432;4896
-96;-624;768
-48;-528;-4896
480;-1056;432
2352;-1776;-2256
2256;-960;-12624
2256;-1824;-5760
1440;-960;9072
-240;-480;288
-48;-288;-6672
-96;-528;-336
-144;-576;7680
-528;-240;-2832
-96;-816;-8304
-528;-768;-3168
336;-1392;0
528;-816;-4608
672;-624;-7488
96;1152;-144
240;-384;-5376
384;-336;-5424
-192;-912;624
-96;-480;3696
-96;-528;-1008
-384;-528;-1440
-240;-528;-96
-144;-480;2016
96;-336;-1728
-288;-96;-1296
-48;-384;432
240;-816;960
432;-720;-2928
96;-720;-2256
-144;-576;2208
-192;-816;960
384;-336;-2832
48;-624;-1776
-192;-816;1632
48;-768;-576
336;-720;-2016
-96;-720;336
48;-816;2256
-288;-576;-144
-48;-384;-1344
-240;-336;432
-144;-288;2496
-336;-480;-240
-240;-336;-1248
-144;-576;432
-96;-864;1776
-48;-480;-528
-240;-720;-912
-48;-432;1008
-48;-672;1344
-192;-624;-912
-144;-528;-720
-96;-720;960
-240;-624;1152
-192;-720;-1296
-48;-576;-1008
-336;-672;336
-192;-432;336
-48;-336;-1536
384;-816;-1200
96;-528;0
-336;-528;-192
-48;-624;-1344
48;-336;-720
-144;-432;-240
-144;-864;-1152
-192;-768;-2064
-96;-432;-1536
-96;-816;-768
-48;-576;-1824
-480;-720;-1968
-240;-864;-1440
-480;-672;-576
-288;-576;-1248
-288;-624;-1008
-480;-528;-672
-288;-336;-240
-240;-480;-480
-432;-336;-432
-336;-288;-144
-144;-384;0
-384;-192;-288
-240;-480;-240
-192;-672;-144
-192;-192;240
-336;-528;-384
-432;-240;-288
-144;-480;-192
-192;-384;0
-240;-336;-672
-192;-240;-672
-240;-96;-624
-240;-336;-816
-48;-480;-864
-48;-144;-672
-432;-528;-432
-240;-432;-384
-48;-528;-720
-48;-432;-432
-48;-240;-480
-48;-288;-768
-48;-480;-528
-96;-480;-384
-240;-432;-96
-144;-48;-480
-48;-336;-192
-96;-144;-480
-96;-288;-336
-336;-432;-672
-336;-336;-528
-144;-336;-336
-96;-240;-576
-48;-768;-432
-384;-432;-576
-192;-240;-768
-288;-432;-528
-144;-720;-192
-144;-192;0
-288;-624;-240
-144;-336;-336
-48;-288;-624
-384;-576;-384
-48;-240;-336
96;-816;-432
-288;-288;-528
0;-432;-384
-144;-336;-528
-48;-480;-576
-288;-432;-576
-144;-720;-672
-192;-480;-576
-240;-528;-624
-48;-480;-480
-48;-864;-816
-192;-288;-720
-48;-720;-528
-192;-144;-576
-144;-384;-528
-144;-336;-432
-240;-576;-240
-144;-240;-720
-384;-384;-480
-48;-528;-336
96;-384;-912
-48;-432;-384
96;-480;-624
-144;-576;-528
-288;-288;-624
-96;-672;-192
-96;-432;-336
-144;-240;-720
-480;-480;-432
-144;-144;-480
-48;-576;-672
-240;-336;-480
-96;-480;-480
-96;-528;-624
48;-384;-432
-192;-384;-672
-192;-432;-480
-288;-672;-720
-432;-144;-480
-144;-528;-768
-144;-624;-480
-192;-336;-672
-336;-528;-432
-48;-384;-720
-48;-624;-528
-48;-960;-384
-288;-336;-480
-432;-576;-432
-144;-672;-432
-240;-720;-384
-240;-480;-768
-240;-528;-480
-48;-432;-624
-240;-480;-384
-96;-384;-576
144;-576;-288
-48;-480;-336
-240;-528;-624
-144;-432;-336
-336;-432;-384
-48;-48;-336
-288;-576;-480
-336;-576;-528
-288;-480;-384
-144;-240;-384
-48;-384;-576
-48;-288;-528
192;-528;-432
-192;-624;-336
-144;-432;-624
-48;-816;-240
-96;-384;-672
-144;-192;-720
-96;-624;-432
-240;-240;-480
-48;-528;-288
96;-288;-288
-48;-480;-336
-240;-96;-480
-288;-672;-432
-384;-480;-576
-48;-528;-624
-336;-288;-576
-48;-432;-480
-192;-240;-336
-288;-336;-720
-96;-432;-432
-48;-576;-528
-144;-288;-576
-144;-576;-480
-384;-480;-288
-96;-528;-288
-96;-480;-672
-336;-624;-384
-96;-432;-336
-48;-144;-624
-144;-480;-672
-144;-384;-480
-48;-240;-816
-144;-336;-384
-528;-336;-480
-192;-288;-576
-240;-288;-432
-144;-672;-912
-144;-240;-528
-240;-384;-768
-96;-336;-528
-96;-144;-384
-288;-480;-528
-288;-240;-672
-240;-336;-432
-96;-480;-432
-48;-480;-768
-48;-336;-528
-288;-192;-624
-336;-384;-816
-144;-480;-624
-240;-336;-336
-144;-624;-480
-192;-576;-288
-192;-816;-576
-48;-336;-384
-96;-576;-432
-240;-192;0
-288;-576;-768
-192;-480;-480
-288;-480;-336
-48;-288;-480
-48;-288;-528
-144;-528;-240
-288;-672;-528
-240;-672;-384
-96;-624;-720
-480;-672;-672
-240;-816;-528
-240;-528;-336
-240;-624;-432
-144;-528;-384
-336;-528;-720
-192;-288;-480
-144;-816;-768
-144;-288;-288
-96;-384;-192
-480;-288;-432
-144;-384;-672
-288;-288;-480
-144;-672;-240
-192;-240;-336
-144;-480;-288
-48;-528;-576
-96;-240;-432
-96;-576;-576
-192;-528;-480
-192;-672;-672
-432;-624;-288
192;-480;-192
-192;-624;-384
-144;-192;-576
-240;-720;-576
144;-528;-480
-192;-336;-336
-336;-432;-288
-144;-720;-720
-48;-576;-432
48;-624;-480
-144;-336;-288
-96;-480;-576
-336;-576;-480
-336;-480;-480
-240;-528;-384
-288;-672;-336
-96;-336;-672
-288;-288;-624
-144;-336;-240
-96;-720;-528
-336;-528;-528
-336;-288;-624
-384;-384;-480
-336;-432;-432
48;-480;-336
-432;-144;-528
-144;-1008;-432
-384;-672;-528
-288;-240;-240
-48;-528;-384
-144;-480;-288
-144;-768;-624
48;-624;-288
-48;-96;-672
-384;-480;-576
-336;-528;-672
-96;-432;-480
-240;-240;-528
-192;-288;-384
144;-480;-528
-48;-480;-480
-96;-480;-144
-48;-528;-480
-144;-576;-480
-144;-528;-576
-144;-336;-624
-192;-336;-432
-240;-336;-432
-48;-432;-912
-240;-576;-384
-288;-528;-672
-144;-288;-384
-96;-528;-336
-48;-432;0
-192;-480;-528
-192;-672;-144
-288;-384;-480
96;-480;-672
-432;-240;-672
-96;-336;-672
-48;-480;-384
96;-672;-672
-288;-432;-960
-336;-144;-432
-432;-336;-336
-192;-432;-624
-336;-528;-432
-48;-432;-144
-96;-240;-528
-432;-336;-96
-240;-288;-720
-240;-720;-240
-48;-192;-288
-48;-528;-528
-192;-336;-432
-480;-240;-528
0;-624;-480
-240;-528;-624
-240;-336;-720
-144;-720;-240
-144;-480;-240
-96;-240;-624
-48;-624;-672
-192;-576;-576
-48;-432;-288
-48;-432;-768
-48;-672;-384
-144;-624;-432
-336;-480;-720
-96;-192;-624
-48;-720;-624
-240;-384;-192
-96;-528;-480
-144;-384;-192
-96;-480;-816
-96;-576;-816
-144;-672;-576
-384;-672;-432
-144;-336;-432
-336;-192;-624
-48;-384;-432
-576;-768;-528
-48;-336;-336
-144;-240;-528
192;-624;-336
-144;-576;-624
-48;-384;-720
-240;-576;-432
-48;-288;-384
-432;-240;-432
-144;-432;-528
-240;-576;-384
-192;-384;-624
-48;-432;-432
-96;-624;-576
-96;-528;-624
144;-192;-384
-432;-576;-480
-240;-288;-240
-432;-384;-528
-96;-720;-864
-48;-480;-672
-240;-672;-528
-336;-192;-768
-240;-624;-432
-192;-432;-480
-240;-672;-768
-192;-624;-432
-384;-672;-480
-96;-384;-576
-288;-480;-432
-96;-576;-432
-96;-336;-672
-48;-384;-432
-144;-384;-288
-240;-672;-528
-240;-432;-432
-48;-816;-480
-48;-528;-816
-336;-432;-384
-48;-624;-432
-192;-672;-480
-192;-912;-528
-48;-384;-528
-96;-288;-336
-144;-480;-432
-144;-624;-432
-48;-480;-720
-144;-336;-1008
-288;-192;-672
-144;-528;-528
-96;-432;-528
-240;-624;-336
-48;-432;-720
-96;-720;-816
-192;-480;-528
-192;-816;-384
-240;-720;-864
-384;-480;-816
-192;-384;-576
-144;-480;-144
-192;-336;-528
-384;-288;-288
-144;-432;-576
-48;-480;-432
-192;-240;-480
-48;-528;-336
-288;-384;-336
-480;-384;-336
-240;-720;-192
-432;-288;-720
-288;-432;-384
-240;-480;-288
-480;-672;-480
-240;-528;-384
-192;-432;-864
-480;-336;-528
192;-432;-576
-288;-432;-480
-96;-336;-432
-240;-288;-480
144;-576;-720
-336;-480;-480
-96;-480;-528
-144;-432;-528
-48;-240;-720
-240;-336;-528
-288;-336;-336
-240;-432;-528
-48;-432;-384
-384;-480;-288
-240;-192;-336
-48;-384;-336
48;-336;-384
-192;-192;-624
-240;-384;-384
-48;-528;-432
-432;-480;-720
-48;-384;-528
-288;-288;-144
-96;-624;-480
-48;-672;-432
-240;-480;-576
-336;-672;-816
-240;-624;-528
-48;-336;-480
-336;-672;-624
-336;-576;-240
-192;-480;-768
-48;-528;-672
-96;-384;-528
-144;-480;-384
-96;-480;-624
-192;-480;-192
-240;-480;-624
-144;-144;-624
-288;-768;-288
-48;-384;-336
-48;-480;-528
-288;-384;-288
-384;-672;-528
-240;-384;-528
-192;-240;-336
-192;-432;-528
-144;-528;-432
-288;-240;-528
-192;-528;-528
-48;-672;-480
-96;-48;-336
-96;-240;-528
-192;-432;-624
-192;-480;-480
0;-528;-384
96;-144;-768
-240;-576;-720
-96;-480;-288
-48;-624;-528
-48;-576;-528
-48;-384;-528
-48;-336;-432
-240;-528;-240
-144;-720;-384
96;-432;-432
-192;-336;-768
-48;-528;-384
-48;-624;-480
-48;-384;-480
-48;-336;-384
-48;-576;-720
-240;-480;-528
-240;-288;-576
-48;-720;-576
-288;-576;-480
-192;-288;-816
-192;-336;-192
-144;-384;-432
-432;-288;-336
-432;-336;-528
-240;-624;-816
-192;-288;-528
-96;-960;-432
-240;-576;-432
-288;-576;-384
0;-432;-384
-48;-432;-144
-480;-432;-384
-288;-336;-576
-48;-480;-336
-336;-384;-432
-336;-624;-624
-336;-624;-576
-144;-576;-288
-144;-480;-432
-240;-384;-576
-48;-528;-240
-192;-480;-384
-288;-480;-576
-240;-480;-336
-240;-480;-720
-480;-384;-480
-48;-144;-384
-144;-384;-768
-48;-192;-384
-240;-432;-336
-144;-480;-624
-192;-336;-528
-192;-384;-432
-336;-96;-192
-336;-96;-816
-384;-528;-528
-144;-672;-192
-144;-480;-528
192;-288;-576
-192;-624;-288
-192;-384;-432
-96;-480;-624
-288;-336;-432
-48;-336;-720
-192;-384;-480
-240;-720;-480
-144;-672;-576
-48;-432;-624
-288;-576;-432
-240;-384;-432
-96;-528;-624
-48;-288;-336
0;-432;-576
-288;-432;-816
-240;-624;-480
-240;-336;-384
-96;-432;-528
-48;-384;-624
-48;-816;-288
-336;-144;-432
-240;-528;-624
-96;-624;-720
-48;-288;-672
-144;-432;-528
-96;-240;-240
-96;-480;-480
-96;-480;-336
-48;-480;-480
96;-336;-432
-144;-768;-864
-240;-624;-336
-48;-480;-768
-48;-528;-384
-48;-480;-384
-96;-288;-480
-336;-720;-720
-48;-384;-432
-96;-624;-912
-96;-192;-672
-144;-384;-576
-336;-384;-624
-48;-480;-480
-96;-672;-528
-96;-432;-144
-192;-528;-336
-48;-240;-432
-144;-288;-432
-96;-288;-432
-240;-960;-432
-240;-816;-432
-336;-576;-624
-240;-672;-192
-96;-384;-336
-288;-336;-720
-48;-336;-624
-96;-288;-624
-48;-192;-768
-96;-720;-192
-96;-384;-480
-192;-384;-576
-96;-528;-480
-48;-384;-528
-240;-432;-336
-48;-336;-480
-288;-384;-384
-48;-576;-192
-48;-528;-480
96;-432;-576
-48;-816;-720
-48;-528;-384
192;-192;-96
-96;-384;-528
-192;-384;-528
-96;-624;-336
-336;-528;-432
-384;-576;-624
-48;-336;-336
-384;-528;-432
-96;-288;-624
-480;-624;-384
-144;-384;-192
-288;-624;-528
-96;-96;-624
96;-336;-672
-48;-480;-192
-240;-672;-672
-240;-240;-384
-48;-240;-240
-144;-384;-720
-288;-240;-528
-96;-528;-480
-192;-288;-480
-48;-432;-432
-192;-480;-720
-432;-384;-768
-240;-432;-528
-96;-624;-576
-48;-336;-384
-240;-432;-480
-96;-432;-528
-96;-96;-288
-48;-576;-816
-96;-384;-384
-240;-528;-384
-288;-384;-480
-96;-144;-528
-432;-624;-432
-240;-336;-528
-48;-768;-240
-432;-336;-480
-48;-624;-432
-240;-864;-432
-192;-432;-480
-240;-240;-192
-624;-384;-432
-192;-768;-720
-96;-336;-336
-192;-576;-384
-288;-48;-528
-48;-624;-624
-48;-480;-480
288;-480;-432
-144;-240;-384
-96;-384;-432
-192;-384;-960
-96;-288;-624
-48;-240;-288
-144;-288;-720
-336;-240;0
-336;-528;-528
-384;-96;-288
-48;-624;-384
-48;-480;-384
-48;-480;-432
-384;-288;-384
-144;-672;-384
-384;-336;-288
-96;-384;-528
-48;-432;-576
-48;-576;-576
-96;-288;-288
-192;-720;-480
-192;-576;-336
-240;-336;-768
-48;-384;-432
