-13;-1;9
-13;-1;9
-14;-2;9
-15;-3;8
-16;-4;7
-17;-6;7
-18;-7;6
-19;-8;5
-20;-9;5
-21;-10;4
-22;-12;3
-23;-12;2
-24;-13;2
-25;-14;2
-26;-14;1
-26;-15;1
-27;-15;1
-28;-15;1
-29;-15;2
-30;-15;2
-31;-15;3
-31;-15;3
-32;-15;4
-32;-15;4
-32;-15;5
-33;-15;5
-33;-14;6
-33;-14;7
-32;-13;7
-31;-11;8
-29;-9;10
-25;-7;11
-22;-5;12
-19;-4;13
-17;-3;13
-15;-2;13
-13;-1;13
-12;0;13
-10;1;12
-9;2;12
-7;2;11
-6;3;11
-5;3;10
-4;4;10
-3;4;9
-2;4;8
0;5;7
1;5;6
2;6;6
3;6;5
3;6;5
4;7;4
5;7;4
5;7;4
6;7;4
5;7;5
5;8;5
5;8;5
4;8;5
4;8;6
3;8;6
2;8;7
1;7;8
0;7;9
0;7;9
-2;6;10
-3;6;11
-3;5;11
-4;5;12
-5;5;13
-6;4;14
-9;3;14
-9;3;15
-15;1;15
-19;-1;16
-23;-3;15
-34;-8;14
-40;-11;12
-50;-16;10
-58;-20;8
-65;-24;7
-69;-27;7
-72;-29;7
-74;-31;8
-75;-32;9
-75;-32;10
-74;-31;12
-73;-29;13
-71;-27;15
-68;-25;17
-66;-23;18
-64;-21;20
-61;-19;21
-59;-17;22
-57;-16;23
-55;-15;24
-53;-14;24
-51;-13;24
-49;-13;23
-48;-13;22
-46;-13;21
-44;-12;19
-42;-12;18
-40;-12;16
-37;-12;14
-35;-11;13
-32;-11;11
-29;-10;10
-26;-9;8
-23;-9;7
-20;-7;6
-17;-6;6
-14;-5;5
-11;-4;4
-8;-3;4
-6;-2;4
-4;-1;3
-1;0;3
1;1;3
2;2;3
3;2;3
4;3;3
5;3;3
5;3;3
5;3;3
5;3;3
5;3;3
4;3;2
3;2;3
3;2;3
2;1;3
0;1;4
-1;1;4
-2;1;5
-4;1;6
-5;1;6
-7;1;7
-9;1;8
-10;2;9
-12;2;9
-13;2;9
-14;2;10
-15;2;10
-16;1;10
-16;1;9
-16;0;9
-16;0;9
-16;-1;8
-16;-1;8
-15;-2;7
-15;-2;7
-15;-2;6
-14;-2;6
-14;-2;5
-14;-2;5
-13;-2;4
-13;-2;4
-13;-2;3
-12;-2;3
-12;-2;3
-12;-2;3
-12;-2;3
-11;-2;3
-11;-2;3
-10;-2;2
-10;-2;2
-9;-2;2
-9;-2;2
-9;-2;2
-8;-1;2
-8;-1;1
-8;-1;1
-7;-1;1
-7;-1;1
-6;0;1
-6;0;1
-5;0;0
-5;0;0
-5;0;0
-4;0;0
-4;0;0
-4;0;1
-4;0;1
-5;0;1
-5;0;1
-5;0;1
-6;0;1
-6;0;2
-7;0;2
-7;0;2
-7;0;2
-8;0;2
-8;0;3
-8;-1;3
-8;-1;3
-9;-1;3
-9;-1;3
-9;-1;3
-9;-1;3
-9;-1;3
-8;-1;3
-8;-1;3
-8;-1;3
-8;-1;2
-7;-2;2
-7;-2;2
-7;-2;2
-6;-2;2
-6;-2;2
-5;-2;1
-4;-2;1
-3;-2;1
-2;-2;0
-1;-2;0
0;-2;-1
1;-1;-1
3;-1;-2
4;0;-2
5;0;-3
7;1;-3
8;2;-4
9;2;-4
11;3;-5
12;3;-5
13;3;-5
14;3;-6
14;3;-6
15;3;-6
15;3;-6
15;3;-6
15;3;-6
15;3;-6
15;3;-6
15;3;-6
14;3;-6
14;3;-5
14;3;-5
13;2;-5
13;2;-4
12;2;-4
12;2;-3
11;2;-2
10;2;-2
9;2;-1
8;2;-1
7;2;0
5;2;1
4;2;1
3;2;2
2;2;2
0;1;3
-1;1;3
-3;1;4
-4;1;4
-6;1;5
-7;1;5
-8;1;6
-9;0;6
-10;0;7
-10;0;7
-11;-1;7
-11;-1;7
-11;-1;8
-11;-2;8
-11;-2;8
-11;-2;8
-11;-2;8
-11;-2;8
-11;-2;8
-11;-2;8
-10;-2;7
-10;-2;7
-10;-2;7
-9;-2;7
-9;-2;6
-8;-2;6
-8;-2;6
-7;-1;6
-7;-1;5
-7;-1;5
-7;-1;5
-6;-1;5
-6;0;5
-6;0;5
-5;0;5
-5;1;5
-4;1;5
-4;2;5
-4;2;6
-4;2;6
-4;2;6
-4;2;5
-5;2;6
-5;2;6
-5;2;6
-6;2;6
-6;2;6
-7;2;6
-8;1;6
-8;1;6
-8;1;6
-9;1;6
-9;0;6
-9;0;6
-10;0;6
-10;0;6
-10;0;6
-10;0;5
-10;-1;5
-10;-1;5
-10;-1;5
-10;-1;4
-10;-1;4
-10;-1;4
-10;-1;4
-10;-1;4
-10;-1;4
-10;-1;4
-10;-1;4
-11;-1;4
-11;-1;4
-11;-1;5
-11;-1;5
-11;-1;5
-11;-1;5
-11;-1;5
-10;-1;5
-10;-1;6
-10;-1;5
-9;-1;5
-9;-1;5
-8;-1;5
-8;0;5
-7;0;4
-6;0;4
-6;0;4
-5;0;3
-4;0;3
-4;0;3
-4;0;3
-4;0;3
-4;0;2
-4;0;2
-4;0;2
-4;0;3
-5;0;3
-5;0;3
-5;0;3
-6;0;3
-6;0;3
-7;0;4
-7;0;4
-8;0;5
-9;0;5
-9;0;6
-10;0;6
-10;0;7
-11;0;7
-11;0;7
-12;0;7
-12;0;7
-13;0;7
-13;0;7
-13;0;6
-13;0;6
-14;0;6
-14;0;5
-14;0;5
-14;0;4
-13;0;4
-13;0;3
-13;0;3
-12;0;3
-12;0;3
-11;0;3
-11;1;3
-10;1;3
-10;1;3
-9;1;3
-8;1;3
-8;1;3
-7;1;3
-6;2;3
-6;2;3
-5;2;3
-5;2;3
-4;2;3
-4;2;3
-3;2;3
-3;2;3
-3;2;2
-3;2;2
-2;2;2
-2;2;2
-2;2;2
-2;2;2
-2;2;2
-2;2;2
-2;1;2
-2;1;2
-2;1;2
-2;1;2
-2;1;2
-1;1;2
-1;1;2
-1;1;1
0;1;1
0;2;1
0;2;1
1;2;1
1;2;1
1;2;1
2;2;1
2;2;1
2;2;1
2;1;1
1;1;1
1;1;0
1;1;0
0;1;1
0;1;1
-1;1;1
-1;1;1
-2;1;2
-3;1;2
-4;1;2
-5;1;2
-5;1;3
-6;1;3
-6;1;3
-7;1;3
-7;1;4
-7;1;4
-7;1;4
-7;1;4
-7;1;4
-7;1;4
-6;1;4
-6;1;4
-6;2;4
-5;2;4
-5;2;4
-4;2;3
-4;2;3
-3;2;3
-3;2;3
-2;2;3
-2;2;2
-1;2;2
-1;2;2
0;1;2
0;1;1
1;1;1
1;1;1
1;1;1
1;1;1
1;1;1
1;1;1
0;1;1
0;0;1
-1;0;1
-1;0;1
-2;0;1
-3;0;1
-3;-1;1
-4;-1;1
-4;-1;1
-5;-2;2
-5;-2;2
-6;-2;2
-6;-2;3
-6;-2;3
-7;-2;3
-14;-7;4
-21;-12;5
-11;0;5
-24;-2;7
-16;1;8
-11;7;7
-5;9;6
4;9;5
9;7;4
13;3;4
15;-1;3
14;-3;2
12;-3;2
10;-1;1
8;1;1
6;2;0
5;2;0
4;2;0
3;1;0
1;1;0
0;1;1
-1;1;2
-2;0;2
-4;0;3
-5;0;3
-7;-1;4
-8;-1;4
-8;-2;4
-9;-2;4
-9;-2;4
-9;-2;3
-10;-1;3
-10;-1;3
-9;-1;3
-9;-1;3
-8;-1;3
-7;0;3
-6;0;3
-5;0;3
-4;0;3
-3;0;3
-3;0;3
-2;0;3
-2;0;3
-2;0;3
-2;0;3
-2;0;4
-2;0;4
-3;1;4
-3;1;4
-3;1;4
-3;1;4
-3;1;4
-3;1;3
-3;2;3
-3;2;3
-4;1;4
-4;1;4
-4;1;4
-4;1;4
-4;1;4
-4;0;4
-4;0;4
-4;0;4
-5;0;5
-5;0;5
-5;0;5
-5;0;5
-6;0;6
-6;0;6
-6;0;7
-6;0;7
-7;0;7
-7;0;8
-7;0;8
-7;0;8
-8;0;8
-8;0;8
-8;-1;8
-8;-1;9
-8;-1;9
-8;-1;9
-8;-1;9
-8;-1;8
-7;-1;8
-7;-1;8
-7;-1;8
-6;0;8
-6;0;8
-6;0;8
-5;0;8
-5;0;8
-5;0;8
-5;1;8
-5;1;8
-5;1;8
-5;1;8
-5;1;8
-5;1;9
-5;1;9
-6;1;9
-6;1;10
-7;1;10
-7;1;10
-8;1;11
-9;1;11
-10;0;11
-11;0;11
-12;0;11
-13;0;11
-13;0;11
-14;0;11
-15;0;11
-17;0;11
-17;0;11
-18;0;11
-18;0;11
-18;-1;11
-19;-1;11
-19;-1;11
-19;-1;11
-20;-1;11
-20;-1;11
-21;-1;11
-21;0;11
-22;0;12
-23;0;12
-25;-1;13
-26;-1;13
-27;-1;14
-29;-1;15
-31;-2;16
-33;-2;17
-35;-3;18
-38;-4;19
-40;-4;20
-43;-5;21
-46;-5;22
-49;-6;24
-52;-6;25
-54;-7;26
-56;-8;26
-58;-8;27
-60;-8;28
-62;-10;28
-63;-10;29
-64;-10;30
-65;-11;31
-69;-13;32
-68;-13;33
-70;-13;34
-72;-12;35
-71;-11;37
-73;-11;38
-73;-10;38
-74;-10;39
-74;-10;40
-75;-10;41
-75;-9;43
-74;-9;44
-75;-8;46
-73;-7;48
-73;-6;49
-74;-5;49
-74;-4;49
-76;-4;49
-78;-4;49
-80;-4;50
-82;-5;50
-83;-5;51
-85;-6;52
-86;-6;53
-87;-6;54
-87;-6;54
-86;-5;55
-86;-5;56
-85;-4;56
-84;-4;55
-82;-4;55
-81;-4;54
-79;-4;52
-77;-5;51
-75;-5;49
-73;-6;46
-71;-7;44
-68;-8;41
-66;-8;38
-63;-8;36
-60;-8;33
-57;-8;31
-54;-8;29
-51;-7;27
-49;-7;26
-46;-6;25
-43;-5;24
-40;-4;24
-38;-3;24
-36;-2;25
-34;-1;25
-33;0;26
-31;1;27
-30;2;28
-29;3;29
-28;4;30
-28;5;32
-27;5;33
-27;7;34
-27;8;36
-27;9;38
-28;10;39
-28;11;41
-29;12;43
-29;14;45
-30;15;47
-30;16;49
-31;17;52
-32;18;54
-33;19;56
-34;19;58
-35;20;60
-36;20;61
-37;21;63
-39;21;64
-40;21;65
-41;21;66
-43;21;66
-44;20;66
-45;20;66
-46;20;66
-47;19;66
-48;19;66
-49;18;66
-50;18;66
-51;18;65
-51;17;65
-52;17;65
-52;17;66
-53;17;66
-53;17;66
-53;17;67
-53;18;68
-54;19;68
-54;20;69
-54;21;70
-55;22;72
-55;23;74
-56;25;76
-57;26;78
-58;28;80
-59;30;83
-60;32;86
-62;34;89
-63;36;93
-65;38;96
-67;40;100
-69;42;104
-71;44;108
-73;46;112
-76;48;116
-78;50;120
-80;52;124
-82;55;128
-84;57;131
-86;59;135
-88;60;138
-89;62;140
-91;63;143
-92;65;145
-93;65;146
-94;66;147
-95;66;147
-96;65;147
-97;65;147
-97;64;146
-98;63;145
-98;61;143
-98;59;140
-98;57;137
-98;54;134
-98;51;130
-97;48;126
-96;45;122
-94;42;117
-92;39;112
-90;37;108
-87;34;103
-84;32;99
-81;30;95
-77;29;91
-73;27;87
-69;26;85
-65;26;82
-61;25;80
-56;25;79
-52;25;78
-48;25;78
-44;25;79
-40;25;80
-37;26;81
-34;26;83
-31;27;85
-28;28;88
-26;29;90
-24;30;93
-23;32;96
-22;33;99
-21;34;102
-20;35;104
-20;36;107
-20;37;109
-20;38;111
-20;38;113
-20;38;115
-20;39;116
-19;38;117
-18;37;118
-17;36;119
-14;34;120
-11;32;121
-8;30;121
-4;28;121
1;26;121
5;24;120
9;22;118
13;21;116
17;19;114
20;17;111
23;16;108
26;15;105
28;13;101
29;12;98
31;11;94
32;10;91
32;8;88
33;7;85
33;6;83
34;5;81
34;4;79
34;2;78
34;1;77
35;0;76
35;0;76
35;-1;77
36;-1;78
36;-1;79
37;-1;81
37;-1;84
37;-1;86
37;0;90
37;1;93
38;1;97
38;2;101
38;3;104
37;4;108
37;5;112
36;6;116
36;8;120
35;9;124
35;10;128
34;12;132
33;13;135
31;15;139
30;16;143
29;18;146
27;19;149
26;21;153
24;22;156
19;25;158
9;33;160
-3;39;162
-14;45;164
-25;50;166
-36;53;167
-46;54;169
-53;53;171
-58;51;173
-61;48;175
-62;46;177
-61;45;179
-60;44;181
-59;44;182
-56;42;183
-50;37;183
-36;26;183
-21;15;183
-6;5;184
9;-4;185
21;-8;187
31;-8;188
37;-5;189
40;1;190
40;7;190
37;11;191
35;13;191
34;11;191
34;7;192
34;3;193
34;1;194
32;0;195
29;1;197
25;2;199
22;4;201
19;6;203
17;7;206
16;9;208
15;10;211
15;12;214
15;13;217
14;16;219
14;18;222
12;21;224
11;24;226
10;26;229
9;29;231
8;31;234
8;33;236
7;35;239
7;36;241
6;38;243
6;39;245
5;40;247
4;41;249
3;42;251
2;43;252
1;44;253
0;45;254
-1;45;255
-2;45;255
-3;45;256
-3;45;256
-4;44;256
-5;43;256
-4;42;255
-4;42;255
-4;41;254
-3;41;254
-1;40;253
0;40;252
3;39;252
5;39;250
8;38;249
12;38;248
15;37;247
19;36;245
23;36;243
27;35;241
31;35;239
35;34;236
39;34;234
42;33;232
46;33;229
50;33;227
54;33;224
58;34;222
62;34;219
66;34;217
71;35;215
76;36;213
80;37;210
85;38;208
90;39;207
94;41;205
98;42;203
102;44;201
106;45;199
109;46;197
112;47;196
115;48;194
117;49;193
118;49;191
119;50;189
119;50;188
119;50;187
118;49;186
116;49;185
114;48;185
111;47;185
108;46;184
105;45;184
102;44;184
99;43;183
96;42;183
93;41;183
89;41;182
87;40;182
84;40;182
80;40;182
78;40;181
75;40;181
73;40;181
71;40;181
69;40;180
67;40;179
66;40;178
66;41;177
65;41;176
65;41;175
65;41;174
66;41;173
66;41;172
67;41;171
67;41;169
68;41;168
69;42;166
71;42;165
72;42;163
73;42;161
75;43;159
77;43;158
78;44;156
80;44;154
81;44;152
82;44;150
83;44;148
84;44;146
84;44;145
85;44;143
85;44;142
86;43;140
86;43;139
87;43;139
87;43;138
89;43;137
90;42;136
91;42;134
93;42;132
94;42;129
94;42;127
95;42;124
95;42;122
95;42;119
95;42;117
95;42;115
95;41;112
96;41;110
96;41;108
96;41;106
97;40;105
97;40;103
97;40;102
98;40;101
98;40;99
98;40;98
98;40;97
98;40;96
98;40;95
97;39;94
97;39;93
97;39;91
96;39;90
96;39;88
95;39;87
94;39;85
94;39;84
93;39;83
92;39;82
91;39;81
90;39;80
89;39;79
88;39;78
86;39;77
85;39;76
84;39;74
83;39;73
82;39;72
81;38;70
80;38;69
79;37;68
78;37;67
77;37;67
76;36;66
75;36;66
75;36;65
74;36;65
74;35;65
74;36;66
73;36;66
73;36;67
73;36;67
73;36;68
73;36;68
73;36;68
73;36;68
73;36;68
73;37;69
73;39;69
72;41;69
71;43;70
70;46;70
69;50;70
67;54;71
65;59;71
66;66;72
65;72;74
66;79;75
68;87;77
70;93;79
72;96;80
72;100;80
72;100;81
68;97;82
64;94;84
55;89;86
49;85;86
40;76;84
31;68;83
24;60;81
13;48;80
5;39;79
-6;29;78
-16;20;78
-25;13;79
-34;5;80
-39;-2;82
-42;-10;84
-43;-18;86
-39;-23;90
-37;-31;94
-32;-35;98
-25;-36;104
-20;-39;110
-10;-38;118
-1;-38;125
9;-38;133
23;-36;141
34;-36;149
49;-32;158
62;-28;167
75;-23;176
91;-16;184
104;-11;193
120;-5;201
135;1;208
149;7;215
164;14;221
174;21;227
186;28;231
194;34;235
201;39;238
207;44;240
210;45;241
213;47;241
213;47;240
211;47;239
208;46;237
203;44;234
198;42;231
192;38;227
185;34;222
178;31;216
170;27;210
163;25;204
155;22;197
147;20;190
140;19;182
134;18;175
128;17;167
122;17;160
117;17;153
112;19;145
108;21;138
104;24;131
101;27;124
99;31;117
97;36;111
96;40;104
96;46;99
96;52;93
97;59;88
98;66;83
100;72;78
102;78;74
104;84;70
107;89;67
109;94;64
112;97;62
114;100;60
117;102;59
119;103;58
121;103;57
123;103;57
125;102;57
127;100;57
129;99;58
131;97;59
133;95;60
134;92;61
136;89;62
138;86;64
140;83;65
142;81;67
144;78;69
146;76;70
148;74;72
149;72;74
151;70;75
152;69;76
154;68;77
155;68;78
155;68;78
155;68;78
155;69;78
154;71;78
153;72;77
151;74;76
149;76;75
147;78;74
144;80;72
141;83;70
138;85;68
135;88;66
132;90;64
129;93;62
126;96;59
124;98;57
121;100;54
118;102;52
116;104;49
113;106;47
111;108;45
109;109;42
108;110;40
106;110;39
105;111;37
104;111;36
104;112;34
104;112;33
104;112;33
104;112;32
105;112;31
105;113;31
106;113;31
107;113;31
108;114;31
110;114;31
111;114;32
112;115;32
113;115;33
115;116;34
116;116;35
117;117;36
118;118;37
119;119;38
121;121;39
122;122;40
123;124;41
124;126;42
125;127;43
126;129;44
126;131;45
127;132;45
127;134;46
128;136;47
128;137;48
127;139;48
127;140;48
126;142;49
125;143;49
124;145;49
122;146;49
120;147;49
118;149;49
115;150;48
112;151;48
109;152;48
105;153;48
101;154;47
97;155;47
93;156;47
89;157;46
84;158;46
80;159;46
76;160;45
71;161;45
67;162;45
62;163;45
58;164;45
54;165;45
51;165;45
47;165;45
44;165;45
42;165;46
40;165;46
38;164;47
37;163;48
37;161;48
37;160;49
38;158;50
40;156;51
43;154;52
47;152;53
51;150;53
56;148;54
62;145;55
68;143;55
75;140;55
81;138;55
87;135;55
93;131;55
99;127;56
104;122;57
109;117;59
114;112;60
119;106;62
123;100;64
127;95;65
130;91;65
132;86;65
134;82;65
136;78;65
137;75;64
138;72;62
138;69;61
138;68;60
137;66;58
137;65;55
136;65;53
135;64;51
133;64;48
131;64;46
130;64;43
127;65;41
125;66;38
122;68;36
119;69;34
116;71;32
113;73;30
110;75;28
107;77;27
103;78;25
100;80;24
97;82;22
94;83;21
92;85;20
90;86;19
88;87;18
86;88;17
84;89;16
83;89;16
81;89;15
80;89;15
79;88;14
78;87;14
78;85;14
77;83;14
76;80;14
75;77;14
75;74;14
74;70;14
74;66;14
74;62;15
73;58;15
74;53;16
74;49;16
74;44;17
75;39;18
76;34;19
78;30;20
80;26;21
83;22;22
86;18;24
88;15;25
92;12;26
95;10;27
99;8;28
103;6;29
106;4;29
110;3;30
113;2;30
116;1;30
119;0;30
121;-1;30
123;-1;30
124;-2;30
125;-3;29
125;-4;28
125;-4;28
125;-5;27
123;-6;26
122;-7;25
120;-7;23
117;-8;22
114;-8;21
112;-9;20
109;-9;18
106;-9;17
103;-9;16
100;-9;14
97;-8;13
94;-8;12
92;-7;10
89;-6;9
86;-5;8
84;-4;7
81;-2;6
79;-1;5
76;0;4
74;1;4
71;3;3
69;4;2
67;5;2
65;6;2
63;7;1
61;8;1
60;9;1
59;9;1
57;10;1
57;10;1
56;11;1
56;11;1
56;11;1
56;11;1
56;10;1
57;9;1
57;8;1
58;7;1
59;6;1
60;4;1
61;2;2
62;0;2
63;-3;2
64;-5;2
66;-8;2
67;-11;2
68;-14;2
70;-17;2
71;-21;3
73;-24;3
75;-28;3
76;-31;3
78;-34;3
79;-37;3
80;-38;3
80;-37;2
78;-34;1
76;-28;0
75;-21;-2
73;-13;-3
72;-4;-3
72;3;-2
72;10;1
73;17;5
72;23;10
71;29;16
64;38;25
59;40;29
54;41;32
48;40;34
43;37;36
37;34;38
31;30;40
26;26;41
21;22;42
17;18;42
13;14;42
11;10;41
10;7;40
9;4;38
9;3;37
9;2;35
9;3;33
10;3;31
10;4;29
11;5;26
11;6;24
11;8;21
11;9;19
11;10;17
11;12;15
11;12;13
11;13;11
11;13;10
12;14;10
13;14;9
14;15;9
15;16;9
16;17;10
18;18;10
19;19;11
21;21;12
22;23;13
24;24;13
25;26;14
26;28;16
27;31;17
27;32;17
28;34;18
28;36;19
28;37;20
27;38;20
27;39;21
26;39;21
25;39;22
24;38;22
22;37;22
20;36;21
17;35;20
15;35;19
12;34;18
8;34;16
5;33;15
1;33;13
-2;32;11
-6;32;10
-10;32;9
-15;33;7
-19;33;7
-24;33;6
-29;33;6
-33;33;6
-38;32;6
-42;32;7
-47;32;7
-51;31;8
-54;30;10
-61;28;13
-64;27;15
-66;26;17
-68;24;20
-69;23;22
-70;21;25
-71;20;27
-72;18;30
-72;16;32
-73;15;34
-73;14;36
-73;12;38
-72;11;40
-72;10;42
-71;9;43
-70;8;45
-69;7;46
-68;6;48
-66;6;49
-65;6;51
-63;6;52
-62;5;53
-60;5;54
-58;5;55
-57;6;56
-55;6;57
-53;6;57
-51;6;58
-50;7;58
-48;8;58
-46;9;58
-44;10;58
-42;11;57
-41;13;57
-38;15;56
-36;17;55
-34;19;54
-32;21;53
-30;24;52
-28;26;50
-26;29;48
-24;32;47
-22;35;45
-20;38;43
-19;41;41
-17;43;38
-16;46;35
-15;48;32
-14;49;29
-14;51;26
-14;52;23
-14;53;20
-15;53;16
-16;54;13
-17;53;10
-18;53;7
-19;52;4
-21;52;1
-22;51;-2
-24;50;-5
-25;49;-7
-27;49;-9
-28;48;-10
-29;48;-12
-31;48;-13
-32;49;-14
-33;49;-14
-35;50;-15
-36;50;-15
-37;51;-15
-38;51;-15
-39;51;-14
-40;51;-13
-41;51;-12
-41;50;-11
-42;50;-9
-43;48;-7
-43;47;-5
-43;46;-3
-43;45;-1
-43;43;1
-43;42;3
-42;41;5
-42;40;7
-42;39;9
-41;39;11
-41;38;13
-40;38;15
-40;38;17
-39;38;19
-39;38;21
-39;38;23
-38;38;25
-38;38;27
-38;38;29
-38;38;31
-38;38;33
-38;38;35
-39;38;36
-39;38;38
-39;38;40
-40;39;41
-40;39;42
-40;39;43
-40;40;44
-40;41;44
-40;42;45
-39;43;45
-38;44;45
-37;45;45
-36;46;45
-35;47;45
-33;49;45
-32;50;45
-31;50;45
-29;51;44
-28;52;44
-26;53;44
-25;53;43
-24;53;43
-22;54;43
-21;54;43
-19;54;42
-18;53;42
-16;53;42
-15;52;42
-14;51;42
-13;49;42
-12;48;42
-11;47;42
-11;45;41
-10;45;41
-10;44;42
-11;43;42
-11;42;42
-11;42;42
-12;41;42
-13;41;42
-14;40;43
-15;40;43
-16;40;44
-17;39;46
-18;39;47
-19;38;48
-19;38;50
-21;38;51
-22;37;52
-23;36;54
-24;36;56
-25;36;57
-26;35;59
-27;35;61
-29;35;62
-30;35;64
-31;34;66
-32;34;67
-33;34;69
-34;34;70
-34;34;71
-35;34;72
-36;33;73
-37;33;74
-38;33;76
-38;33;77
-39;33;78
-40;33;78
-41;33;79
-41;32;80
-42;31;81
-43;30;81
-43;29;82
-44;28;82
-45;27;82
-45;26;82
-46;24;81
-47;23;81
-48;22;80
-49;20;79
-49;19;78
-50;18;78
-51;17;77
-52;16;76
-52;15;75
-53;14;74
-54;13;74
-54;13;73
-55;12;73
-56;12;72
-57;12;71
-57;11;71
-58;11;70
-59;11;70
-59;10;69
-60;10;68
-60;10;68
-60;10;67
-61;11;66
-61;12;66
-61;13;65
-61;14;65
-61;16;64
-61;17;63
-61;19;63
-61;20;62
-60;21;62
-60;23;61
-59;24;60
-59;25;59
-58;26;59
-58;27;58
-57;28;58
-56;29;57
-55;30;57
-55;30;56
-54;30;56
-53;30;55
-52;30;53
-52;30;52
-52;30;51
-52;29;50
-52;29;48
-52;28;47
-53;27;46
-54;27;45
-55;26;44
-56;25;44
-57;24;44
-58;23;43
-59;22;43
-61;21;43
-62;20;43
-63;18;43
-65;17;43
-66;16;43
-68;15;42
-69;14;42
-71;13;41
-72;12;40
-74;12;39
-76;12;38
-77;12;36
-79;12;35
-81;12;33
-83;13;31
-85;13;29
-87;14;27
-89;15;25
-91;16;23
-93;16;21
-95;17;18
-97;18;16
-99;18;14
-101;18;12
-103;18;10
-104;18;8
-106;18;6
-107;18;4
-108;18;3
-109;17;1
-110;16;0
-111;15;-1
-111;14;-2
-111;14;-3
-111;13;-5
-111;13;-6
-111;14;-7
-110;14;-8
-110;16;-9
-109;17;-10
-109;18;-11
-108;20;-12
-107;22;-13
-107;23;-13
-107;25;-14
-107;27;-15
-108;28;-15
-108;30;-15
-109;31;-16
-111;32;-16
-112;33;-15
-114;33;-15
-116;33;-15
-118;33;-14
-120;32;-13
-122;31;-12
-124;30;-11
-126;28;-10
-128;27;-8
-130;25;-7
-132;22;-6
-133;20;-4
-135;17;-2
-135;15;-1
-136;12;0
-136;10;1
-136;8;2
-136;6;3
-135;4;3
-134;3;4
-132;1;4
-131;0;4
-128;-1;4
-126;-1;4
-123;-2;3
-121;-3;3
-118;-4;3
-115;-4;2
-112;-5;1
-109;-6;1
-107;-6;0
-104;-7;-1
-102;-7;-1
-99;-7;-2
-97;-7;-2
-95;-7;-2
-93;-7;-3
-90;-7;-3
-88;-6;-3
-86;-6;-4
-84;-5;-4
-82;-3;-4
-80;-2;-4
-78;-1;-4
-76;1;-4
-75;3;-4
-73;4;-4
-72;6;-4
-71;7;-4
-71;8;-4
-70;9;-4
-71;10;-5
-71;10;-5
-71;11;-5
-72;11;-5
-73;11;-5
-74;11;-5
-75;11;-5
-76;10;-5
-77;10;-5
-78;9;-5
-79;8;-5
-80;7;-4
-80;5;-4
-81;5;-4
-81;4;-4
-81;3;-4
-80;2;-4
-80;2;-3
-79;1;-3
-79;1;-3
-78;0;-3
-77;0;-3
-76;-1;-3
-74;-1;-3
-73;-2;-3
-72;-2;-3
-70;-3;-3
-69;-3;-3
-67;-4;-3
-65;-5;-3
-64;-5;-3
-62;-6;-3
-60;-6;-3
-58;-6;-3
-57;-6;-3
-55;-7;-3
-53;-7;-3
-52;-7;-3
-50;-7;-2
-48;-8;-2
-47;-9;-2
-46;-10;-2
-44;-11;-1
-43;-12;-1
-41;-13;-1
-40;-14;-1
-38;-15;-1
-36;-16;0
-35;-17;0
-33;-18;0
-31;-19;-1
-29;-20;-1
-27;-21;-1
-25;-21;-2
-23;-22;-2
-21;-23;-3
-19;-23;-3
-17;-23;-4
-16;-23;-4
-14;-23;-5
-12;-23;-6
-11;-23;-6
-10;-23;-7
-9;-23;-8
-8;-23;-10
-7;-23;-11
-6;-23;-12
-6;-23;-13
-6;-23;-14
-6;-23;-16
-6;-23;-17
-6;-23;-18
-6;-24;-19
-6;-24;-20
-7;-24;-22
-8;-24;-23
-8;-24;-23
-9;-24;-24
-9;-24;-25
-10;-24;-26
-10;-24;-27
-11;-24;-27
-11;-24;-28
-12;-25;-28
-12;-25;-29
-12;-25;-29
-13;-25;-29
-13;-26;-30
-13;-26;-30
-13;-26;-30
-12;-26;-30
-12;-26;-30
-12;-26;-30
-11;-26;-30
-11;-27;-30
-11;-27;-30
-10;-27;-31
-10;-27;-31
-9;-26;-31
-9;-26;-31
-8;-26;-31
-8;-26;-31
-8;-26;-31
-7;-26;-31
-7;-26;-31
-7;-26;-30
-7;-26;-30
-7;-27;-30
-7;-27;-29
-7;-27;-29
-7;-27;-29
-7;-28;-29
-7;-28;-28
-7;-28;-28
-7;-29;-27
-6;-29;-27
-6;-29;-27
-6;-29;-27
-6;-29;-27
-5;-28;-27
-5;-28;-28
-4;-28;-28
-4;-27;-29
-4;-27;-29
-3;-27;-29
-3;-27;-29
-3;-26;-29
-3;-26;-29
-3;-26;-29
-3;-26;-29
-3;-26;-29
-3;-27;-29
-3;-27;-28
-3;-27;-28
-4;-28;-27
-4;-28;-27
-4;-29;-27
-4;-29;-26
-5;-30;-26
-5;-31;-26
-6;-31;-26
-6;-32;-26
-6;-32;-25
-7;-33;-25
-7;-33;-25
-8;-33;-25
-8;-33;-24
-9;-33;-24
-9;-33;-23
-9;-33;-23
-10;-33;-23
-10;-33;-22
-11;-33;-22
-11;-33;-21
-12;-33;-21
-12;-34;-20
-12;-34;-20
-12;-35;-19
-12;-35;-19
-12;-36;-18
-12;-37;-18
-12;-37;-17
-11;-38;-17
-10;-38;-16
-9;-39;-16
-8;-39;-16
-7;-39;-15
-5;-40;-15
-3;-40;-15
-1;-40;-15
1;-39;-15
3;-39;-15
5;-38;-15
7;-37;-15
9;-37;-15
11;-36;-15
14;-35;-15
16;-34;-15
18;-33;-15
20;-32;-14
22;-31;-14
23;-30;-13
25;-29;-13
26;-28;-12
27;-27;-11
27;-27;-10
28;-26;-9
28;-25;-8
28;-25;-7
28;-24;-6
27;-24;-5
26;-23;-4
26;-23;-3
24;-22;-1
23;-21;0
22;-21;2
21;-20;3
20;-20;5
19;-19;6
17;-19;8
16;-18;9
15;-18;10
15;-18;11
14;-17;12
13;-17;13
12;-16;14
12;-16;14
11;-15;14
11;-15;15
10;-14;15
10;-13;14
10;-13;14
10;-12;13
10;-11;13
10;-11;12
11;-10;11
11;-10;10
12;-9;10
13;-9;9
14;-8;8
15;-7;8
16;-7;7
18;-6;7
19;-5;7
20;-4;6
22;-4;6
24;-3;6
25;-2;6
26;-1;6
28;0;7
29;0;7
30;2;9
31;3;10
31;3;11
31;4;13
32;4;14
31;4;15
31;5;17
31;5;18
30;4;20
30;4;21
29;4;22
28;4;23
28;4;24
27;4;25
26;5;26
25;5;26
24;5;26
24;6;26
23;6;26
22;7;25
22;8;25
22;9;24
22;10;24
22;11;23
22;12;22
23;13;21
23;13;21
24;14;20
24;15;19
25;16;18
26;16;17
27;17;16
28;18;15
29;19;14
29;20;13
30;21;12
31;22;11
32;24;10
34;25;9
35;26;8
36;27;7
37;27;6
38;28;5
39;28;5
40;29;4
40;29;4
41;30;3
42;31;3
42;31;3
42;32;3
42;33;2
42;33;2
42;34;2
42;34;3
42;35;3
42;35;3
42;35;4
41;35;4
41;35;5
41;35;6
40;35;7
40;34;8
40;33;9
39;33;10
39;31;11
40;30;12
40;29;13
40;28;14
41;27;15
42;26;16
43;25;17
44;24;18
45;23;19
46;23;20
47;22;21
49;22;21
50;21;22
52;21;23
53;20;24
55;19;24
56;18;25
58;17;25
59;16;25
61;15;25
62;14;25
63;12;24
64;11;24
65;9;24
65;8;23
66;6;23
67;4;22
67;3;22
67;2;21
67;0;20
68;-1;20
68;-2;19
68;-4;19
68;-5;18
68;-7;18
68;-8;18
68;-9;18
68;-11;18
69;-12;18
69;-13;18
69;-13;19
69;-14;19
70;-14;19
70;-14;19
70;-13;20
71;-12;20
71;-11;20
72;-10;20
72;-8;21
73;-6;21
73;-4;21
74;-2;22
74;1;22
75;3;22
76;5;22
76;6;22
77;8;22
78;10;23
79;11;23
80;12;23
81;13;24
81;14;24
82;15;24
82;16;24
82;16;23
82;17;23
82;18;23
82;18;23
82;18;22
82;18;22
82;18;22
82;18;22
82;17;22
83;17;22
83;16;22
84;15;22
85;13;23
85;11;23
86;9;23
87;7;23
88;5;22
89;3;23
90;1;22
91;0;22
92;-2;22
93;-3;22
94;-4;22
95;-4;21
96;-5;20
97;-4;20
98;-4;19
100;-3;18
102;-3;18
104;-2;17
107;-1;16
109;0;16
112;1;15
115;2;14
118;3;13
122;5;12
125;6;11
128;8;11
132;11;11
134;13;11
136;15;12
138;18;12
139;20;12
140;23;12
140;25;12
141;27;11
141;28;11
140;30;10
140;30;9
141;30;8
141;29;7
141;28;6
141;27;5
141;26;4
140;24;4
140;23;3
139;20;3
138;18;3
137;15;3
136;12;3
136;9;3
134;5;4
134;1;5
133;-4;5
132;-9;7
132;-15;8
132;-21;9
132;-27;9
132;-32;9
132;-38;8
132;-43;8
133;-47;7
134;-52;5
135;-56;4
137;-59;2
139;-63;1
141;-65;-1
146;-70;-4
149;-73;-6
152;-75;-8
155;-77;-9
158;-79;-11
161;-81;-12
163;-82;-14
165;-83;-15
167;-84;-16
168;-84;-17
168;-84;-18
168;-85;-18
168;-84;-19
167;-84;-19
167;-83;-20
166;-81;-20
164;-79;-20
163;-77;-21
162;-75;-21
161;-72;-21
159;-69;-21
158;-66;-21
157;-63;-21
155;-59;-22
154;-55;-22
153;-52;-22
152;-48;-22
152;-45;-22
151;-42;-21
151;-39;-21
151;-37;-21
150;-34;-20
150;-32;-19
151;-31;-19
151;-30;-18
152;-31;-17
152;-32;-16
153;-34;-14
154;-36;-13
155;-39;-12
156;-42;-10
157;-46;-9
158;-49;-8
159;-52;-6
159;-54;-6
159;-56;-5
159;-57;-4
159;-57;-4
158;-57;-4
157;-56;-4
155;-56;-4
154;-56;-3
152;-56;-3
150;-56;-4
147;-56;-4
144;-56;-6
140;-56;-8
136;-56;-11
132;-57;-14
127;-57;-18
122;-57;-22
117;-56;-26
113;-55;-30
109;-53;-34
105;-51;-37
102;-49;-41
99;-47;-44
97;-45;-46
95;-44;-49
93;-42;-51
92;-40;-53
91;-38;-55
91;-37;-56
91;-35;-58
92;-34;-59
93;-32;-60
95;-30;-61
97;-28;-62
99;-26;-63
102;-24;-63
105;-22;-64
107;-21;-64
110;-20;-64
112;-19;-65
114;-19;-65
115;-19;-65
116;-20;-65
116;-22;-65
116;-25;-66
115;-28;-66
113;-32;-65
111;-36;-65
108;-41;-65
105;-45;-64
102;-49;-63
98;-54;-62
94;-57;-61
91;-61;-60
87;-64;-58
83;-66;-57
80;-68;-54
77;-70;-52
74;-71;-49
71;-71;-47
69;-70;-44
68;-69;-41
67;-68;-38
66;-66;-35
66;-64;-32
66;-61;-28
66;-59;-25
67;-57;-21
67;-54;-18
68;-52;-15
69;-50;-12
69;-48;-9
70;-46;-5
71;-44;-3
71;-42;0
72;-40;3
73;-38;5
73;-36;8
73;-34;10
72;-32;12
71;-30;14
70;-29;15
68;-29;17
66;-28;18
63;-29;18
59;-29;19
55;-30;20
51;-31;21
46;-32;22
41;-34;24
36;-35;25
31;-36;27
26;-37;29
21;-39;31
16;-40;33
12;-40;35
7;-41;38
3;-42;41
-1;-42;43
-5;-42;46
-8;-43;48
-11;-43;50
-15;-43;52
-18;-43;53
-21;-43;55
-23;-42;56
-25;-42;57
-27;-42;57
-28;-41;58
-29;-41;58
-29;-40;59
-28;-38;60
-26;-37;61
-23;-36;62
-20;-34;64
-15;-31;66
-10;-29;67
-5;-27;69
1;-24;70
6;-22;71
12;-19;73
18;-17;74
23;-15;75
27;-12;76
31;-10;78
34;-8;79
37;-5;80
39;-3;81
40;-2;83
41;0;84
41;1;86
40;2;87
39;2;88
37;2;89
36;2;90
33;3;91
30;3;91
27;3;92
24;3;93
21;3;93
17;3;94
13;3;95
10;3;96
6;2;97
2;2;98
-2;1;99
-5;0;101
-8;-1;102
-11;-2;103
-13;-3;105
-15;-4;106
-16;-4;107
-17;-5;108
-18;-5;109
-18;-5;110
-18;-5;110
-17;-5;111
-17;-4;111
-16;-4;111
-15;-3;111
-14;-2;110
-13;-1;110
-12;0;109
-11;1;108
-10;2;107
-10;2;106
-9;3;104
-9;3;103
-8;4;102
-7;4;100
-7;4;99
-6;4;97
-6;4;95
-5;4;93
-4;4;91
-4;3;88
-3;3;86
-3;2;83
-2;1;81
-2;0;78
-1;-1;75
-1;-2;73
0;-3;70
0;-5;67
0;-6;65
1;-7;62
2;-7;60
2;-8;57
3;-8;55
4;-9;53
5;-9;51
5;-9;50
6;-8;49
7;-8;47
7;-8;46
7;-9;45
7;-9;44
7;-9;43
7;-9;43
7;-9;42
7;-9;42
7;-9;42
7;-8;43
7;-7;44
8;-6;45
8;-5;47
9;-4;50
10;-3;53
11;-1;55
12;0;59
13;2;62
14;4;65
15;7;68
16;9;72
17;12;76
17;15;79
18;18;82
19;21;86
19;23;89
20;26;91
20;28;93
20;29;95
20;31;97
20;32;98
20;33;100
19;34;101
19;35;102
19;36;104
18;37;105
18;37;107
18;38;110
18;38;112
18;39;115
17;38;117
17;38;120
16;37;122
15;35;124
14;34;125
13;32;127
11;31;128
9;29;129
6;27;130
3;26;131
0;25;132
-3;24;133
-7;24;133
-10;24;133
-13;24;131
-15;24;129
-17;24;126
-19;23;123
-19;21;119
-20;19;114
-20;16;110
-20;13;106
-20;10;103
-21;8;101
-22;7;99
-24;6;98
-27;6;98
-30;7;97
-34;8;97
-38;10;96
-41;11;96
-45;11;95
-49;11;95
-51;11;94
-53;9;93
-54;6;92
-54;3;92
-53;0;91
-51;-4;90
-48;-9;88
-44;-13;87
-39;-17;85
-33;-21;82
-27;-24;78
-20;-27;74
-13;-30;68
-5;-32;62
3;-35;55
11;-37;46
19;-41;38
27;-44;29
34;-49;20
40;-54;11
45;-59;3
49;-64;-5
51;-70;-12
51;-75;-19
49;-80;-25
46;-84;-31
41;-87;-36
35;-89;-41
28;-90;-46
21;-91;-50
14;-91;-55
7;-90;-58
1;-88;-62
-5;-86;-65
-9;-85;-67
-13;-83;-69
-16;-81;-71
-18;-80;-73
-20;-78;-73
-20;-76;-74
-20;-74;-74
-19;-73;-73
-19;-70;-73
-18;-68;-72
-17;-65;-71
-16;-63;-70
-15;-60;-68
-15;-57;-67
-15;-54;-65
-15;-51;-63
-16;-48;-62
-16;-45;-60
-17;-42;-58
-17;-39;-56
-18;-36;-54
-18;-34;-52
-18;-32;-50
-18;-31;-48
-17;-30;-47
-16;-29;-45
-15;-29;-43
-13;-30;-41
-11;-30;-39
-8;-30;-37
-5;-31;-35
-2;-31;-33
2;-31;-31
5;-31;-29
9;-31;-28
12;-31;-26
15;-31;-25
17;-30;-23
20;-29;-22
22;-29;-21
23;-28;-20
24;-27;-19
26;-27;-18
26;-26;-18
27;-25;-17
28;-24;-17
28;-23;-17
28;-23;-16
29;-22;-16
29;-21;-16
30;-20;-17
30;-19;-17
31;-18;-17
31;-18;-18
31;-18;-18
31;-18;-19
31;-19;-19
30;-20;-20
29;-21;-21
28;-23;-22
27;-24;-22
25;-25;-23
24;-26;-23
22;-27;-24
20;-28;-24
19;-29;-24
17;-30;-24
15;-31;-23
14;-32;-23
12;-32;-23
11;-33;-22
9;-34;-22
7;-34;-22
6;-34;-22
4;-34;-22
3;-34;-22
1;-34;-22
0;-34;-23
-2;-34;-24
-4;-34;-25
-6;-34;-26
-8;-33;-28
-10;-33;-30
-13;-33;-32
-15;-32;-33
-18;-32;-35
-20;-31;-36
-22;-30;-37
-24;-29;-38
-25;-28;-38
-26;-26;-38
-26;-25;-37
-26;-24;-37
-26;-23;-36
-26;-22;-35
-25;-21;-34
-25;-20;-33
-24;-18;-31
-23;-17;-29
-22;-15;-28
-21;-14;-26
-20;-12;-23
-18;-11;-21
-17;-9;-19
-14;-8;-17
-12;-6;-14
-9;-5;-12
-7;-3;-9
-4;-2;-8
-1;0;-6
2;1;-5
5;1;-3
7;2;-2
10;2;0
12;1;1
14;1;3
16;-1;4
17;-3;5
18;-5;7
19;-7;8
20;-9;10
20;-11;11
20;-13;13
19;-15;15
19;-16;18
20;-16;20
20;-16;22
21;-14;25
22;-13;28
24;-10;31
26;-7;34
29;-4;38
32;-1;42
35;2;45
38;5;48
42;8;50
44;11;53
47;14;55
49;17;57
50;20;59
50;23;60
50;26;60
49;28;61
48;31;60
46;33;59
43;34;58
40;35;56
36;36;54
33;36;51
29;36;49
26;35;46
22;35;43
19;34;40
16;33;38
13;32;35
11;31;33
9;30;31
7;29;31
6;29;31
5;28;32
5;28;33
5;28;36
5;27;39
6;27;43
7;27;47
8;27;50
9;27;53
10;27;57
11;28;59
12;29;62
12;30;64
12;31;66
12;32;68
11;34;70
10;34;71
8;35;72
6;35;72
4;35;73
2;34;72
0;33;72
-3;32;71
-5;30;70
-6;29;68
-7;27;67
-7;26;65
-7;24;62
-6;24;60
-4;23;57
-2;23;55
1;24;52
5;24;49
9;25;47
13;26;44
18;27;42
23;28;40
28;30;38
33;31;36
37;33;35
42;35;35
45;36;36
49;37;36
51;37;37
53;37;38
55;37;39
55;37;41
55;36;43
54;35;46
53;34;48
52;33;51
51;31;55
49;29;59
47;27;63
46;24;67
44;21;72
43;19;77
41;16;82
40;14;87
39;12;92
38;11;97
38;10;102
37;9;106
36;9;110
36;9;114
36;10;118
36;10;121
36;11;124
35;12;127
35;13;129
35;15;131
34;17;132
34;19;133
33;22;133
32;25;133
30;27;133
29;30;132
27;33;131
26;36;130
25;39;130
23;41;129
22;43;128
21;45;127
19;47;126
19;48;123
19;49;120
19;49;116
20;47;111
21;44;104
23;40;97
26;34;90
28;26;82
30;17;74
31;8;67
32;-2;60
33;-11;54
32;-18;49
31;-25;46
29;-29;43
26;-33;41
24;-34;40
21;-35;40
19;-34;40
16;-33;40
14;-30;41
13;-27;43
11;-24;45
10;-20;47
10;-16;51
10;-11;54
10;-7;59
11;-4;63
12;-1;67
12;2;71
13;5;76
13;7;81
13;9;86
13;11;90
12;13;95
11;15;99
10;17;103
8;19;107
6;22;112
4;24;116
2;26;120
0;29;123
-3;31;127
-5;33;129
-6;35;132
-8;36;135
-9;38;137
-10;39;139
-11;41;141
-11;42;142
-12;43;142
-11;44;141
-11;44;139
-11;45;135
-10;45;130
-8;44;123
-7;42;115
-4;39;106
-1;35;96
3;29;85
7;22;74
10;14;63
14;5;52
17;-6;41
18;-16;32
19;-26;23
19;-35;15
18;-43;8
16;-49;2
14;-53;-4
12;-56;-9
10;-58;-13
8;-59;-16
7;-59;-18
7;-59;-20
7;-59;-20
8;-59;-19
9;-59;-18
11;-59;-16
14;-61;-14
17;-62;-12
21;-64;-9
24;-65;-6
28;-66;-3
31;-67;0
33;-68;2
35;-69;4
37;-69;6
38;-69;8
38;-68;9
37;-68;9
34;-67;9
31;-67;9
27;-70;8
20;-73;7
11;-69;6
0;-68;5
-11;-65;3
-21;-60;2
-28;-54;1
-29;-49;0
-31;-41;-2
-31;-31;-5
-26;-19;-9
-23;-4;-12
-16;14;-15
-9;32;-18
-4;48;-20
4;62;-23
9;72;-25
15;80;-27
19;87;-28
20;93;-28
19;99;-28
14;102;-26
9;104;-24
3;103;-21
-4;99;-17
-10;94;-12
-17;89;-6
-23;85;0
-29;82;8
-34;79;15
-37;76;23
-38;72;32
-36;68;40
-32;65;48
-27;62;57
-20;61;65
-12;59;73
-4;58;80
6;55;86
16;52;91
26;47;96
35;42;99
44;37;102
57;25;105
62;18;105
66;9;104
69;0;102
71;-10;99
72;-19;96
72;-28;93
71;-36;89
71;-44;86
70;-51;82
69;-58;78
69;-63;74
69;-68;71
69;-70;68
69;-72;65
69;-72;62
69;-71;60
69;-70;59
68;-68;58
68;-66;57
67;-63;56
66;-59;56
64;-55;57
61;-51;57
58;-47;58
55;-43;58
52;-39;59
48;-35;59
44;-31;60
41;-26;60
37;-22;60
33;-17;61
29;-13;61
26;-9;60
23;-5;60
20;-1;59
18;3;59
15;7;58
13;11;57
11;15;56
9;19;55
8;22;53
6;26;52
5;29;51
4;32;50
2;36;49
2;39;49
1;41;48
0;43;48
0;44;48
0;44;48
1;44;48
2;44;48
3;42;49
4;41;49
5;39;50
7;36;50
8;34;51
10;31;52
11;28;52
13;26;53
14;23;54
15;20;55
16;17;55
17;14;56
18;11;57
18;8;58
19;5;59
20;2;59
21;-1;60
21;-5;61
22;-8;61
23;-12;62
25;-15;62
26;-18;62
27;-21;62
29;-23;62
30;-26;62
32;-28;62
34;-30;62
35;-32;61
37;-33;61
38;-34;60
39;-36;59
41;-37;58
42;-38;57
42;-39;56
43;-39;54
44;-40;53
44;-40;52
44;-40;50
44;-39;49
44;-38;47
44;-37;46
44;-36;44
43;-35;42
42;-34;41
42;-32;39
40;-30;38
39;-28;36
38;-26;34
37;-24;33
36;-22;31
34;-20;29
33;-18;28
32;-16;26
31;-14;24
29;-12;23
28;-10;21
27;-9;20
25;-7;18
24;-6;16
23;-4;15
21;-3;13
20;-2;12
18;-1;10
17;0;8
15;1;7
14;2;5
13;3;4
11;4;2
10;5;1
10;6;0
9;7;-2
8;8;-3
7;10;-4
7;11;-5
6;12;-6
5;13;-7
5;13;-8
3;14;-8
2;15;-9
1;16;-9
0;16;-10
-1;17;-10
-3;17;-11
-4;18;-11
-5;18;-11
-6;19;-12
-7;19;-12
-8;19;-13
-8;19;-13
-9;18;-14
-9;18;-14
-9;16;-15
-9;15;-16
-9;14;-16
-8;12;-17
-8;10;-17
-7;9;-18
-6;7;-18
-5;6;-19
-4;5;-19
-3;4;-19
-1;3;-20
0;3;-20
2;2;-20
4;2;-21
6;3;-21
8;3;-21
9;3;-21
10;3;-22
12;3;-22
13;2;-22
13;2;-22
14;1;-22
14;1;-22
14;0;-23
13;0;-23
13;0;-23
13;-1;-23
13;-1;-23
12;-1;-23
12;-1;-23
12;0;-23
12;0;-23
12;0;-23
12;0;-23
12;1;-22
12;1;-22
12;2;-22
12;2;-22
11;2;-21
10;2;-21
10;2;-21
9;2;-21
7;2;-20
6;2;-20
5;2;-20
3;2;-19
2;2;-19
0;2;-19
-1;3;-18
-2;3;-18
-3;4;-18
-4;4;-17
-5;5;-17
-5;5;-17
-6;5;-16
-6;5;-16
-6;5;-15
-6;5;-15
-6;5;-14
-6;4;-14
-6;4;-13
-6;3;-13
-5;3;-12
-5;2;-12
-5;0;-11
-4;-1;-11
-4;-2;-10
-3;-4;-10
-2;-5;-9
-1;-6;-9
0;-7;-8
1;-8;-8
2;-9;-8
3;-10;-8
4;-11;-8
4;-12;-8
5;-12;-8
5;-13;-8
5;-14;-8
5;-14;-8
5;-15;-9
4;-16;-9
4;-16;-9
3;-16;-9
3;-16;-10
2;-16;-10
1;-16;-10
1;-16;-10
1;-16;-11
0;-16;-11
0;-16;-11
0;-16;-11
0;-16;-11
0;-16;-10
0;-15;-10
1;-15;-10
1;-15;-10
2;-14;-10
2;-14;-9
2;-13;-9
3;-12;-8
3;-11;-8
4;-11;-7
4;-10;-7
4;-9;-6
4;-9;-6
4;-8;-5
4;-7;-4
4;-7;-4
3;-6;-3
3;-6;-3
2;-5;-2
2;-5;-2
2;-4;-1
1;-3;-1
1;-3;-1
0;-2;0
0;-2;0
-1;-1;0
-1;-1;0
-2;0;0
-2;1;0
-2;1;0
-3;2;-1
-3;2;-1
-3;3;-1
-4;3;-2
-4;3;-2
-5;3;-3
-5;3;-3
-6;3;-3
-7;3;-4
-7;3;-4
-8;2;-4
-9;2;-4
-9;1;-4
-10;1;-4
-10;1;-4
-10;0;-4
-10;0;-4
-10;0;-4
-10;-1;-4
-9;-1;-3
-9;-2;-3
-8;-2;-2
-7;-3;-2
-6;-4;-1
-5;-4;-1
-4;-5;0
-3;-6;1
-2;-7;1
-1;-8;2
0;-8;2
1;-9;2
1;-10;3
1;-12;3
2;-13;3
2;-14;3
2;-15;3
2;-16;3
3;-17;3
3;-18;3
3;-18;2
4;-18;2
4;-19;1
5;-19;1
5;-19;0
6;-19;0
6;-18;0
6;-18;-1
7;-18;-1
6;-17;-2
6;-17;-2
6;-16;-2
5;-15;-3
5;-14;-3
4;-13;-3
3;-12;-3
2;-11;-3
1;-10;-3
-1;-9;-3
-2;-8;-3
-3;-7;-3
-4;-5;-3
-4;-4;-3
-5;-3;-2
-6;-2;-2
-6;-1;-2
-7;0;-2
-7;2;-2
-7;3;-2
-8;4;-2
-8;4;-2
-8;5;-2
-8;6;-2
-8;6;-2
-8;6;-2
-9;6;-2
-9;6;-2
-9;6;-2
-9;5;-2
-9;5;-2
-9;5;-3
-8;4;-3
-8;3;-3
-8;3;-3
-7;2;-3
-7;1;-3
-6;1;-3
-5;1;-3
-5;0;-3
-4;0;-3
-3;-1;-3
-3;-1;-3
-2;-1;-3
-2;-2;-3
-1;-2;-3
-1;-3;-2
-1;-3;-2
-1;-4;-2
-1;-4;-2
-1;-4;-2
-1;-5;-2
-1;-5;-2
-2;-5;-1
-2;-5;-1
-2;-5;-1
-2;-5;-1
-1;-5;-1
-1;-4;-1
-1;-4;-1
-1;-4;0
-1;-3;0
0;-3;0
0;-3;0
0;-2;1
0;-2;1
0;-2;1
1;-2;1
1;-2;2
0;-2;2
0;-2;2
0;-2;2
0;-2;2
-1;-2;2
-1;-2;2
-1;-2;2
-2;-2;1
-2;-2;1
-2;-2;1
-3;-2;1
-3;-2;0
-3;-2;0
-3;-2;0
-3;-2;0
-3;-2;0
-3;-2;-1
-3;-2;-1
-2;-2;-1
-2;-2;-1
-2;-3;-1
-2;-3;-1
-1;-3;-1
-1;-3;-1
-1;-3;-1
0;-4;0
0;-4;0
0;-4;0
0;-4;0
1;-4;0
1;-4;1
1;-4;1
1;-4;1
1;-3;2
2;-3;2
2;-3;2
2;-3;3
2;-4;3
2;-4;3
1;-4;3
1;-4;3
1;-4;3
1;-4;3
1;-4;3
1;-5;3
1;-5;2
0;-5;2
0;-5;2
0;-5;1
0;-5;1
0;-5;1
0;-6;0
0;-6;0
0;-6;-1
-1;-6;-1
-1;-6;-1
-1;-6;-2
-1;-6;-2
-2;-6;-2
-2;-6;-2
-2;-5;-2
-2;-5;-2
-2;-5;-2
-2;-4;-2
-2;-4;-2
-2;-3;-2
-2;-3;-1
-2;-2;-1
-2;-2;-1
-2;-2;0
-2;-1;0
-3;-1;1
-3;-1;1
-3;0;2
-3;0;2
-3;0;2
-2;0;2
-2;1;2
-2;1;2
-2;1;2
-1;1;2
-1;1;2
-1;1;2
-1;0;2
-1;0;2
-1;0;2
-1;-1;1
-1;-1;1
-1;-1;1
-1;-2;1
-2;-2;1
-2;-2;1
-2;-2;1
-2;-2;1
-2;-2;1
-2;-2;1
-3;-2;1
-3;-3;1
-3;-3;2
-3;-3;2
-3;-3;2
-3;-3;2
-3;-3;3
-3;-3;3
-2;-3;3
-2;-3;3
-2;-3;3
-1;-3;4
-1;-3;4
-1;-3;4
0;-3;4
0;-3;5
0;-3;5
0;-3;5
0;-3;5
0;-3;5
0;-3;5
0;-3;4
0;-3;4
0;-3;4
-1;-3;4
-1;-3;3
-1;-3;3
-1;-3;2
-1;-3;2
-1;-2;2
-1;-2;2
-1;-2;1
-1;-2;1
-1;-1;1
-1;-1;1
-1;-1;1
-1;-1;1
-1;0;2
-1;0;2
-1;0;2
-1;0;3
-1;0;3
-2;1;3
-2;1;4
-2;1;4
-2;1;5
-2;1;5
-3;2;6
-3;2;6
-3;1;6
-3;1;7
-3;1;7
-4;1;7
-4;1;8
-4;0;8
-4;0;8
-3;0;8
-3;-1;8
-3;-1;8
-3;-1;8
-2;-1;8
-2;-1;8
-1;-1;8
-1;-1;8
-1;-1;8
-1;-2;8
0;-2;8
0;-2;8
-1;-2;8
-1;-2;8
-1;-2;8
-1;-2;8
-1;-2;8
-1;-2;8
-1;-2;8
-2;-3;8
-2;-3;7
-2;-3;7
-2;-3;7
-2;-3;7
-2;-3;6
-2;-3;6
-2;-3;6
-2;-3;5
-2;-3;5
-1;-3;4
-1;-3;4
-1;-3;3
-1;-3;3
-1;-4;2
-1;-4;2
-1;-4;1
0;-5;1
0;-5;0
0;-5;0
0;-6;-1
0;-6;-1
0;-7;-2
0;-7;-2
0;-8;-3
0;-8;-3
0;-9;-4
0;-9;-4
0;-10;-5
1;-11;-6
1;-12;-6
1;-13;-7
1;-14;-8
2;-15;-9
2;-16;-10
2;-17;-11
3;-18;-13
3;-19;-14
3;-20;-15
3;-20;-17
3;-21;-19
2;-22;-21
2;-22;-23
1;-23;-26
0;-24;-29
-1;-25;-33
-2;-26;-36
-3;-28;-40
-4;-30;-45
-5;-32;-50
-6;-34;-55
-6;-37;-61
-7;-39;-67
-7;-42;-74
-6;-45;-81
-5;-48;-88
-4;-50;-95
-3;-53;-103
-2;-56;-111
0;-58;-120
1;-61;-128
3;-63;-137
4;-66;-145
5;-68;-154
7;-71;-162
9;-73;-170
10;-75;-178
12;-78;-185
15;-80;-191
17;-82;-197
20;-84;-203
23;-85;-208
27;-86;-212
31;-86;-216
35;-86;-219
40;-85;-222
45;-83;-225
51;-81;-226
56;-78;-228
62;-75;-230
67;-71;-231
71;-68;-232
76;-63;-233
79;-59;-233
82;-54;-234
85;-50;-235
86;-45;-236
86;-40;-237
86;-35;-238
84;-30;-239
82;-24;-240
78;-20;-242
74;-15;-244
70;-10;-246
65;-5;-248
60;-1;-250
54;3;-252
49;7;-255
43;10;-257
38;14;-260
33;17;-263
28;19;-265
24;21;-268
20;23;-271
17;25;-274
15;26;-277
13;27;-279
12;27;-282
11;28;-285
11;28;-288
12;28;-290
13;28;-293
15;28;-296
18;27;-298
21;26;-300
25;24;-302
29;22;-304
33;20;-305
38;17;-306
43;14;-307
49;11;-308
54;8;-309
60;6;-309
65;4;-309
71;2;-309
76;0;-309
81;-2;-309
86;-3;-309
90;-4;-309
94;-5;-309
98;-6;-309
102;-6;-309
104;-6;-309
107;-5;-309
109;-4;-310
111;-2;-310
112;0;-310
112;3;-311
112;7;-312
112;11;-312
111;16;-313
109;21;-315
107;26;-316
105;32;-317
102;39;-319
98;45;-320
95;52;-322
91;59;-324
86;67;-326
82;74;-328
77;82;-330
72;91;-332
67;100;-335
62;110;-338
57;119;-341
52;129;-345
46;139;-348
42;148;-351
37;158;-354
32;167;-356
28;175;-358
24;184;-360
21;192;-362
17;200;-363
14;208;-364
11;216;-365
9;223;-366
7;230;-366
5;237;-367
3;244;-367
2;251;-366
1;257;-366
1;263;-365
1;268;-363
2;273;-362
2;277;-360
4;281;-357
5;284;-355
7;287;-352
10;290;-349
13;292;-346
16;294;-343
20;296;-339
24;298;-335
28;300;-332
32;301;-328
36;303;-324
40;304;-320
44;305;-316
48;305;-312
51;305;-309
54;306;-305
57;306;-301
59;305;-298
61;305;-294
62;305;-291
64;305;-289
65;304;-286
65;304;-284
66;304;-282
67;304;-280
67;304;-279
68;304;-278
69;305;-277
69;305;-277
70;306;-276
71;306;-276
71;307;-277
72;307;-277
73;308;-277
73;308;-278
73;309;-278
74;309;-278
74;310;-278
74;311;-279
74;312;-279
74;313;-279
74;314;-279
74;316;-278
74;318;-278
74;320;-278
74;323;-277
73;325;-276
73;328;-275
72;331;-273
72;334;-272
71;336;-270
70;339;-268
69;341;-266
69;343;-264
68;346;-262
67;348;-260
66;349;-257
65;351;-255
65;353;-252
64;354;-250
64;356;-247
64;357;-245
64;359;-242
64;361;-241
64;363;-239
64;365;-237
64;367;-236
64;368;-234
64;369;-233
64;369;-231
63;370;-229
63;369;-228
63;368;-226
62;367;-224
62;366;-221
61;364;-219
61;362;-217
60;360;-214
60;358;-212
59;356;-209
59;355;-207
59;354;-204
59;353;-202
59;352;-199
60;352;-197
60;352;-194
61;352;-192
61;352;-190
61;353;-187
62;353;-185
61;354;-183
61;354;-181
60;355;-179
59;355;-177
58;356;-175
56;356;-173
54;356;-171
52;356;-169
51;357;-167
49;357;-165
47;357;-163
46;358;-160
44;359;-158
43;360;-156
42;361;-153
41;362;-151
41;363;-149
40;363;-146
40;364;-144
40;364;-141
40;365;-139
40;365;-137
40;366;-134
40;366;-132
40;367;-130
41;367;-128
41;368;-127
41;369;-125
41;369;-123
40;369;-122
40;369;-121
39;369;-119
39;368;-118
38;368;-117
38;367;-116
37;366;-115
36;365;-115
36;363;-114
35;362;-113
35;360;-112
34;358;-112
34;356;-111
34;353;-110
33;351;-109
33;348;-109
32;346;-108
32;343;-107
31;340;-107
31;338;-106
30;335;-105
30;332;-105
29;329;-104
29;326;-103
28;323;-102
28;320;-102
27;318;-101
27;315;-100
26;312;-99
26;310;-98
25;307;-97
24;305;-96
24;303;-95
23;301;-94
22;300;-93
22;298;-92
21;297;-91
21;295;-90
21;294;-89
20;292;-88
20;290;-88
20;288;-87
20;286;-86
20;284;-86
21;282;-85
21;280;-84
21;277;-84
22;275;-83
22;273;-83
22;270;-83
22;268;-82
22;266;-82
22;263;-82
22;261;-82
22;258;-81
22;255;-81
22;253;-81
21;250;-81
21;248;-81
21;245;-81
21;243;-81
21;241;-81
22;239;-81
22;237;-82
23;235;-82
24;234;-83
24;232;-83
25;231;-84
26;229;-85
26;227;-86
27;225;-87
27;223;-88
27;221;-89
28;219;-90
28;217;-91
28;214;-92
29;212;-94
29;210;-95
30;208;-96
30;206;-97
31;203;-98
32;201;-100
32;200;-101
33;198;-102
34;196;-103
35;194;-104
35;192;-104
36;190;-105
36;187;-106
36;185;-106
36;182;-107
35;179;-107
35;176;-108
34;173;-108
33;170;-108
32;167;-108
31;164;-109
30;161;-109
29;158;-109
28;156;-109
28;153;-109
27;151;-109
27;149;-109
27;147;-110
27;145;-110
27;143;-110
26;141;-111
26;140;-111
26;138;-112
26;137;-113
25;136;-114
24;134;-115
23;133;-116
22;132;-117
21;131;-119
19;130;-120
18;129;-121
16;129;-123
15;128;-125
13;127;-126
12;127;-128
10;126;-129
9;126;-131
7;126;-132
6;126;-134
5;126;-135
3;126;-136
2;127;-138
0;127;-139
-2;127;-139
-3;127;-140
-5;127;-141
-7;127;-141
-9;127;-141
-11;128;-141
-13;128;-141
-15;128;-140
-18;127;-140
-19;127;-139
-21;126;-138
-23;125;-137
-24;125;-136
-25;123;-135
-26;122;-134
-26;121;-133
-27;119;-132
-27;118;-131
-26;116;-130
-26;114;-129
-25;112;-128
-24;111;-128
-23;109;-127
-22;107;-127
-21;106;-127
-20;104;-127
-19;103;-127
-18;102;-127
-17;101;-127
-16;100;-127
-16;99;-127
-16;99;-128
-15;98;-128
-15;99;-129
-15;99;-129
-16;100;-130
-16;101;-130
-17;102;-131
-18;103;-132
-19;105;-133
-20;106;-134
-21;108;-135
-23;110;-136
-25;113;-137
-27;115;-138
-29;117;-139
-31;120;-139
-33;122;-140
-36;125;-141
-39;127;-141
-42;130;-142
-45;133;-142
-48;135;-143
-51;138;-143
-55;141;-143
-59;145;-144
-63;148;-144
-68;152;-144
-73;156;-144
-78;160;-145
-85;164;-145
-92;169;-145
-100;174;-146
-109;180;-147
-118;186;-148
-129;192;-149
-141;199;-150
-154;206;-152
-168;214;-153
-183;222;-155
-200;232;-157
-218;241;-159
-236;252;-161
-256;263;-163
-277;276;-165
-299;289;-167
-322;303;-169
-345;317;-171
-370;333;-172
-395;349;-173
-420;365;-174
-446;382;-173
-473;398;-172
-500;415;-170
-526;432;-166
-553;448;-161
-579;464;-155
-604;480;-146
-629;494;-136
-651;507;-124
-673;517;-111
-692;524;-96
-709;528;-79
-724;528;-61
-737;523;-41
-747;514;-21
-754;500;1
-760;482;24
-763;460;47
-764;433;71
-763;404;95
-760;371;118
-756;337;142
-750;301;166
-743;263;189
-735;226;211
-726;189;234
-716;153;255
-705;118;276
-693;85;296
-680;53;315
-667;24;333
-654;-2;349
-641;-25;364
-628;-44;378
-616;-60;389
-604;-73;400
-594;-82;409
-585;-88;416
-578;-90;423
-573;-90;428
-570;-87;433
-570;-82;436
-573;-74;440
-578;-64;443
-585;-52;445
-595;-38;448
-606;-23;450
-619;-5;451
-633;14;453
-647;34;454
-661;56;456
-675;78;458
-688;100;459
-701;122;461
-712;144;463
-722;164;464
-730;183;466
-736;201;468
-740;217;469
-743;231;471
-744;242;471
-744;250;472
-742;256;472
-739;259;471
-735;260;470
-730;259;468
-724;256;465
-718;251;462
-712;244;458
-706;235;454
-700;224;450
-695;212;445
-690;199;440
-686;185;435
-682;171;430
-679;157;425
-676;143;420
-674;129;416
-672;115;412
-670;102;409
-669;90;406
-669;78;403
-668;67;402
-666;57;401
-665;47;400
-662;37;400
-660;28;401
-656;20;403
-652;12;406
-648;5;409
-643;-1;413
-638;-6;417
-632;-10;422
-626;-14;427
-620;-17;433
-613;-18;439
-605;-19;444
-597;-19;450
-588;-18;456
-579;-16;461
-569;-13;467
-559;-9;471
-549;-4;476
-538;2;480
-528;8;483
-517;15;486
-506;23;489
-495;30;491
-485;38;492
-474;46;494
-464;55;494
-453;64;494
-443;73;494
-432;82;492
-422;91;490
-411;101;486
-401;111;482
-390;120;477
-379;129;471
-368;138;464
-357;147;457
-346;155;448
-335;162;439
-324;168;429
-313;174;419
-302;178;408
-290;182;397
-278;185;385
-266;187;374
-253;188;361
-240;188;349
-227;189;336
-213;188;323
-199;188;311
-186;187;298
-172;186;285
-159;184;272
-147;183;260
-135;181;247
-124;179;234
-114;177;222
-105;175;210
-98;173;198
-91;170;187
-86;168;176
-82;166;165
-79;164;155
-76;162;145
-74;161;136
-73;160;128
-72;159;119
-71;159;112
-70;159;105
-69;159;98
-69;159;92
-68;159;86
-67;159;80
-66;158;75
-64;157;70
-62;156;65
-60;154;60
-57;152;54
-53;149;49
-49;146;44
-44;142;39
-39;137;33
-32;133;28
-26;127;22
-20;122;16
-13;116;10
-7;111;4
-1;105;-2
4;99;-8
8;92;-13
11;86;-19
14;81;-24
15;76;-29
16;71;-33
16;68;-37
14;65;-41
13;63;-44
10;62;-47
8;61;-50
5;61;-52
2;61;-53
-1;62;-54
-3;62;-54
-5;63;-54
-7;63;-52
-8;65;-51
-8;66;-48
-7;67;-45
-6;69;-41
-4;70;-36
-1;72;-31
3;74;-25
7;76;-18
12;78;-11
16;80;-3
21;83;5
25;86;13
30;90;22
33;94;30
36;98;39
38;102;48
39;106;56
39;109;65
38;113;74
36;116;82
34;119;91
32;122;100
29;125;109
28;128;118
26;131;127
26;134;137
27;137;147
29;141;157
31;144;168
34;147;179
37;150;190
41;153;203
44;156;215
48;159;229
51;161;243
55;163;258
58;166;274
62;168;290
66;170;307
71;173;325
76;176;344
83;179;363
92;184;383
101;189;402
112;194;423
123;201;443
135;208;464
147;215;484
160;223;504
172;231;524
184;240;542
197;250;560
210;259;577
224;269;593
238;279;608
253;290;621
268;300;632
283;310;642
299;320;650
315;331;657
334;343;663
353;355;666
374;366;667
395;378;666
416;388;662
435;395;655
449;401;646
466;412;636
485;425;623
499;434;608
516;446;590
533;455;570
548;461;547
560;465;522
568;467;494
570;467;464
568;464;433
561;457;399
554;448;364
548;438;328
546;428;291
548;416;253
557;401;214
571;382;175
594;359;136
624;331;96
663;300;54
712;268;10
769;237;-37
837;210;-88
914;190;-145
998;180;-209
1089;180;-282
1182;189;-363
1273;207;-454
1357;229;-555
1430;253;-667
1489;273;-791
1531;286;-926
1552;287;-1073
1550;274;-1232
1526;245;-1401
1479;200;-1580
1413;140;-1768
1331;66;-1964
1234;-19;-2000
1128;-114;-2000
1019;-212;-2000
906;-303;-2000
795;-387;-2000
688;-457;-2000
586;-507;-2000
500;-539;-2000
430;-553;-2000
380;-552;-2000
358;-535;-2000
359;-507;-2000
380;-467;-2000
427;-422;-2000
495;-370;-2000
583;-298;-2000
688;-234;-2000
661;-252;-2000
619;-7;-2000
760;-55;-2000
617;-163;-2000
677;-55;-2000
653;-267;-2000
503;-238;-2000
569;-309;-2000
377;-406;-2000
400;-309;-2000
357;-425;-2000
211;-388;-2000
269;-392;-2000
91;-430;-2000
107;-342;-2000
55;-380;-2000
-92;-327;-2000
-53;-266;-2000
-215;-242;-2000
-205;-146;-2000
-236;-118;-2000
-326;-65;-2000
-248;11;-2000
-321;48;-2000
-259;113;-2000
-239;145;-2000
-269;164;-2000
-175;210;-2000
-203;219;-2000
-134;235;-2000
-93;252;-2000
-78;228;-2000
31;231;-2000
46;194;-2000
123;145;-2000
172;122;-2000
195;61;-2000
266;41;-2000
265;-4;-2000
299;-57;-2000
311;-68;-2000
307;-119;-2000
334;-130;-2000
320;-158;-2000
322;-199;-2000
308;-198;-2000
282;-238;-2000
260;-235;-2000
207;-234;-2000
154;-240;-2000
97;-191;-2000
41;-175;-2000
-8;-127;-2000
-54;-83;-2000
-93;-53;-2000
-122;11;-2000
-144;35;-2000
-165;78;-2000
-177;109;-2000
-191;121;-2000
-190;160;-2000
-187;163;-2000
-190;180;-2000
-172;190;-2000
-148;176;-2000
-103;177;-2000
-55;144;-2000
-15;116;-2000
41;86;-2000
82;39;-2000
125;8;-2000
164;-39;-2000
195;-70;-2000
234;-94;-2000
258;-126;-2000
288;-138;-2000
311;-162;-2000
321;-179;-2000
338;-190;-2000
332;-207;-2000
317;-201;-2000
284;-197;-2000
233;-180;-2000
185;-147;-2000
127;-116;-2000
74;-72;-2000
26;-31;-2000
-21;12;-2000
-59;54;-2000
-101;83;-2000
-134;114;-2000
-165;135;-2000
-191;152;-2000
-202;170;-2000
-213;177;-2000
-217;185;-2000
-206;184;-2000
-182;171;-2000
-145;153;-2000
-103;118;-2000
-54;83;-2000
-1;42;-2000
50;-4;-2000
95;-49;-2000
133;-98;-2000
176;-131;-2000
218;-161;-2000
255;-189;-2000
289;-205;-2000
313;-224;-2000
332;-232;-2000
347;-239;-2000
351;-247;-2000
342;-236;-2000
314;-223;-2000
273;-192;-2000
226;-157;-2000
111;-66;-2000
57;-23;-2000
4;31;-2000
-36;76;-2000
-84;115;-2000
-124;151;-2000
-157;174;-2000
-191;196;-2000
-205;209;-2000
-222;215;-2000
-224;219;-2000
-218;216;-2000
-203;200;-2000
-167;179;-2000
-133;142;-2000
-85;101;-2000
-31;61;-2000
20;8;-2000
77;-41;-2000
116;-95;-2000
161;-143;-2000
203;-175;-2000
239;-213;-2000
278;-233;-2000
302;-251;-2000
324;-264;-2000
338;-262;-2000
345;-269;-2000
348;-262;-2000
328;-247;-2000
295;-228;-2000
254;-186;-2000
202;-150;-2000
151;-102;-2000
97;-49;-2000
43;-5;-2000
-3;54;-2000
-48;99;-2000
-91;141;-2000
-130;182;-2000
-164;204;-2000
-192;224;-2000
-214;230;-2000
-231;228;-2000
-236;225;-2000
-234;218;-2000
-215;202;-2000
-184;176;-2000
-145;138;-2000
-95;92;-2000
-40;49;-2000
16;-2;-2000
69;-51;-2000
112;-101;-2000
155;-147;-2000
194;-181;-2000
231;-213;-2000
265;-233;-2000
289;-246;-2000
316;-249;-2000
335;-245;-2000
349;-242;-2000
353;-231;-2000
338;-213;-2000
316;-187;-2000
278;-153;-2000
233;-115;-2000
182;-74;-2000
129;-31;-2000
76;13;-2000
23;53;-2000
-20;97;-2000
-65;139;-2000
-107;179;-2000
-142;208;-2000
-172;227;-2000
-189;234;-2000
-203;229;-2000
-205;219;-2000
-201;207;-2000
-190;187;-2000
-168;162;-2000
-139;127;-2000
-95;87;-2000
-50;49;-2000
4;4;-2000
59;-40;-2000
111;-84;-2000
157;-133;-2000
203;-169;-2000
248;-209;-2000
280;-238;-2000
314;-256;-2000
327;-277;-2000
336;-274;-2000
342;-267;-2000
329;-255;-2000
322;-237;-2000
292;-214;-2000
260;-184;-2000
220;-150;-2000
168;-119;-2000
121;-83;-2000
65;-41;-2000
17;-2;-2000
-28;41;-2000
-72;81;-2000
-112;120;-2000
-144;157;-2000
-169;177;-2000
-190;194;-2000
-203;196;-2000
-214;195;-2000
-215;191;-2000
-205;182;-2000
-190;167;-2000
-167;139;-2000
-133;103;-2000
-91;67;-2000
-42;31;-2000
10;-11;-2000
62;-58;-2000
110;-100;-2000
152;-142;-2000
196;-178;-2000
233;-209;-2000
268;-231;-2000
294;-246;-2000
305;-258;-2000
314;-256;-2000
312;-252;-2000
303;-241;-2000
288;-222;-2000
263;-198;-2000
235;-173;-2000
191;-142;-2000
147;-113;-2000
100;-80;-2000
54;-45;-2000
9;-12;-2000
-39;23;-2000
-79;54;-2000
-123;89;-2000
-155;118;-2000
-185;139;-2000
-206;156;-2000
-217;162;-2000
-230;166;-2000
-225;166;-2000
-221;161;-2000
-204;153;-2000
-175;134;-2000
-147;114;-2000
-98;87;-2000
-52;60;-2000
0;30;-2000
52;-10;-2000
93;-45;-2000
142;-79;-2000
185;-111;-2000
228;-143;-2000
267;-172;-2000
295;-191;-2000
320;-210;-2000
330;-219;-2000
338;-225;-2000
334;-222;-2000
323;-210;-2000
311;-198;-2000
283;-176;-2000
257;-156;-2000
216;-130;-2000
167;-100;-2000
123;-70;-2000
71;-36;-2000
25;-6;-2000
-18;29;-2000
-65;59;-2000
-102;90;-2000
-142;119;-2000
-174;136;-2000
-194;157;-2000
-210;164;-2000
-214;167;-2000
-216;173;-2000
-205;164;-2000
-185;157;-2000
-167;140;-2000
-134;115;-2000
-98;96;-2000
-54;71;-2000
-6;46;-2000
38;19;-2000
91;-15;-2000
137;-39;-2000
184;-72;-2000
231;-98;-2000
264;-127;-2000
298;-151;-2000
317;-163;-2000
324;-183;-2000
329;-188;-2000
323;-188;-2000
312;-187;-2000
295;-172;-2000
273;-164;-2000
245;-148;-2000
208;-126;-2000
168;-108;-2000
124;-83;-2000
78;-62;-2000
35;-33;-2000
-9;-6;-2000
-52;17;-2000
-91;47;-2000
-130;71;-2000
-159;98;-2000
-182;118;-2000
-199;129;-2000
-209;137;-2000
-211;135;-2000
-206;139;-2000
-193;137;-2000
-175;127;-2000
-153;114;-2000
-128;93;-2000
-91;73;-2000
-52;54;-2000
-10;32;-2000
33;8;-2000
71;-20;-2000
114;-41;-2000
153;-64;-2000
195;-86;-2000
234;-104;-2000
262;-122;-2000
291;-131;-2000
306;-144;-2000
317;-152;-2000
320;-155;-2000
311;-157;-2000
301;-150;-2000
277;-141;-2000
250;-133;-2000
217;-114;-2000
175;-92;-2000
140;-71;-2000
95;-46;-2000
52;-26;-2000
16;-1;-2000
-26;22;-2000
-58;39;-2000
-96;60;-2000
-131;76;-2000
-157;94;-2000
-181;109;-2000
-194;118;-2000
-202;124;-2000
-202;125;-2000
-194;130;-2000
-177;129;-2000
-154;120;-2000
-131;108;-2000
-100;89;-2000
-66;68;-2000
-28;48;-2000
13;25;-2000
49;2;-2000
81;-24;-2000
112;-45;-2000
144;-64;-2000
175;-82;-2000
205;-95;-2000
231;-108;-2000
253;-116;-2000
268;-126;-2000
274;-136;-2000
276;-143;-2000
270;-149;-2000
254;-146;-2000
234;-141;-2000
206;-131;-2000
175;-113;-2000
143;-98;-2000
107;-76;-2000
75;-56;-2000
39;-37;-2000
5;-13;-2000
-25;5;-2000
-56;25;-2000
-83;43;-2000
-110;60;-2000
-132;77;-2000
-150;86;-2000
-167;98;-2000
-175;104;-2000
-180;109;-2000
-174;119;-2000
-161;120;-2000
-143;118;-2000
-115;106;-2000
-89;89;-2000
-54;70;-2000
-21;49;-2000
12;27;-2000
49;4;-2000
76;-19;-2000
104;-41;-2000
129;-60;-2000
153;-75;-2000
181;-89;-2000
201;-98;-2000
223;-108;-2000
239;-117;-2000
248;-126;-2000
253;-133;-2000
248;-138;-2000
240;-141;-2000
220;-137;-2000
195;-130;-2000
166;-116;-2000
134;-98;-2000
102;-77;-2000
72;-54;-2000
42;-32;-2000
14;-11;-2000
-11;10;-2000
-36;28;-2000
-59;44;-2000
-81;59;-2000
-102;71;-2000
-119;82;-2000
-133;90;-2000
-142;96;-2000
-145;102;-2000
-139;105;-2000
-130;108;-2000
-113;106;-2000
-92;97;-2000
-68;83;-2000
-41;65;-2000
-13;46;-2000
16;24;-2000
44;4;-2000
70;-17;-2000
93;-39;-2000
112;-59;-2000
134;-77;-2000
152;-90;-2000
170;-100;-2000
190;-109;-2000
203;-115;-2000
216;-123;-2000
222;-128;-2000
221;-134;-2000
216;-137;-2000
201;-137;-2000
181;-133;-2000
156;-123;-2000
128;-108;-2000
98;-89;-2000
69;-67;-2000
42;-43;-2000
17;-19;-2000
-7;2;-2000
-27;23;-2000
-47;40;-2000
-65;57;-2000
-80;71;-2000
-95;81;-2000
-108;92;-2000
-117;97;-2000
-123;102;-2000
-122;106;-2000
-117;106;-2000
-105;107;-2000
-88;102;-2000
-67;93;-2000
-43;78;-2000
-17;56;-2000
9;35;-2000
35;11;-2000
57;-12;-2000
79;-34;-2000
95;-56;-2000
109;-73;-2000
126;-86;-2000
140;-97;-2000
156;-105;-2000
170;-112;-2000
180;-117;-2000
190;-122;-2000
193;-125;-2000
192;-127;-2000
187;-128;-2000
173;-127;-2000
156;-121;-2000
134;-111;-2000
109;-96;-2000
85;-78;-2000
58;-57;-2000
36;-33;-2000
13;-11;-2000
-8;9;-2000
-24;28;-2000
-41;43;-2000
-55;57;-2000
-69;69;-2000
-82;78;-2000
-92;86;-2000
-102;91;-2000
-105;95;-2000
-106;97;-2000
-100;99;-2000
-88;101;-2000
-73;99;-2000
-53;91;-2000
-31;80;-2000
-7;63;-2000
19;45;-2000
42;24;-2000
65;2;-2000
84;-19;-2000
100;-40;-2000
113;-59;-2000
123;-76;-2000
135;-89;-2000
145;-99;-2000
155;-107;-2000
164;-112;-2000
169;-118;-2000
174;-123;-2000
173;-126;-2000
170;-128;-2000
162;-129;-2000
148;-128;-2000
130;-122;-2000
109;-112;-2000
85;-98;-2000
62;-80;-2000
39;-59;-2000
18;-36;-2000
0;-14;-2000
-16;5;-2000
-30;24;-2000
-42;39;-2000
-53;53;-2000
-63;67;-2000
-73;77;-2000
-80;86;-2000
-85;92;-2000
-89;96;-2000
-87;100;-2000
-81;102;-2000
-71;103;-2000
-55;102;-2000
-37;94;-2000
-18;82;-2000
4;65;-2000
24;48;-2000
47;27;-2000
66;5;-2000
83;-15;-2000
99;-35;-2000
110;-53;-2000
122;-67;-2000
132;-80;-2000
142;-89;-2000
153;-96;-2000
160;-102;-2000
165;-107;-2000
167;-112;-2000
164;-115;-2000
160;-117;-2000
149;-119;-2000
133;-117;-2000
115;-111;-2000
92;-101;-2000
70;-85;-2000
46;-67;-2000
25;-46;-2000
6;-23;-2000
-12;-3;-2000
-25;16;-2000
-37;33;-2000
-49;46;-2000
-58;60;-2000
-68;71;-2000
-75;79;-2000
-80;86;-2000
-83;90;-2000
-83;95;-2000
-78;97;-2000
-69;98;-2000
-56;98;-2000
-39;93;-2000
-19;85;-2000
2;72;-2000
23;57;-2000
44;42;-2000
64;23;-2000
81;6;-2000
97;-12;-2000
109;-30;-2000
119;-45;-2000
128;-58;-2000
136;-69;-2000
144;-78;-2000
149;-86;-2000
154;-93;-2000
156;-100;-2000
155;-105;-2000
152;-109;-2000
144;-113;-2000
134;-115;-2000
118;-114;-2000
98;-110;-2000
78;-101;-2000
55;-88;-2000
35;-73;-2000
15;-54;-2000
-3;-36;-2000
-18;-17;-2000
-32;0;-2000
-42;16;-2000
-52;30;-2000
-61;41;-2000
-69;53;-2000
-76;62;-2000
-80;69;-2000
-83;76;-2000
-82;81;-2000
-77;87;-2000
-69;89;-2000
-57;91;-2000
-41;89;-2000
-23;82;-2000
-3;73;-2000
17;60;-2000
37;45;-2000
57;29;-2000
74;11;-2000
89;-6;-2000
102;-23;-2000
111;-39;-2000
120;-51;-2000
129;-63;-2000
137;-72;-2000
144;-81;-2000
147;-89;-2000
150;-96;-2000
150;-102;-2000
147;-106;-2000
141;-110;-2000
131;-112;-2000
118;-113;-2000
100;-110;-2000
81;-104;-2000
61;-94;-2000
40;-81;-2000
22;-65;-2000
4;-48;-2000
-12;-30;-2000
-26;-13;-2000
-37;4;-2000
-46;19;-2000
-55;32;-2000
-62;46;-2000
-68;56;-2000
-71;65;-2000
-73;73;-2000
-74;78;-2000
-70;83;-2000
-64;87;-2000
-54;89;-2000
-41;89;-2000
-26;84;-2000
-8;77;-2000
11;66;-2000
30;54;-2000
50;39;-2000
67;23;-2000
82;6;-2000
96;-10;-2000
106;-25;-2000
116;-38;-2000
125;-50;-2000
133;-61;-2000
141;-70;-2000
145;-79;-2000
148;-88;-2000
149;-95;-2000
146;-101;-2000
142;-105;-2000
134;-109;-2000
123;-111;-2000
109;-110;-2000
91;-107;-2000
72;-100;-2000
51;-90;-2000
31;-78;-2000
13;-62;-2000
-5;-46;-2000
-20;-30;-2000
-33;-15;-2000
-43;-1;-2000
-51;11;-2000
-58;22;-2000
-64;33;-2000
-69;42;-2000
-71;50;-2000
-70;58;-2000
-67;65;-2000
-61;72;-2000
-53;76;-2000
-43;79;-2000
-30;78;-2000
-17;75;-2000
0;71;-2000
18;63;-2000
35;54;-2000
53;42;-2000
69;29;-2000
84;15;-2000
97;0;-2000
106;-14;-2000
116;-27;-2000
125;-39;-2000
132;-50;-2000
138;-59;-2000
140;-68;-2000
142;-77;-2000
142;-83;-2000
139;-90;-2000
134;-95;-2000
126;-101;-2000
114;-103;-2000
98;-102;-2000
81;-99;-2000
61;-91;-2000
42;-82;-2000
25;-70;-2000
9;-56;-2000
-6;-43;-2000
-20;-29;-2000
-31;-14;-2000
-41;1;-2000
-49;15;-2000
-56;28;-2000
-61;40;-2000
-65;49;-2000
-66;57;-2000
-67;65;-2000
-65;71;-2000
-60;76;-2000
-53;79;-2000
-44;81;-2000
-31;79;-2000
-17;74;-2000
-1;67;-2000
17;57;-2000
35;47;-2000
52;33;-2000
67;18;-2000
81;3;-2000
93;-12;-2000
102;-26;-2000
111;-38;-2000
119;-48;-2000
126;-58;-2000
132;-66;-2000
136;-74;-2000
138;-80;-2000
138;-86;-2000
136;-91;-2000
131;-95;-2000
123;-99;-2000
112;-101;-2000
96;-101;-2000
78;-97;-2000
59;-89;-2000
40;-80;-2000
21;-67;-2000
5;-53;-2000
-10;-39;-2000
-24;-24;-2000
-35;-10;-2000
-44;5;-2000
-52;18;-2000
-58;31;-2000
-64;42;-2000
-67;52;-2000
-68;61;-2000
-68;69;-2000
-64;76;-2000
-58;81;-2000
-50;85;-2000
-39;88;-2000
-26;86;-2000
-11;82;-2000
6;76;-2000
24;67;-2000
41;57;-2000
58;45;-2000
73;30;-2000
87;15;-2000
99;0;-2000
107;-15;-2000
117;-29;-2000
125;-41;-2000
132;-53;-2000
138;-63;-2000
141;-73;-2000
144;-81;-2000
144;-89;-2000
138;-100;-2000
131;-105;-2000
121;-108;-2000
106;-108;-2000
90;-106;-2000
71;-99;-2000
52;-90;-2000
34;-77;-2000
16;-62;-2000
0;-46;-2000
-16;-29;-2000
-28;-13;-2000
-38;4;-2000
-47;19;-2000
-54;32;-2000
-61;45;-2000
-67;54;-2000
-70;63;-2000
-72;71;-2000
-71;77;-2000
-67;83;-2000
-60;86;-2000
-51;89;-2000
-39;89;-2000
-25;85;-2000
-9;79;-2000
9;70;-2000
28;58;-2000
46;44;-2000
63;27;-2000
77;11;-2000
92;-6;-2000
102;-23;-2000
112;-38;-2000
122;-51;-2000
130;-63;-2000
139;-74;-2000
144;-84;-2000
149;-93;-2000
152;-100;-2000
154;-104;-2000
155;-108;-2000
152;-111;-2000
146;-113;-2000
135;-114;-2000
120;-111;-2000
104;-104;-2000
84;-92;-2000
64;-77;-2000
43;-60;-2000
23;-42;-2000
5;-24;-2000
-13;-7;-2000
-27;9;-2000
-38;25;-2000
-49;37;-2000
-58;48;-2000
-68;56;-2000
-77;63;-2000
-84;69;-2000
-90;73;-2000
-92;77;-2000
-91;81;-2000
-86;82;-2000
-78;83;-2000
-67;81;-2000
-52;75;-2000
-36;67;-2000
-17;55;-2000
2;43;-2000
21;27;-2000
39;10;-2000
55;-7;-2000
71;-25;-2000
83;-39;-2000
94;-54;-2000
105;-65;-2000
115;-73;-2000
126;-82;-2000
135;-88;-2000
143;-95;-2000
149;-99;-2000
153;-103;-2000
154;-106;-2000
150;-107;-2000
144;-109;-2000
132;-110;-2000
116;-107;-2000
98;-103;-2000
77;-92;-2000
57;-80;-2000
36;-65;-2000
16;-48;-2000
-2;-32;-2000
-19;-15;-2000
-33;0;-2000
-44;16;-2000
-53;30;-2000
-61;41;-2000
-68;52;-2000
-74;59;-2000
-79;67;-2000
-81;73;-2000
-81;77;-2000
-78;83;-2000
-71;85;-2000
-62;87;-2000
-49;86;-2000
-35;81;-2000
-19;75;-2000
0;65;-2000
18;54;-2000
37;40;-2000
54;25;-2000
69;8;-2000
84;-8;-2000
94;-24;-2000
105;-39;-2000
114;-50;-2000
122;-60;-2000
130;-69;-2000
134;-76;-2000
140;-83;-2000
143;-87;-2000
144;-90;-2000
145;-94;-2000
141;-95;-2000
136;-98;-2000
126;-99;-2000
112;-98;-2000
96;-95;-2000
77;-87;-2000
58;-76;-2000
38;-62;-2000
19;-47;-2000
2;-32;-2000
-15;-16;-2000
-27;0;-2000
-38;15;-2000
-47;28;-2000
-55;41;-2000
-63;52;-2000
-69;61;-2000
-74;70;-2000
-78;76;-2000
-79;81;-2000
-77;85;-2000
-72;87;-2000
-66;89;-2000
-55;85;-2000
-42;80;-2000
-27;72;-2000
-8;61;-2000
11;49;-2000
31;33;-2000
49;15;-2000
66;-2;-2000
83;-19;-2000
94;-36;-2000
107;-50;-2000
118;-62;-2000
128;-73;-2000
139;-81;-2000
147;-89;-2000
156;-95;-2000
162;-100;-2000
167;-104;-2000
169;-106;-2000
167;-109;-2000
163;-112;-2000
153;-111;-2000
138;-110;-2000
121;-103;-2000
101;-93;-2000
80;-79;-2000
58;-61;-2000
37;-45;-2000
17;-26;-2000
-2;-8;-2000
-18;9;-2000
-31;26;-2000
-44;39;-2000
-54;53;-2000
-66;63;-2000
-76;71;-2000
-85;78;-2000
-92;82;-2000
-97;87;-2000
-98;90;-2000
-96;91;-2000
-91;94;-2000
-81;91;-2000
-69;86;-2000
-53;78;-2000
-34;65;-2000
-13;53;-2000
10;36;-2000
30;19;-2000
49;0;-2000
67;-18;-2000
83;-35;-2000
96;-52;-2000
109;-63;-2000
123;-75;-2000
135;-84;-2000
147;-92;-2000
158;-100;-2000
167;-104;-2000
176;-108;-2000
180;-111;-2000
182;-111;-2000
180;-115;-2000
172;-115;-2000
160;-114;-2000
142;-110;-2000
124;-99;-2000
103;-86;-2000
80;-68;-2000
60;-49;-2000
38;-31;-2000
18;-11;-2000
-1;5;-2000
-17;22;-2000
-30;36;-2000
-44;49;-2000
-55;60;-2000
-69;68;-2000
-81;75;-2000
-89;80;-2000
-98;84;-2000
-101;88;-2000
-101;90;-2000
-97;91;-2000
-90;92;-2000
-80;88;-2000
-65;83;-2000
-48;73;-2000
-29;60;-2000
-7;45;-2000
15;27;-2000
35;8;-2000
54;-13;-2000
71;-32;-2000
86;-50;-2000
98;-66;-2000
111;-78;-2000
124;-88;-2000
137;-97;-2000
149;-103;-2000
159;-109;-2000
168;-112;-2000
175;-115;-2000
179;-117;-2000
180;-117;-2000
176;-118;-2000
168;-116;-2000
154;-112;-2000
135;-106;-2000
115;-93;-2000
94;-78;-2000
74;-59;-2000
53;-40;-2000
33;-21;-2000
13;-2;-2000
-6;13;-2000
-20;31;-2000
-34;45;-2000
-46;57;-2000
-57;69;-2000
-70;76;-2000
-81;83;-2000
-91;88;-2000
-98;91;-2000
-101;97;-2000
-100;97;-2000
-95;99;-2000
-87;98;-2000
-75;94;-2000
-60;88;-2000
-43;76;-2000
-22;63;-2000
-1;47;-2000
21;28;-2000
42;8;-2000
60;-13;-2000
77;-33;-2000
91;-51;-2000
104;-68;-2000
117;-79;-2000
130;-91;-2000
142;-101;-2000
154;-108;-2000
164;-114;-2000
173;-117;-2000
179;-121;-2000
182;-122;-2000
181;-121;-2000
177;-123;-2000
167;-122;-2000
153;-118;-2000
135;-112;-2000
114;-99;-2000
93;-84;-2000
71;-65;-2000
49;-45;-2000
28;-25;-2000
7;-6;-2000
-12;12;-2000
-27;30;-2000
-41;47;-2000
-53;61;-2000
-65;74;-2000
-77;82;-2000
-89;89;-2000
-99;93;-2000
-106;97;-2000
-108;101;-2000
-107;102;-2000
-101;102;-2000
-92;102;-2000
-79;98;-2000
-61;92;-2000
-42;81;-2000
-21;67;-2000
1;51;-2000
24;31;-2000
45;10;-2000
63;-13;-2000
80;-35;-2000
95;-54;-2000
107;-74;-2000
120;-88;-2000
131;-101;-2000
142;-112;-2000
153;-120;-2000
162;-127;-2000
170;-130;-2000
176;-133;-2000
179;-135;-2000
178;-134;-2000
173;-134;-2000
165;-132;-2000
149;-128;-2000
132;-120;-2000
112;-106;-2000
90;-90;-2000
68;-70;-2000
46;-49;-2000
26;-27;-2000
5;-4;-2000
-13;14;-2000
-28;35;-2000
-41;53;-2000
-53;69;-2000
-65;84;-2000
-76;93;-2000
-87;103;-2000
-97;108;-2000
-104;112;-2000
-108;116;-2000
-108;115;-2000
-103;115;-2000
-95;112;-2000
-84;107;-2000
-70;101;-2000
-52;88;-2000
-33;74;-2000
-12;56;-2000
10;36;-2000
32;16;-2000
52;-8;-2000
71;-30;-2000
89;-50;-2000
104;-70;-2000
118;-85;-2000
131;-100;-2000
144;-111;-2000
158;-121;-2000
169;-129;-2000
180;-133;-2000
188;-138;-2000
193;-141;-2000
196;-142;-2000
193;-143;-2000
187;-142;-2000
175;-138;-2000
159;-132;-2000
142;-121;-2000
122;-107;-2000
102;-88;-2000
80;-68;-2000
56;-47;-2000
33;-25;-2000
10;-5;-2000
-10;15;-2000
-28;34;-2000
-43;52;-2000
-58;68;-2000
-72;81;-2000
-87;92;-2000
-100;101;-2000
-111;107;-2000
-119;112;-2000
-124;114;-2000
-122;113;-2000
-118;112;-2000
-110;110;-2000
-98;106;-2000
-84;99;-2000
-65;86;-2000
-45;70;-2000
-23;54;-2000
0;36;-2000
23;17;-2000
44;-2;-2000
66;-20;-2000
86;-36;-2000
105;-51;-2000
124;-63;-2000
141;-75;-2000
158;-85;-2000
174;-96;-2000
187;-104;-2000
197;-111;-2000
204;-117;-2000
208;-121;-2000
210;-125;-2000
206;-126;-2000
199;-127;-2000
186;-125;-2000
168;-120;-2000
150;-113;-2000
129;-101;-2000
108;-88;-2000
84;-74;-2000
58;-57;-2000
33;-42;-2000
7;-26;-2000
-16;-11;-2000
-37;6;-2000
-55;23;-2000
-72;38;-2000
-89;53;-2000
-104;64;-2000
-119;75;-2000
-129;84;-2000
-137;90;-2000
-142;96;-2000
-140;99;-2000
-135;99;-2000
-126;99;-2000
-115;96;-2000
-101;92;-2000
-82;85;-2000
-63;74;-2000
-39;61;-2000
-17;47;-2000
6;31;-2000
31;17;-2000
53;3;-2000
76;-12;-2000
95;-24;-2000
115;-37;-2000
135;-47;-2000
152;-56;-2000
170;-66;-2000
184;-73;-2000
197;-82;-2000
206;-87;-2000
212;-93;-2000
216;-99;-2000
214;-103;-2000
210;-108;-2000
200;-111;-2000
186;-111;-2000
169;-110;-2000
149;-103;-2000
128;-94;-2000
104;-83;-2000
78;-69;-2000
54;-55;-2000
27;-39;-2000
2;-25;-2000
-21;-9;-2000
-40;7;-2000
-58;22;-2000
-75;38;-2000
-90;49;-2000
-106;59;-2000
-121;67;-2000
-131;74;-2000
-138;82;-2000
-141;87;-2000
-140;92;-2000
-133;94;-2000
-123;94;-2000
-111;94;-2000
-95;89;-2000
-76;83;-2000
-55;73;-2000
-32;61;-2000
-10;48;-2000
13;34;-2000
36;19;-2000
59;4;-2000
80;-10;-2000
100;-24;-2000
118;-38;-2000
136;-48;-2000
155;-59;-2000
170;-69;-2000
183;-78;-2000
195;-86;-2000
204;-93;-2000
209;-99;-2000
211;-106;-2000
210;-110;-2000
204;-114;-2000
192;-117;-2000
179;-118;-2000
160;-115;-2000
142;-108;-2000
123;-98;-2000
101;-86;-2000
78;-73;-2000
53;-59;-2000
30;-44;-2000
9;-29;-2000
-13;-15;-2000
-29;-2;-2000
-44;13;-2000
-58;25;-2000
-71;35;-2000
-85;43;-2000
-97;48;-2000
-107;54;-2000
-115;59;-2000
-119;63;-2000
-121;67;-2000
-119;70;-2000
-114;73;-2000
-106;75;-2000
-94;75;-2000
-81;72;-2000
-65;68;-2000
-47;62;-2000
-27;52;-2000
-6;41;-2000
15;29;-2000
35;15;-2000
57;3;-2000
77;-11;-2000
93;-23;-2000
108;-35;-2000
123;-46;-2000
138;-55;-2000
152;-64;-2000
165;-71;-2000
177;-78;-2000
184;-83;-2000
190;-86;-2000
191;-91;-2000
189;-94;-2000
184;-97;-2000
175;-100;-2000
163;-99;-2000
147;-97;-2000
129;-92;-2000
110;-83;-2000
89;-73;-2000
67;-61;-2000
44;-48;-2000
20;-36;-2000
-2;-23;-2000
-22;-10;-2000
-38;1;-2000
-52;14;-2000
-66;24;-2000
-78;35;-2000
-90;44;-2000
-102;50;-2000
-110;58;-2000
-114;64;-2000
-114;69;-2000
-111;74;-2000
-104;76;-2000
-93;78;-2000
-80;78;-2000
-65;76;-2000
-46;72;-2000
-28;64;-2000
-9;56;-2000
12;47;-2000
32;36;-2000
52;24;-2000
72;10;-2000
90;-3;-2000
109;-15;-2000
124;-27;-2000
138;-38;-2000
151;-49;-2000
161;-58;-2000
171;-66;-2000
178;-74;-2000
181;-80;-2000
184;-88;-2000
181;-94;-2000
178;-99;-2000
170;-105;-2000
157;-109;-2000
142;-110;-2000
123;-109;-2000
104;-105;-2000
83;-98;-2000
62;-89;-2000
41;-77;-2000
20;-63;-2000
1;-49;-2000
-20;-34;-2000
-38;-21;-2000
-53;-6;-2000
-66;8;-2000
-75;21;-2000
-84;34;-2000
-91;45;-2000
-96;57;-2000
-102;65;-2000
-105;71;-2000
-105;77;-2000
-104;80;-2000
-98;84;-2000
-90;86;-2000
-79;86;-2000
-66;85;-2000
-50;81;-2000
-33;77;-2000
-16;69;-2000
3;58;-2000
21;48;-2000
39;36;-2000
56;24;-2000
72;12;-2000
88;-2;-2000
101;-13;-2000
113;-25;-2000
124;-34;-2000
135;-44;-2000
144;-55;-2000
152;-62;-2000
160;-70;-2000
164;-77;-2000
167;-83;-2000
167;-88;-2000
164;-91;-2000
158;-96;-2000
149;-98;-2000
138;-100;-2000
124;-99;-2000
108;-95;-2000
92;-89;-2000
75;-79;-2000
58;-68;-2000
41;-56;-2000
25;-44;-2000
10;-33;-2000
-4;-21;-2000
-17;-10;-2000
-29;0;-2000
-40;10;-2000
-51;20;-2000
-60;29;-2000
-68;38;-2000
-76;46;-2000
-79;54;-2000
-81;61;-2000
-80;67;-2000
-75;72;-2000
-68;75;-2000
-58;76;-2000
-47;75;-2000
-34;73;-2000
-18;70;-2000
-4;64;-2000
11;56;-2000
26;47;-2000
41;37;-2000
56;27;-2000
69;16;-2000
83;5;-2000
95;-5;-2000
106;-15;-2000
116;-25;-2000
125;-35;-2000
135;-44;-2000
143;-54;-2000
148;-64;-2000
150;-72;-2000
150;-80;-2000
148;-86;-2000
143;-91;-2000
135;-96;-2000
126;-99;-2000
112;-101;-2000
97;-100;-2000
81;-96;-2000
64;-89;-2000
48;-79;-2000
32;-68;-2000
16;-56;-2000
2;-44;-2000
-13;-31;-2000
-24;-19;-2000
-34;-7;-2000
-43;4;-2000
-51;15;-2000
-58;26;-2000
-63;36;-2000
-68;45;-2000
-71;53;-2000
-73;60;-2000
-74;67;-2000
-71;71;-2000
-67;76;-2000
-60;78;-2000
-50;80;-2000
-39;81;-2000
-26;79;-2000
-13;76;-2000
1;71;-2000
16;63;-2000
30;55;-2000
44;44;-2000
57;33;-2000
71;21;-2000
82;9;-2000
91;-1;-2000
100;-12;-2000
107;-21;-2000
114;-31;-2000
120;-40;-2000
124;-49;-2000
128;-58;-2000
130;-65;-2000
130;-73;-2000
129;-79;-2000
126;-84;-2000
121;-89;-2000
113;-92;-2000
104;-94;-2000
92;-94;-2000
80;-91;-2000
67;-87;-2000
53;-80;-2000
40;-72;-2000
26;-61;-2000
13;-49;-2000
2;-37;-2000
-9;-24;-2000
-17;-12;-2000
-25;0;-2000
-31;12;-2000
-35;22;-2000
-39;31;-2000
-42;40;-2000
-44;49;-2000
-45;56;-2000
-45;62;-2000
-45;67;-2000
-42;70;-2000
-38;74;-2000
-32;75;-2000
-26;76;-2000
-18;75;-2000
2;68;-2000
13;63;-2000
24;56;-2000
36;49;-2000
46;39;-2000
57;30;-2000
67;18;-2000
76;7;-2000
83;-4;-2000
89;-15;-2000
94;-24;-2000
98;-33;-2000
101;-42;-2000
104;-49;-2000
106;-57;-2000
107;-63;-2000
108;-69;-2000
108;-74;-2000
102;-83;-2000
97;-86;-2000
91;-89;-2000
83;-90;-2000
74;-90;-2000
64;-88;-2000
54;-85;-2000
45;-80;-2000
34;-72;-2000
25;-63;-2000
15;-53;-2000
7;-43;-2000
-1;-32;-2000
-8;-21;-2000
-14;-10;-2000
-20;1;-2000
-24;12;-2000
-27;23;-2000
-29;33;-2000
-31;42;-2000
-31;50;-2000
-31;57;-2000
-28;63;-2000
-25;68;-2000
-20;72;-2000
-15;74;-2000
-8;74;-2000
-2;73;-2000
5;70;-2000
13;66;-2000
21;61;-2000
30;54;-2000
39;47;-2000
48;38;-2000
56;28;-2000
63;18;-2000
69;8;-2000
75;-2;-2000
80;-12;-2000
84;-21;-2000
87;-30;-2000
89;-38;-2000
90;-46;-2000
90;-52;-2000
90;-57;-2000
90;-62;-2000
88;-66;-2000
86;-69;-2000
81;-71;-2000
76;-72;-2000
70;-72;-2000
64;-70;-2000
57;-68;-2000
50;-64;-2000
42;-60;-2000
33;-55;-2000
25;-49;-2000
17;-42;-2000
9;-33;-2000
2;-25;-2000
-4;-16;-2000
-9;-6;-2000
-14;2;-2000
-18;11;-2000
-21;19;-2000
-23;28;-2000
-24;35;-2000
-24;41;-2000
-23;46;-2000
-22;50;-2000
-20;53;-2000
-17;55;-2000
-13;56;-2000
-9;56;-2000
-3;55;-2000
3;53;-2000
9;50;-2000
16;46;-2000
23;42;-2000
30;36;-2000
36;30;-2000
42;23;-2000
48;16;-2000
53;8;-2000
58;1;-2000
62;-7;-2000
65;-14;-2000
68;-21;-2000
70;-27;-2000
71;-34;-2000
71;-39;-2000
70;-45;-2000
69;-49;-2000
67;-53;-2000
65;-57;-2000
61;-59;-2000
57;-61;-2000
52;-62;-2000
47;-61;-2000
42;-59;-2000
37;-56;-2000
31;-53;-2000
26;-48;-2000
20;-43;-2000
15;-37;-2000
10;-30;-2000
5;-24;-2000
2;-17;-2000
0;-10;-2000
-3;-3;-2000
-4;4;-2000
-4;11;-2000
-5;17;-2000
-4;23;-2000
-3;28;-2000
-2;33;-2000
0;36;-2000
3;39;-2000
7;41;-2000
11;42;-2000
15;42;-2000
19;41;-2000
23;38;-2000
27;35;-2000
31;31;-2000
35;27;-2000
39;22;-2000
43;18;-2000
47;12;-2000
50;6;-2000
53;-1;-2000
55;-7;-2000
58;-14;-2000
60;-20;-2000
61;-26;-2000
63;-31;-2000
64;-37;-2000
65;-41;-2000
64;-45;-2000
63;-49;-2000
61;-51;-2000
59;-53;-2000
57;-54;-2000
54;-54;-2000
51;-53;-2000
49;-51;-2000
45;-49;-2000
42;-46;-2000
38;-43;-2000
35;-39;-2000
31;-34;-2000
28;-29;-2000
25;-23;-2000
22;-18;-2000
19;-12;-2000
17;-6;-2000
14;0;-2000
12;6;-2000
11;12;-2000
10;17;-2000
10;22;-2000
10;25;-2000
10;28;-2000
11;30;-2000
11;33;-2000
12;34;-2000
14;35;-2000
16;35;-2000
18;34;-2000
20;33;-2000
22;31;-2000
24;28;-2000
26;26;-2000
29;23;-2000
32;19;-2000
35;15;-2000
38;11;-2000
40;6;-2000
43;1;-2000
44;-4;-2000
46;-9;-2000
48;-14;-2000
49;-19;-2000
50;-24;-2000
50;-28;-2000
50;-32;-2000
49;-36;-2000
48;-38;-2000
46;-41;-2000
44;-43;-2000
42;-44;-2000
41;-44;-2000
39;-43;-2000
37;-42;-2000
35;-41;-2000
33;-39;-2000
32;-36;-2000
30;-33;-2000
29;-30;-2000
27;-26;-2000
25;-21;-2000
24;-17;-2000
23;-13;-2000
22;-9;-2000
21;-5;-2000
21;0;-2000
20;3;-2000
20;7;-2000
20;11;-2000
21;14;-2000
21;17;-2000
22;19;-2000
22;20;-2000
23;21;-2000
24;22;-2000
25;22;-2000
25;21;-2000
26;21;-2000
27;20;-2000
29;19;-2000
31;17;-2000
33;15;-2000
35;12;-2000
36;8;-2000
37;5;-2000
38;1;-2000
40;-3;-2000
40;-7;-2000
41;-10;-2000
42;-14;-2000
42;-18;-2000
42;-22;-2000
42;-26;-2000
41;-29;-2000
41;-31;-2000
39;-33;-2000
38;-35;-2000
36;-36;-2000
34;-37;-2000
33;-36;-2000
31;-35;-2000
30;-34;-2000
28;-33;-2000
27;-31;-2000
26;-29;-2000
25;-27;-2000
25;-25;-2000
25;-22;-2000
24;-20;-2000
24;-17;-2000
23;-15;-2000
23;-13;-2000
22;-10;-2000
21;-8;-2000
21;-5;-2000
20;-2;-2000
20;1;-2000
20;4;-2000
21;7;-2000
22;10;-2000
23;13;-2000
25;15;-2000
26;16;-2000
28;17;-2000
30;16;-2000
31;16;-2000
32;15;-2000
34;14;-2000
35;13;-2000
36;12;-2000
37;10;-2000
37;9;-2000
37;7;-2000
38;5;-2000
38;3;-2000
38;0;-2000
38;-2;-2000
38;-5;-2000
38;-7;-2000
38;-10;-2000
38;-13;-2000
38;-15;-2000
38;-18;-2000
38;-20;-2000
37;-22;-2000
37;-24;-2000
36;-26;-2000
35;-27;-2000
34;-29;-2000
32;-30;-2000
31;-31;-2000
29;-31;-2000
28;-31;-2000
26;-30;-2000
25;-29;-2000
24;-28;-2000
24;-26;-2000
23;-24;-2000
24;-22;-2000
23;-20;-2000
23;-18;-2000
24;-15;-2000
24;-12;-2000
24;-9;-2000
24;-5;-2000
25;-2;-2000
25;1;-2000
26;4;-2000
27;7;-2000
28;9;-2000
29;12;-2000
30;13;-2000
30;15;-2000
31;15;-2000
31;15;-2000
32;14;-2000
32;13;-2000
33;12;-2000
33;11;-2000
33;10;-2000
33;8;-2000
34;6;-2000
34;4;-2000
35;2;-2000
35;-1;-2000
36;-3;-2000
37;-6;-2000
37;-9;-2000
37;-11;-2000
37;-14;-2000
37;-17;-2000
36;-19;-2000
36;-21;-2000
35;-23;-2000
35;-24;-2000
34;-25;-2000
34;-25;-2000
33;-26;-2000
33;-26;-2000
32;-26;-2000
31;-26;-2000
31;-26;-2000
30;-25;-2000
30;-24;-2000
30;-23;-2000
29;-22;-2000
29;-20;-2000
28;-18;-2000
28;-16;-2000
28;-14;-2000
28;-11;-2000
27;-8;-2000
27;-6;-2000
27;-3;-2000
27;-1;-2000
27;1;-2000
27;4;-2000
27;5;-2000
26;7;-2000
26;9;-2000
26;11;-2000
26;12;-2000
26;13;-2000
26;14;-2000
26;15;-2000
26;15;-2000
26;15;-2000
27;15;-2000
27;14;-2000
28;12;-2000
30;10;-2000
30;8;-2000
31;6;-2000
33;3;-2000
34;1;-2000
35;-2;-2000
36;-5;-2000
37;-8;-2000
38;-11;-2000
39;-14;-2000
41;-17;-2000
42;-20;-2000
43;-23;-2000
44;-25;-2000
44;-28;-2000
44;-30;-2000
43;-32;-2000
43;-34;-2000
42;-34;-2000
41;-34;-2000
40;-33;-2000
39;-32;-2000
38;-30;-2000
37;-29;-2000
35;-26;-2000
34;-24;-2000
32;-21;-2000
31;-18;-2000
29;-15;-2000
28;-12;-2000
26;-8;-2000
24;-4;-2000
22;-1;-2000
21;2;-2000
19;5;-2000
18;9;-2000
16;12;-2000
15;15;-2000
14;17;-2000
14;19;-2000
13;21;-2000
13;22;-2000
13;23;-2000
13;23;-2000
14;23;-2000
15;23;-2000
16;22;-2000
18;20;-2000
19;18;-2000
21;16;-2000
24;13;-2000
26;11;-2000
29;8;-2000
32;5;-2000
35;1;-2000
38;-2;-2000
41;-6;-2000
44;-11;-2000
46;-16;-2000
48;-20;-2000
50;-25;-2000
51;-29;-2000
52;-33;-2000
52;-36;-2000
52;-39;-2000
51;-41;-2000
51;-43;-2000
50;-44;-2000
49;-44;-2000
49;-44;-2000
48;-43;-2000
46;-42;-2000
45;-40;-2000
42;-37;-2000
40;-34;-2000
38;-31;-2000
35;-27;-2000
33;-24;-2000
30;-20;-2000
26;-16;-2000
23;-11;-2000
20;-7;-2000
17;-1;-2000
14;3;-2000
12;9;-2000
10;14;-2000
8;18;-2000
6;23;-2000
5;27;-2000
4;30;-2000
5;33;-2000
5;35;-2000
6;36;-2000
8;36;-2000
9;36;-2000
12;35;-2000
14;34;-2000
17;32;-2000
21;30;-2000
25;26;-2000
29;23;-2000
33;18;-2000
38;13;-2000
42;8;-2000
46;2;-2000
50;-5;-2000
53;-11;-2000
56;-18;-2000
58;-24;-2000
59;-30;-2000
60;-35;-2000
60;-39;-2000
60;-43;-2000
59;-46;-2000
58;-48;-2000
56;-49;-2000
54;-50;-2000
52;-49;-2000
50;-48;-2000
48;-47;-2000
45;-45;-2000
41;-43;-2000
38;-40;-2000
34;-37;-2000
29;-33;-2000
25;-28;-2000
20;-23;-2000
16;-17;-2000
12;-11;-2000
8;-5;-2000
5;2;-2000
3;9;-2000
0;15;-2000
-1;21;-2000
-3;27;-2000
-4;31;-2000
-4;35;-2000
-4;38;-2000
-4;39;-2000
-3;41;-2000
-1;41;-2000
1;41;-2000
4;39;-2000
7;37;-2000
10;35;-2000
13;31;-2000
17;27;-2000
22;23;-2000
27;17;-2000
32;12;-2000
37;6;-2000
42;0;-2000
47;-7;-2000
53;-14;-2000
57;-21;-2000
62;-27;-2000
65;-34;-2000
68;-40;-2000
70;-45;-2000
72;-49;-2000
73;-53;-2000
73;-56;-2000
73;-58;-2000
71;-60;-2000
69;-60;-2000
66;-60;-2000
63;-60;-2000
58;-58;-2000
53;-56;-2000
47;-53;-2000
42;-49;-2000
35;-44;-2000
28;-38;-2000
21;-32;-2000
14;-25;-2000
8;-18;-2000
2;-10;-2000
-2;-3;-2000
-7;5;-2000
-11;12;-2000
-13;18;-2000
-15;24;-2000
-17;28;-2000
-17;32;-2000
-18;36;-2000
-18;39;-2000
-16;42;-2000
-13;44;-2000
-9;46;-2000
-4;47;-2000
1;46;-2000
7;45;-2000
14;42;-2000
22;39;-2000
30;34;-2000
38;29;-2000
45;22;-2000
53;15;-2000
59;8;-2000
65;0;-2000
69;-8;-2000
74;-16;-2000
77;-24;-2000
79;-31;-2000
81;-37;-2000
82;-43;-2000
82;-47;-2000
82;-51;-2000
81;-55;-2000
80;-58;-2000
78;-61;-2000
74;-63;-2000
70;-65;-2000
65;-66;-2000
59;-66;-2000
54;-64;-2000
47;-63;-2000
40;-60;-2000
33;-55;-2000
25;-50;-2000
18;-44;-2000
11;-37;-2000
5;-29;-2000
0;-20;-2000
-3;-12;-2000
-6;-3;-2000
-9;5;-2000
-10;13;-2000
-12;21;-2000
-32;27;-2000
-247;-74;-2000
-365;-161;-2000
-546;-142;-2000
-677;-147;-2000
-870;-69;-2000
-932;113;-2000
-937;253;-2000
-1065;378;-2000
-833;677;-2000
-751;798;-2000
-682;849;-2000
-436;1012;-2000
-423;884;-2000
-341;557;-1811
38;215;-1233
301;-81;-830
300;-156;-546
443;-239;-343
443;-343;-207
249;-317;-105
86;-345;-34
-13;-393;3
-122;-440;18
-184;-436;23
-187;-387;18
-190;-341;6
-223;-303;-12
-240;-279;-33
-243;-255;-55
-252;-237;-76
-252;-235;-97
-246;-236;-116
-233;-235;-130
-216;-229;-138
-207;-219;-141
-206;-211;-142
-215;-201;-141
-227;-192;-138
-236;-186;-134
-241;-182;-130
-241;-181;-125
-239;-181;-119
-235;-182;-115
-230;-182;-111
-226;-182;-109
-223;-184;-106
-220;-185;-105
-217;-186;-104
-213;-187;-104
-207;-189;-105
-201;-191;-107
-193;-194;-109
-185;-198;-113
-176;-201;-117
-167;-204;-122
-159;-205;-127
-152;-205;-132
-148;-203;-137
-145;-198;-140
-142;-192;-143
-142;-185;-144
-141;-177;-145
-140;-169;-145
-138;-160;-145
-136;-151;-144
-132;-142;-144
-128;-133;-143
-122;-124;-143
-117;-115;-143
-112;-107;-144
-107;-99;-145
-102;-92;-146
-98;-85;-148
-94;-79;-150
-91;-73;-151
-87;-68;-153
-84;-62;-155
-80;-58;-157
-77;-54;-158
-73;-50;-160
-69;-47;-161
-65;-45;-162
-61;-42;-163
-57;-40;-164
-53;-38;-165
-49;-36;-166
-45;-35;-167
-42;-33;-168
-38;-32;-169
-35;-31;-169
-31;-29;-170
-28;-28;-170
-25;-27;-171
-23;-26;-171
-20;-25;-171
-18;-23;-172
-16;-22;-172
-14;-21;-172
-12;-20;-172
-11;-18;-172
-10;-17;-171
-8;-15;-171
-8;-14;-171
-7;-12;-171
-6;-10;-172
-5;-8;-172
-5;-6;-172
-5;-4;-171
-4;-1;-171
-4;1;-171
-5;4;-170
-5;6;-170
-5;9;-170
-5;11;-169
-6;13;-168
-6;16;-168
-6;18;-167
-5;20;-166
-5;22;-166
-5;23;-166
-4;24;-165
-3;25;-165
-2;27;-164
0;28;-162
3;29;-161
5;29;-159
7;29;-158
9;30;-156
11;30;-154
13;31;-152
14;31;-150
15;32;-148
16;33;-146
16;34;-144
16;34;-141
16;35;-139
15;36;-137
14;37;-135
14;38;-132
12;39;-130
11;39;-128
10;40;-127
9;41;-125
7;42;-123
6;43;-121
5;43;-119
3;44;-118
2;44;-116
1;45;-114
0;45;-113
0;45;-111
-1;45;-110
-1;45;-108
-1;45;-107
-1;45;-106
-1;44;-104
-1;44;-103
0;43;-102
0;42;-100
1;41;-99
2;40;-98
3;39;-97
3;38;-95
4;37;-94
5;36;-93
5;35;-92
6;34;-91
6;33;-90
7;32;-89
8;31;-87
8;31;-86
8;30;-85
9;29;-84
9;29;-83
9;28;-82
9;27;-81
9;26;-79
9;25;-78
9;24;-77
10;24;-76
10;23;-75
10;22;-74
10;22;-73
10;21;-72
9;21;-71
9;21;-70
9;21;-69
8;20;-68
8;20;-67
8;20;-66
8;20;-65
8;20;-64
8;19;-64
8;19;-63
8;19;-62
8;18;-61
9;18;-60
9;17;-60
9;16;-59
9;16;-58
9;15;-58
9;15;-57
9;14;-56
8;13;-56
8;13;-55
8;13;-55
8;12;-54
8;12;-53
8;11;-53
8;11;-52
8;10;-52
8;10;-51
8;10;-51
8;10;-51
8;9;-51
8;9;-51
7;9;-50
7;9;-50
7;9;-50
7;9;-50
6;9;-50
6;8;-49
5;8;-49
4;8;-49
4;8;-49
3;8;-49
2;8;-48
2;8;-48
1;7;-48
0;7;-48
-1;7;-48
-2;7;-47
-3;7;-47
-4;7;-47
-5;7;-46
-6;8;-46
-8;8;-46
-9;8;-45
-9;8;-45
-10;9;-44
-11;9;-44
-12;9;-43
-12;10;-42
-13;10;-42
-13;10;-41
-13;10;-40
-14;10;-39
-14;10;-39
-14;10;-38
-15;10;-37
-15;10;-36
-15;10;-36
-15;10;-35
-16;10;-34
-16;10;-34
-16;10;-33
-16;10;-33
-16;10;-32
-16;9;-32
-16;9;-31
-16;9;-31
-16;9;-31
-16;9;-30
-15;8;-30
-15;8;-30
-15;8;-30
-15;8;-30
-15;8;-30
-15;8;-30
-15;8;-30
-15;8;-30
-15;8;-30
-15;8;-30
-15;8;-30
-15;8;-30
-15;8;-30
-15;8;-30
-15;8;-30
-15;9;-30
-15;9;-30
-15;9;-30
-15;9;-30
-15;10;-30
-14;10;-30
-14;10;-30
-14;11;-30
-14;11;-30
-14;11;-30
-14;12;-30
-14;12;-30
-13;12;-30
-13;12;-30
-13;13;-29
-13;13;-29
-12;13;-29
-12;13;-29
-12;13;-29
-12;13;-29
-11;13;-28
-11;13;-28
-11;13;-27
-10;13;-27
-10;13;-27
-10;13;-26
-9;13;-26
-9;13;-26
-8;12;-25
-8;12;-25
-8;12;-24
-7;12;-24
-7;12;-24
-7;12;-23
-6;11;-23
-6;11;-23
-5;11;-23
-5;11;-22
-5;11;-22
-4;11;-22
-4;11;-22
-4;11;-22
-3;11;-22
-3;11;-22
-3;11;-22
-2;11;-22
-2;11;-22
-2;11;-22
-1;11;-22
-1;11;-22
-1;11;-22
-1;11;-22
-1;11;-22
0;11;-23
0;12;-23
0;12;-23
0;12;-23
1;13;-23
1;13;-23
1;13;-23
1;14;-23
1;14;-23
1;15;-23
2;15;-23
2;16;-22
2;16;-22
2;16;-21
2;17;-21
2;17;-20
2;17;-20
2;18;-19
2;18;-19
2;18;-18
3;18;-18
3;18;-18
3;18;-17
3;18;-17
4;18;-17
4;18;-17
4;18;-17
5;18;-17
5;18;-17
6;18;-17
7;17;-17
7;17;-17
8;17;-17
8;16;-17
9;16;-17
10;15;-17
10;15;-17
11;15;-17
11;14;-16
12;14;-16
12;13;-16
12;13;-15
13;12;-15
13;12;-15
13;12;-14
13;11;-14
14;11;-14
14;10;-13
14;10;-13
14;9;-13
14;9;-13
14;9;-12
14;8;-12
15;8;-12
15;8;-11
15;8;-11
14;9;-10
14;9;-10
14;9;-10
14;10;-9
13;10;-9
13;11;-8
13;11;-8
12;11;-8
12;12;-7
12;12;-7
12;13;-6
11;13;-6
11;13;-6
11;13;-6
11;13;-5
11;13;-5
11;13;-5
11;13;-5
11;13;-5
11;13;-5
11;13;-5
11;13;-4
11;13;-4
10;13;-4
10;13;-4
10;12;-4
10;12;-4
10;12;-4
10;12;-4
10;12;-4
10;11;-3
10;11;-3
10;11;-3
9;10;-3
9;10;-3
9;10;-3
9;9;-3
9;9;-3
9;9;-2
9;8;-2
9;8;-2
9;7;-2
9;7;-2
9;6;-2
9;6;-2
9;5;-2
9;5;-2
9;4;-2
9;4;-2
9;4;-2
9;3;-2
9;3;-2
9;3;-2
9;3;-2
9;3;-2
8;2;-2
8;2;-2
8;2;-2
8;2;-2
8;2;-2
7;2;-2
7;2;-2
6;2;-2
6;3;-1
5;3;-1
5;3;-1
5;3;-1
4;3;-1
4;3;-1
3;3;-1
3;3;-1
3;3;-1
3;3;-1
3;3;-1
3;3;-1
3;3;-1
3;3;-1
3;3;-1
3;3;-1
3;2;-2
3;2;-2
3;2;-2
2;2;-2
2;1;-2
2;1;-2
2;1;-2
2;1;-2
2;0;-2
1;0;-2
1;0;-2
1;0;-2
1;0;-2
1;0;-2
1;-1;-2
1;-1;-2
1;-1;-2
1;-1;-2
1;-1;-2
1;-1;-2
0;-2;-2
0;-2;-2
0;-2;-2
-1;-2;-1
-1;-2;-1
-2;-2;-1
-2;-1;-1
-3;-1;-1
-3;-1;-1
-3;-1;-1
-4;-1;0
-4;-1;0
-4;-1;0
-4;-1;0
-4;-1;0
-5;-1;0
-5;-1;0
-5;-1;0
-5;-1;0
-5;-1;0
-5;-1;0
-5;-1;0
-5;-2;0
-5;-2;-1
-5;-1;-1
-5;-1;-1
-5;-1;-1
-5;-1;-1
-5;-2;-2
-5;-2;-2
-5;-2;-2
-5;-2;-2
-5;-2;-2
-5;-2;-2
-5;-2;-2
-5;-2;-2
-5;-2;-2
-5;-2;-2
-5;-3;-2
-5;-3;-2
-5;-3;-2
-5;-3;-2
-5;-3;-2
-5;-3;-2
-5;-4;-2
-5;-4;-2
-5;-4;-2
-4;-4;-2
-4;-4;-2
-4;-4;-2
-4;-5;-2
-4;-5;-2
-4;-5;-2
-3;-5;-2
-3;-5;-2
-3;-5;-2
-3;-5;-1
-3;-5;-1
-3;-5;-1
-3;-5;-1
-3;-5;-1
-3;-5;-1
-3;-5;-1
-3;-5;0
-3;-5;0
-3;-5;0
-3;-5;0
-3;-5;0
-3;-5;0
-4;-5;0
-4;-5;0
-4;-5;0
-4;-5;0
-4;-5;0
-4;-5;0
-4;-5;0
-4;-5;0
-4;-5;0
-4;-5;-1
-4;-5;-1
-4;-5;-1
-4;-6;-1
-4;-6;-1
-4;-6;-1
-4;-6;-1
-4;-6;-1
-4;-6;-1
-4;-6;-1
-4;-6;-1
-4;-6;-1
-4;-6;-1
-4;-6;0
-4;-5;0
-4;-5;0
-4;-5;0
-4;-5;0
-4;-5;0
-4;-5;0
-4;-5;0
-4;-5;0
-4;-5;0
-4;-5;0
-4;-5;0
-4;-5;0
-4;-4;0
-4;-4;0
-4;-4;0
-4;-4;-1
-4;-4;-1
-4;-4;-1
-4;-4;-1
-4;-4;-1
-3;-4;-1
-3;-3;-1
-3;-3;0
-3;-3;0
-3;-3;0
-3;-3;0
-3;-3;0
-3;-3;0
-3;-3;0
-3;-3;0
-3;-3;0
-3;-3;0
-3;-3;0
-3;-3;1
-3;-3;1
-3;-2;1
-3;-2;1
-3;-3;1
-3;-2;1
-3;-2;1
-3;-2;1
-3;-2;1
-3;-2;1
-3;-2;1
-3;-2;1
-3;-2;1
-3;-2;2
-3;-2;2
-3;-2;2
-3;-2;2
-3;-2;2
-3;-2;2
-3;-2;2
-3;-2;2
-3;-2;2
-3;-2;2
-3;-2;2
-3;-2;2
-3;-2;2
-3;-3;2
-3;-3;2
-3;-3;2
-3;-3;2
-3;-3;2
-3;-3;2
-3;-3;2
-3;-3;3
-3;-3;3
-3;-3;3
-3;-3;3
-3;-3;3
-3;-3;3
-3;-3;3
-3;-3;3
-3;-3;3
-3;-3;3
-3;-3;3
-4;-3;3
-4;-2;3
-4;-2;3
-4;-2;3
-4;-2;3
-4;-2;3
-4;-1;3
-5;-1;3
-5;-1;3
-5;0;3
-5;0;3
-5;0;2
-5;0;2
-5;0;2
-5;1;2
-5;1;2
-5;1;2
-5;1;2
-5;1;2
-5;1;2
-5;1;2
-5;1;2
-5;1;2
-5;1;2
-5;2;3
-5;2;3
-5;2;3
-5;2;3
-5;2;3
-5;2;3
-5;2;3
-5;2;3
-5;2;3
-5;2;4
-5;2;4
-5;2;4
-5;2;4
-5;2;4
-4;2;4
-4;2;4
-4;1;3
-4;1;3
-4;1;3
-4;1;3
-4;1;3
-3;2;3
-3;2;3
-3;2;3
-3;2;3
-3;2;3
-3;2;2
-3;2;2
-4;2;2
-4;2;2
-4;2;2
-4;2;2
-4;3;2
-4;3;2
-4;3;2
-4;3;2
-4;2;2
-3;2;2
-3;2;2
-3;2;2
-3;2;2
-3;2;2
-3;1;2
-3;1;1
-3;1;1
-2;1;1
-2;1;1
-2;1;1
-2;1;1
-2;1;1
-2;1;1
-2;0;1
-2;0;1
-2;0;2
-1;0;2
-2;0;2
-2;0;2
-2;0;2
-1;0;2
-1;0;2
-1;0;2
-2;0;2
-1;0;2
-1;0;2
-1;0;2
-1;0;2
-1;0;2
-1;0;2
-1;0;2
-2;-1;2
-2;-1;2
-2;-1;2
-2;-1;2
-2;0;2
-2;0;2
-2;0;2
-2;0;2
-2;0;2
-2;0;2
-1;0;2
-1;0;2
-1;0;2
-1;0;2
-1;0;2
-1;0;1
-1;0;1
-1;-1;1
-1;-1;1
-1;-1;1
-1;-1;0
-1;-1;0
-1;0;0
0;0;0
0;0;0
0;0;0
0;0;0
0;0;0
0;0;0
-1;0;0
-1;0;0
-1;0;0
-1;1;0
-1;1;0
-1;1;0
-1;1;0
-2;1;0
-2;1;0
-2;1;0
-2;1;0
-2;1;0
-1;1;0
-1;1;0
-1;1;0
-1;1;0
-1;1;0
-1;1;0
-1;1;0
-1;1;0
-1;1;0
-1;1;0
-1;1;1
-1;1;1
-1;1;1
0;0;1
0;0;1
0;0;1
0;0;1
1;0;1
1;0;1
1;0;1
1;0;1
1;0;1
1;0;1
2;0;1
2;0;1
1;0;1
1;0;1
1;0;1
1;0;1
1;0;1
1;0;1
1;0;1
1;0;1
1;0;1
0;0;1
0;0;1
0;1;1
0;0;1
0;0;1
1;0;1
1;0;1
0;0;1
0;0;1
0;0;1
0;0;1
0;0;1
0;0;1
0;0;1
0;0;1
0;0;0
0;0;0
0;0;0
0;1;0
0;1;0
0;1;0
0;1;0
0;1;0
0;1;0
0;1;0
0;1;0
0;1;0
0;1;0
0;1;0
0;1;0
1;1;0
1;1;0
1;1;0
1;1;0
1;1;0
1;1;0
1;0;0
1;0;0
1;0;0
1;0;0
1;0;0
1;0;1
1;-1;1
1;-1;1
1;-1;1
1;-1;1
1;-1;1
1;-1;1
1;-2;1
1;-2;1
1;-2;1
1;-2;1
1;-2;1
1;-2;1
1;-2;1
1;-2;1
1;-2;1
0;-2;1
0;-2;1
0;-2;2
0;-2;2
0;-2;2
-1;-2;2
-1;-1;2
-1;-1;2
-1;-1;2
-1;-1;2
-1;-1;2
-1;-1;2
-1;-1;2
-1;-1;2
-1;-1;2
-1;-1;2
-1;-1;2
-1;-1;2
-1;-1;2
-1;-1;2
-1;-1;2
-1;-1;2
-1;-1;2
-1;-1;2
-1;-1;2
-1;-1;2
0;-1;2
0;-1;2
0;-1;2
0;-1;2
0;-1;2
0;-1;2
-1;-1;2
-1;-1;2
-1;-1;2
-1;-1;2
-1;-1;2
-1;-1;2
-1;0;2
-1;0;2
-1;0;2
-1;0;2
-1;0;2
-1;0;2
-1;0;2
-1;0;2
-1;0;2
-1;0;2
-1;0;2
-1;0;2
-1;0;2
0;0;2
0;0;2
0;0;2
0;0;2
0;0;2
0;-1;2
0;-1;2
1;-1;3
1;-1;3
1;-1;3
1;-1;3
1;-1;3
1;-1;3
1;-1;3
1;-1;3
1;-1;3
1;-1;3
1;-1;3
1;-1;3
1;-1;3
1;-1;3
1;-1;3
1;-1;3
1;-1;3
1;-1;3
0;-1;3
0;-1;3
0;-1;3
0;0;3
0;0;3
0;0;3
0;0;4
0;0;4
0;0;3
0;0;3
0;0;3
0;0;3
0;0;3
0;0;3
0;0;3
0;0;3
0;0;3
0;0;3
0;0;3
0;0;3
0;0;2
0;0;2
0;0;2
0;0;2
0;0;2
0;0;2
0;0;2
0;0;2
0;0;2
0;0;2
0;0;2
0;1;2
0;1;2
0;1;2
0;1;2
0;1;2
0;1;2
0;1;2
0;1;1
0;1;1
0;1;1
0;1;1
0;1;1
0;2;1
0;2;1
0;2;1
0;2;1
0;2;1
0;2;1
0;2;1
0;2;1
0;2;1
0;2;1
0;2;1
0;2;1
0;2;1
0;2;1
0;2;1
0;1;1
0;1;1
0;1;1
0;0;1
1;0;1
1;0;1
1;0;1
1;0;1
1;0;1
1;-1;1
1;-1;1
1;-1;1
1;0;1
1;0;1
1;0;0
1;0;0
0;0;1
0;0;1
0;0;1
0;0;1
0;0;1
0;0;1
0;0;1
0;0;1
0;0;1
0;0;1
-1;0;1
-1;0;1
-1;0;1
-1;0;1
-1;0;1
-1;0;1
-2;1;1
-2;1;1
-2;1;1
-2;1;1
-2;1;2
-2;1;2
-2;1;2
-2;1;2
-2;1;2
-2;1;2
-2;0;2
-2;0;2
-2;0;2
-2;0;2
-2;0;2
-2;0;2
-2;0;2
-1;0;2
-1;0;2
-1;0;2
-1;0;2
-1;0;2
-1;-1;2
-1;-1;2
-1;-1;2
-1;-1;2
-1;-1;2
-1;-1;2
-1;-1;2
-1;-1;2
-1;-1;2
-1;-1;2
-1;-1;2
-1;-1;2
-1;-1;3
-1;-1;3
-1;-1;3
-1;0;3
-1;0;3
-1;0;3
-1;0;3
-1;0;3
-1;0;3
-1;0;3
-1;0;3
-1;0;3
-1;0;4
-1;0;4
-1;0;3
-1;0;4
-1;-1;4
-1;-1;4
-1;-1;4
-1;-1;4
-1;-1;4
-1;-1;4
-1;-1;3
-1;-1;3
-1;-1;3
-1;-1;3
-1;-1;3
-1;-1;3
-1;-1;3
-1;0;3
-1;0;3
-1;0;3
-1;0;3
-1;0;4
-1;0;4
-1;0;4
-1;0;4
-1;-1;4
-1;-1;4
-1;-1;3
-1;-1;3
-1;-1;3
-1;-1;3
-1;-1;3
-1;-1;3
-1;-1;3
-1;-1;3
-1;0;3
-2;0;3
-2;0;3
-2;0;3
-2;0;3
-2;0;3
-2;0;3
-2;0;3
-3;0;3
-3;0;3
-3;0;3
-3;1;3
-3;0;3
-3;0;3
-3;0;3
-3;0;3
-3;0;3
-3;0;3
-3;0;3
-3;0;3
-3;0;3
-3;0;3
-4;0;3
-4;0;3
-4;0;3
-4;0;3
-4;0;3
-4;-1;3
-4;-1;3
-4;-1;3
-4;-2;3
-4;-2;3
-4;-3;3
-4;-3;3
-4;-4;3
-4;-4;3
-4;-5;3
-4;-5;2
-4;-6;2
-4;-6;2
-4;-7;2
-4;-7;1
-3;-8;1
-3;-8;1
-3;-9;1
-3;-9;1
-3;-9;0
-3;-9;0
-3;-10;0
-3;-10;0
-4;-10;0
-4;-10;0
-4;-9;0
-5;-9;-1
-5;-9;-1
-5;-9;-1
-5;-9;-1
-5;-8;-1
-6;-8;-1
-6;-8;-2
-7;-8;-2
-7;-9;-2
-7;-9;-3
-8;-10;-3
-8;-10;-4
-9;-11;-5
-9;-12;-6
-9;-13;-6
-9;-15;-7
-8;-16;-7
-8;-18;-8
-7;-20;-8
-7;-21;-8
-6;-23;-8
-5;-25;-8
-4;-28;-7
-3;-30;-6
-3;-32;-6
-3;-34;-6
-2;-35;-6
-2;-36;-6
-2;-36;-7
-1;-36;-7
0;-36;-8
1;-35;-9
2;-33;-9
4;-31;-9
6;-28;-8
8;-25;-8
10;-22;-8
12;-18;-7
14;-15;-6
17;-12;-5
19;-8;-3
21;-4;-1
23;-1;2
24;2;4
25;4;7
26;6;8
25;7;10
24;7;11
22;7;11
19;5;11
16;4;10
13;2;9
9;1;8
6;-1;6
3;-2;5
1;-4;4
-1;-6;2
-3;-7;0
-4;-9;-1
-4;-11;-3
-4;-12;-4
-3;-14;-5
-2;-16;-6
0;-17;-6
1;-19;-7
2;-20;-7
4;-21;-8
5;-22;-8
6;-23;-8
8;-24;-8
9;-24;-8
10;-24;-9
10;-24;-9
11;-24;-9
11;-24;-9
11;-23;-10
11;-23;-10
11;-22;-10
10;-21;-10
10;-20;-10
10;-20;-10
9;-19;-9
9;-18;-9
9;-16;-9
8;-15;-9
8;-14;-8
8;-13;-8
8;-12;-8
8;-11;-7
8;-10;-7
8;-9;-7
8;-9;-6
7;-8;-6
7;-7;-6
7;-6;-6
7;-6;-6
7;-5;-5
7;-5;-5
7;-5;-5
8;-5;-5
8;-4;-5
8;-4;-5
8;-4;-5
9;-4;-5
9;-4;-5
10;-3;-4
10;-3;-5
11;-3;-5
11;-3;-5
11;-3;-5
11;-3;-5
12;-2;-5
12;-2;-6
12;-2;-6
12;-2;-6
12;-2;-6
11;-3;-6
11;-3;-6
11;-3;-6
11;-3;-6
11;-3;-6
11;-3;-6
11;-3;-6
11;-3;-5
10;-3;-5
10;-2;-5
10;-2;-5
10;-1;-4
11;-1;-4
11;0;-4
11;1;-4
11;1;-3
11;2;-3
12;2;-3
12;3;-2
12;3;-2
12;4;-1
12;5;-1
11;7;0
9;9;1
8;11;1
5;14;2
3;16;2
0;19;3
-4;21;2
-7;23;2
-10;24;1
-12;24;1
-15;25;1
-17;25;0
-18;24;0
-18;22;0
-17;19;1
-16;18;2
-14;17;3
-13;17;4
-12;17;6
-12;18;7
-12;20;7
-13;23;8
-14;25;8
-16;28;7
-19;30;6
-22;33;5
-26;34;4
-30;36;2
-34;37;1
-38;38;1
-42;39;0
-46;40;-1
-50;40;-1
-53;41;-1
-56;42;-1
-58;43;0
-60;45;0
-62;46;1
-63;48;2
-64;49;3
-65;51;5
-66;53;6
-66;54;8
-66;55;9
-66;57;10
-65;58;11
-65;59;11
-65;59;12
-64;60;12
-64;60;12
-63;60;12
-63;59;12
-62;59;12
-61;59;12
-61;58;12
-60;58;12
-59;57;12
-58;57;12
-58;56;12
-57;54;12
-56;53;12
-55;51;12
-54;50;12
-53;48;12
-51;46;12
-50;45;12
-48;43;12
-46;42;12
-44;40;12
-42;38;13
-41;36;13
-39;34;14
-37;32;14
-35;30;15
-32;27;15
-30;25;16
-28;22;16
-26;19;17
-23;16;18
-21;14;18
-18;11;19
-15;8;20
-13;6;20
-10;3;21
-7;1;21
-5;-1;22
-2;-3;22
1;-4;22
4;-6;21
6;-7;21
8;-8;21
10;-8;20
12;-9;20
14;-10;20
15;-10;19
16;-10;18
16;-10;18
16;-9;18
16;-9;18
16;-9;18
15;-8;18
14;-7;18
13;-7;18
12;-6;18
11;-5;18
9;-4;19
8;-3;19
6;-3;19
5;-2;19
3;-1;20
1;-1;20
-1;-1;20
-3;0;21
-4;0;21
-6;0;21
-8;0;22
-9;-1;23
-11;-1;23
-12;-1;24
-14;-2;24
-15;-2;25
-16;-2;26
-18;-3;27
-19;-4;28
-20;-4;28
-21;-5;29
-23;-5;31
-23;-6;32
-24;-7;32
-25;-7;33
-25;-8;34
-25;-8;34
-25;-9;35
-24;-10;35
-24;-10;35
-23;-11;34
-22;-11;34
-21;-12;33
-19;-12;32
-17;-12;31
-14;-12;29
-12;-11;28
-9;-11;27
-7;-10;25
-4;-10;24
-2;-10;23
1;-9;22
3;-9;20
5;-8;19
7;-8;18
8;-7;17
10;-6;16
11;-6;15
12;-6;14
13;-5;13
13;-5;13
14;-5;12
14;-4;12
15;-4;11
15;-4;11
15;-3;11
15;-3;11
15;-3;11
15;-3;12
14;-3;12
14;-3;12
14;-3;13
13;-3;13
13;-3;14
12;-2;14
11;-2;14
11;-2;15
11;-2;15
10;-2;15
10;-2;15
9;-2;15
9;-2;15
9;-2;15
8;-1;15
8;-2;15
8;-2;14
7;-1;14
7;-2;14
7;-2;13
7;-2;13
6;-2;13
6;-2;12
6;-2;12
6;-2;11
6;-1;11
6;-1;10
6;-1;10
6;-1;9
6;-1;8
6;-1;8
6;-1;7
6;-1;7
7;-1;7
7;-1;6
7;-1;6
7;-1;5
7;-1;5
8;-1;5
8;0;4
8;0;4
8;0;4
8;0;4
8;0;4
8;0;3
8;0;3
7;0;3
7;0;3
7;-1;3
7;-1;3
7;-1;3
7;-1;3
7;-2;3
7;-3;3
8;-4;3
9;-5;3
12;-8;3
14;-10;3
16;-12;3
19;-15;3
20;-17;2
21;-19;2
22;-21;1
23;-22;1
23;-24;0
23;-24;0
24;-25;-1
24;-25;-1
23;-25;-1
23;-24;-2
22;-23;-2
21;-22;-2
20;-21;-2
18;-20;-2
17;-18;-2
15;-17;-3
13;-16;-3
11;-14;-3
10;-13;-3
8;-11;-3
6;-10;-4
5;-8;-4
3;-6;-4
1;-5;-4
0;-4;-4
-2;-2;-4
-3;-1;-4
-4;0;-4
-6;1;-3
-7;2;-3
-7;2;-3
-8;3;-3
-9;3;-3
-9;3;-3
-9;3;-3
-9;3;-3
-9;3;-3
-9;3;-4
-8;3;-4
-8;3;-4
-7;2;-4
-6;1;-5
-5;1;-5
-4;0;-5
-4;0;-5
-3;-1;-5
-2;-2;-5
-2;-2;-5
-1;-3;-5
-1;-3;-4
0;-4;-4
0;-4;-4
0;-4;-4
-1;-4;-3
-1;-4;-3
-1;-4;-3
-1;-4;-3
-1;-4;-2
-1;-4;-2
-1;-3;-2
-1;-3;-1
0;-3;-1
0;-3;-1
1;-3;-1
2;-3;-1
3;-4;-1
3;-4;-1
4;-4;-1
5;-4;-2
6;-5;-2
6;-5;-2
7;-5;-2
8;-6;-3
8;-6;-3
9;-7;-3
9;-7;-3
9;-8;-3
9;-8;-4
10;-9;-4
10;-9;-4
10;-9;-4
10;-9;-4
10;-10;-4
10;-10;-5
10;-10;-5
10;-10;-5
9;-10;-5
9;-10;-5
10;-10;-5
10;-10;-5
10;-10;-5
10;-10;-5
10;-10;-4
11;-10;-4
11;-10;-4
12;-10;-4
12;-11;-4
12;-11;-3
13;-11;-3
13;-11;-3
14;-12;-2
14;-12;-2
14;-12;-2
14;-12;-2
14;-12;-2
13;-12;-2
13;-12;-1
12;-12;-1
11;-12;-1
10;-11;-1
9;-11;-1
8;-10;-1
6;-9;-1
5;-8;-1
4;-7;-1
2;-6;-1
1;-5;-2
0;-4;-2
-1;-4;-2
-2;-3;-3
-3;-2;-3
-4;-1;-3
-5;0;-4
-5;0;-4
-6;1;-5
-6;1;-5
-6;1;-5
-6;2;-5
-7;2;-6
-7;2;-6
-6;2;-6
-6;2;-6
-6;1;-6
-6;1;-6
-5;1;-6
-5;1;-5
-5;0;-5
-4;0;-5
-4;0;-5
-3;0;-4
-3;-1;-4
-2;-1;-3
-1;-1;-3
-1;-2;-3
0;-2;-2
1;-2;-2
2;-3;-2
2;-3;-1
3;-3;-1
4;-4;-1
4;-4;0
5;-4;0
6;-5;0
6;-5;0
7;-5;1
7;-6;1
7;-6;1
8;-6;1
8;-6;1
8;-7;1
9;-7;1
9;-7;1
9;-7;1
9;-7;1
9;-7;1
9;-7;1
9;-7;1
9;-6;1
9;-6;1
8;-6;0
8;-5;0
8;-5;0
8;-5;0
7;-4;0
7;-4;0
7;-4;-1
7;-4;-1
7;-4;-1
7;-4;-1
6;-5;-1
7;-5;-1
7;-5;-1
7;-6;-1
7;-6;-1
7;-6;-1
9;-6;-1
12;-5;-2
12;-5;-2
13;-5;-2
13;-5;-2
14;-5;-2
14;-5;-2
15;-6;-3
15;-7;-3
15;-8;-3
14;-8;-3
14;-9;-3
13;-10;-3
12;-10;-3
11;-10;-3
10;-10;-3
8;-10;-3
6;-10;-4
5;-9;-4
3;-8;-4
2;-8;-4
0;-7;-4
0;-6;-4
-1;-5;-4
-1;-4;-4
-2;-4;-4
-2;-3;-4
-2;-2;-4
-3;-2;-4
-3;-2;-5
-3;-1;-5
-3;-1;-5
-2;-1;-4
-2;-1;-4
-1;-1;-4
-1;-1;-4
0;-1;-3
0;-1;-3
0;-1;-3
1;-1;-3
1;-1;-3
1;-1;-3
1;-1;-3
1;-1;-2
1;-1;-2
2;-1;-2
2;-1;-2
2;-1;-2
2;-1;-2
2;0;-2
2;0;-2
2;0;-3
2;0;-3
3;0;-3
3;0;-3
3;0;-3
3;1;-3
4;0;-3
3;0;-3
3;0;-3
3;0;-3
3;0;-3
3;-1;-3
2;-1;-3
2;-1;-3
1;-1;-3
1;-2;-3
0;-2;-3
-1;-2;-3
-2;-2;-3
-3;-2;-3
-4;-2;-3
-5;-3;-3
-5;-3;-3
-6;-3;-3
-7;-3;-3
-8;-3;-3
-8;-3;-3
-9;-3;-3
-9;-3;-3
-10;-3;-3
-10;-3;-4
-10;-3;-4
-10;-3;-4
-9;-3;-4
-9;-3;-5
-8;-3;-5
-7;-3;-5
-6;-2;-5
-5;-2;-5
-4;-2;-5
-3;-3;-5
-2;-3;-5
-1;-3;-5
0;-4;-5
1;-4;-5
2;-5;-5
2;-5;-5
3;-6;-4
4;-6;-4
4;-7;-4
5;-7;-3
5;-7;-3
5;-7;-3
6;-7;-3
6;-7;-2
6;-7;-2
5;-7;-2
5;-6;-2
4;-6;-2
4;-5;-2
4;-5;-2
3;-4;-2
3;-4;-2
2;-3;-2
2;-2;-2
1;-2;-2
1;-1;-2
0;0;-2
0;0;-2
-1;1;-2
-1;1;-2
-2;1;-2
-3;1;-2
-4;1;-2
-5;1;-2
-6;1;-2
-6;1;-2
-7;1;-2
-8;0;-2
-9;0;-2
-9;-1;-2
-9;-1;-2
-10;-1;-2
-9;-2;-3
-9;-2;-3
-9;-2;-3
-9;-2;-3
-9;-2;-3
-9;-2;-3
-8;-2;-3
-8;-2;-3
-7;-2;-3
-7;-2;-3
-6;-2;-3
-5;-2;-3
-5;-1;-3
-4;-1;-3
-3;-1;-3
-3;-1;-4
-2;-1;-4
-2;-1;-4
-1;-1;-5
0;-1;-5
1;-1;-5
2;-1;-5
2;-1;-6
3;-2;-6
4;-2;-6
5;-3;-6
6;-3;-5
7;-4;-5
8;-5;-5
9;-5;-5
9;-6;-5
10;-7;-4
11;-8;-4
11;-8;-4
12;-9;-4
12;-9;-4
13;-10;-4
13;-10;-3
13;-10;-3
14;-10;-3
14;-9;-3
14;-9;-3
14;-8;-3
13;-7;-3
13;-7;-4
12;-6;-4
12;-5;-4
11;-4;-3
11;-3;-3
10;-3;-3
10;-2;-3
9;-2;-3
9;-2;-3
8;-2;-3
8;-2;-2
7;-2;-2
6;-2;-2
6;-2;-1
5;-2;-1
5;-2;-1
4;-3;-1
4;-3;-1
3;-3;-1
3;-3;-1
3;-3;-1
3;-4;-1
3;-4;-1
3;-5;-1
3;-5;-2
4;-6;-2
4;-6;-2
5;-7;-3
5;-7;-3
6;-8;-3
6;-8;-4
6;-9;-4
7;-9;-5
7;-9;-5
7;-9;-5
7;-9;-5
7;-9;-5
6;-8;-6
5;-8;-6
5;-7;-6
4;-7;-6
3;-7;-7
2;-6;-7
1;-6;-7
1;-5;-7
0;-5;-7
0;-5;-7
0;-5;-6
0;-5;-6
0;-5;-6
1;-5;-6
1;-6;-6
2;-6;-6
3;-7;-6
4;-7;-6
6;-8;-6
7;-8;-6
9;-9;-6
10;-9;-7
12;-10;-6
13;-10;-6
14;-11;-6
15;-11;-7
16;-11;-7
16;-12;-7
17;-12;-6
17;-12;-6
18;-12;-6
19;-12;-6
19;-12;-5
20;-11;-5
21;-11;-4
21;-11;-4
21;-11;-3
21;-10;-2
21;-10;-2
21;-9;-1
20;-8;-1
18;-7;0
16;-7;0
14;-6;0
12;-5;0
9;-4;0
7;-4;0
5;-2;1
4;-1;1
2;0;1
1;1;2
0;2;2
-1;3;2
-2;3;1
-2;3;1
-3;3;1
-4;3;1
-4;3;1
-4;3;1
-4;3;2
-5;3;2
-4;3;2
-4;2;2
-4;2;3
-4;2;3
-4;2;3
-3;2;3
-3;2;3
-3;2;3
-3;2;3
-2;2;3
-2;2;3
-1;2;3
-1;2;3
0;2;3
0;2;2
0;2;2
1;2;2
1;2;2
1;1;2
1;1;2
1;1;2
2;1;2
2;1;1
2;0;1
1;0;1
1;-1;1
2;-1;1
3;-1;2
3;-1;2
4;-1;2
5;0;2
5;0;2
5;0;2
6;0;2
6;0;1
6;1;1
6;1;1
7;1;1
7;1;1
7;0;1
7;0;1
7;0;1
7;-1;1
7;-1;1
7;-2;1
7;-3;2
7;-3;2
7;-3;2
7;-3;2
7;-4;2
7;-3;2
7;-3;3
6;-3;3
6;-3;3
6;-3;3
6;-3;3
6;-2;4
5;-2;4
5;-2;4
5;-2;4
4;-2;4
4;-2;4
4;-2;5
4;-2;5
3;-2;5
4;-2;5
4;-2;5
4;-2;5
4;-2;6
4;-3;6
4;-3;6
4;-3;7
4;-4;7
4;-5;7
4;-5;7
4;-6;7
4;-6;7
4;-7;7
4;-7;7
4;-8;6
4;-8;6
4;-9;6
3;-10;6
3;-10;6
3;-11;6
3;-11;6
3;-12;6
3;-12;6
3;-13;6
3;-13;6
3;-13;6
3;-13;6
3;-13;7
2;-13;7
2;-12;7
2;-12;7
2;-11;7
2;-11;7
2;-11;7
2;-11;7
3;-11;7
3;-10;7
3;-10;7
2;-10;6
2;-10;6
2;-10;6
2;-10;6
1;-10;6
1;-10;5
0;-9;5
0;-9;5
1;-9;5
1;-10;5
1;-10;6
1;-10;6
0;-10;6
0;-11;6
0;-11;7
0;-11;7
0;-12;8
0;-12;8
-1;-12;9
-1;-13;10
-1;-13;10
-2;-14;11
-2;-14;11
-3;-14;11
-3;-15;11
-4;-15;11
-4;-14;11
-4;-14;11
-5;-14;11
-5;-14;11
-5;-13;10
-5;-13;10
-6;-13;9
-6;-13;9
-7;-13;9
-7;-13;8
-7;-13;8
-7;-13;8
-7;-13;7
-6;-13;7
-6;-13;7
-6;-13;7
-6;-13;6
-5;-13;6
-5;-13;6
-5;-13;6
-5;-13;6
-5;-13;6
-5;-13;6
-5;-12;6
-4;-12;6
-4;-12;6
-4;-11;6
-4;-11;6
-3;-10;6
-3;-10;6
-3;-10;6
-3;-10;6
-3;-10;6
-2;-10;6
-2;-9;6
-1;-9;6
-1;-9;6
0;-9;6
0;-9;6
0;-8;6
0;-8;6
1;-8;6
1;-7;6
1;-7;6
1;-7;6
1;-7;6
1;-7;7
1;-7;7
1;-7;7
1;-7;7
1;-7;7
1;-7;7
1;-8;7
1;-8;7
1;-8;7
1;-8;7
1;-8;7
0;-8;7
0;-8;7
0;-9;7
0;-9;7
0;-9;6
0;-9;6
0;-9;6
1;-9;6
1;-9;6
1;-9;6
2;-9;6
2;-9;6
2;-9;6
3;-10;5
3;-10;5
4;-10;5
4;-10;5
5;-11;4
5;-11;4
6;-11;4
6;-11;4
6;-11;4
7;-11;4
7;-11;4
7;-11;4
7;-10;4
6;-10;4
6;-10;4
6;-10;5
6;-10;5
5;-9;5
5;-9;5
4;-9;5
4;-9;5
4;-9;5
3;-9;6
3;-9;6
3;-9;6
3;-9;6
3;-9;6
3;-8;6
3;-8;6
3;-8;6
3;-8;7
3;-8;7
3;-8;7
3;-8;7
2;-8;7
2;-8;7
2;-8;7
2;-8;7
1;-8;7
1;-8;7
1;-7;7
1;-7;7
4;-5;6
6;-3;6
4;-4;6
4;-3;5
3;-2;5
2;-2;5
1;-2;4
0;-1;4
-1;-2;4
-2;-2;4
-3;-2;4
-3;-2;4
-3;-3;4
-3;-3;4
-3;-3;4
-3;-3;4
-3;-3;3
-3;-3;3
-3;-3;3
-3;-3;3
-2;-2;3
-3;-2;3
-3;-1;2
-3;-1;2
-4;0;2
-4;0;2
-5;1;2
-5;1;2
-5;2;2
-4;2;2
-4;2;3
-4;2;3
-4;2;3
-4;3;3
-4;3;2
-4;3;2
-4;4;2
-4;4;2
-4;5;2
-4;5;3
-4;4;3
-3;4;2
-3;4;2
-3;3;2
-3;2;2
-3;2;2
-3;1;2
-2;0;2
-2;-1;2
-2;-2;2
-1;-2;2
-1;-2;2
-1;-3;2
-1;-3;1
0;-3;1
0;-2;1
1;-2;1
1;-2;1
1;-1;0
2;-1;0
2;0;0
2;0;0
2;0;1
2;1;1
2;1;1
1;1;1
1;1;1
1;1;2
0;1;2
0;1;2
0;1;2
0;1;2
0;1;2
1;1;2
1;1;2
1;2;2
1;2;1
1;2;1
1;2;1
1;2;1
1;1;1
1;1;1
0;1;0
0;0;0
0;0;0
0;0;0
0;-1;0
0;-1;0
0;-1;0
-1;-1;-1
-1;-1;-1
-1;-1;-1
-1;-1;-1
-1;-1;-2
-1;-1;-2
-2;-1;-3
-2;-2;-3
-2;-2;-4
-2;-3;-4
-2;-3;-5
-2;-4;-5
-2;-4;-6
-1;-5;-6
-1;-5;-6
0;-6;-6
0;-6;-6
1;-7;-6
1;-8;-6
2;-8;-6
2;-9;-6
2;-9;-6
2;-10;-6
2;-10;-7
2;-11;-7
