0;0;0
29;0;0
-8;-9;-63
-8;-9;-63
-8;-9;-63
-8;-9;-63
-10;-9;-63
-10;-10;-63
-10;-10;-63
-10;-10;-63
-10;-10;-63
-11;-10;-62
-11;-10;-62
-11;-10;-62
-11;-10;-62
-11;-10;-62
-11;-13;-62
-11;-13;-60
-11;-13;-60
-11;-13;-60
-11;-13;-60
-13;-13;-60
-13;-13;-58
-13;-13;-58
-13;-13;-58
-13;-13;-58
-12;-13;-58
-12;-12;-61
-12;-12;-61
-12;-12;-61
-12;-12;-61
-12;-12;-61
-12;-12;-59
-12;-12;-59
-12;-12;-59
-12;-12;-59
-12;-12;-59
-12;-13;-58
-12;-13;-58
-12;-13;-58
-12;-13;-58
-12;-13;-58
-12;-13;-58
-12;-13;-58
-12;-13;-58
-12;-13;-58
-12;-13;-58
-12;-13;-59
-12;-13;-59
-12;-13;-59
-12;-13;-59
-11;-13;-59
-11;-13;-58
-11;-13;-58
-11;-13;-58
-11;-13;-58
-12;-13;-58
-12;-11;-61
-12;-11;-61
-12;-11;-61
-12;-11;-61
-12;-11;-61
-12;-12;-61
-12;-12;-61
-12;-12;-61
-12;-12;-61
-10;-12;-61
-10;-12;-61
-10;-12;-61
-10;-12;-61
-10;-12;-61
-12;-12;-61
-12;-12;-59
-12;-12;-59
-12;-12;-59
-12;-12;-59
-13;-12;-59
-13;-12;-59
-13;-12;-59
-13;-12;-59
-13;-12;-59
-12;-12;-59
-12;-12;-60
-12;-12;-60
-12;-12;-60
-12;-12;-60
-13;-12;-60
-13;-12;-59
-13;-12;-59
-13;-12;-59
-13;-12;-59
-12;-12;-59
-12;-11;-60
-12;-11;-60
-12;-11;-60
-12;-11;-60
-12;-11;-60
-12;-13;-59
-12;-13;-59
-12;-13;-59
-12;-13;-59
-12;-13;-59
-12;-13;-59
-12;-13;-59
-12;-13;-59
-12;-13;-59
-13;-13;-59
-13;-13;-58
-13;-13;-58
-13;-13;-58
-13;-13;-58
-12;-12;-58
-12;-12;-59
-12;-12;-59
-12;-12;-59
-12;-12;-59
-12;-12;-59
-12;-12;-60
-12;-12;-60
-12;-12;-60
-12;-12;-60
-11;-12;-60
-11;-12;-60
-11;-12;-60
-11;-12;-60
-11;-12;-60
-12;-12;-60
-12;-11;-60
-12;-11;-60
-12;-11;-60
-12;-11;-60
-12;-11;-60
-12;-11;-62
-12;-11;-62
-12;-11;-62
-12;-11;-62
-12;-11;-62
-12;-11;-61
-12;-11;-61
-12;-11;-61
-12;-11;-61
-12;-11;-61
-12;-10;-61
-12;-10;-61
-12;-10;-61
-12;-10;-61
-12;-10;-61
-12;-12;-60
-12;-12;-60
-12;-12;-60
-12;-12;-60
-12;-12;-60
-12;-12;-61
-12;-12;-61
-12;-12;-61
-12;-12;-61
-12;-12;-61
-12;-12;-61
-12;-12;-61
-12;-12;-61
-12;-12;-61
-12;-12;-61
-12;-12;-61
-12;-12;-61
-12;-12;-61
-12;-12;-61
-12;-12;-61
-12;-12;-61
-12;-12;-61
-12;-12;-61
-12;-12;-61
-12;-12;-61
-12;-12;-61
-12;-12;-61
-12;-12;-61
-12;-12;-61
-12;-12;-61
-12;-12;-61
-12;-12;-61
-12;-12;-61
-12;-12;-61
-12;-12;-61
-12;-12;-61
-12;-12;-61
-12;-12;-61
-12;-12;-61
-12;-12;-61
-11;-12;-61
-11;-10;-62
-11;-10;-62
-11;-10;-62
-11;-10;-62
-11;-10;-62
-11;-11;-61
-11;-11;-61
-11;-11;-61
-11;-11;-61
-11;-11;-61
-11;-9;-61
-11;-9;-61
-11;-9;-61
-11;-9;-61
-9;-9;-61
-9;-10;-62
-9;-10;-62
-9;-10;-62
-9;-10;-62
-11;-10;-63
-11;-10;-63
-11;-10;-63
-11;-10;-63
-11;-10;-63
-13;-8;-62
-13;-8;-62
-13;-8;-62
-13;-8;-62
-13;-8;-62
-10;-8;-62
-10;-10;-63
-10;-10;-63
-10;-10;-63
-10;-10;-63
-10;-10;-63
-10;-9;-63
-10;-9;-63
-10;-9;-63
-10;-9;-63
-10;-9;-63
-10;-9;-63
-10;-9;-63
-10;-9;-63
-10;-9;-63
-12;-9;-63
-12;-8;-65
-12;-8;-65
-12;-8;-65
-12;-8;-65
-11;-8;-65
-11;-7;-65
-11;-7;-65
-11;-7;-65
-11;-7;-65
-10;-7;-65
-10;-6;-65
-10;-6;-65
-10;-6;-65
-10;-6;-65
-10;-6;-65
-10;-5;-66
-10;-5;-66
-10;-5;-66
-10;-5;-66
-10;-5;-66
-10;-3;-69
-10;-3;-69
-10;-3;-69
-10;-3;-69
-10;-3;-69
-10;-2;-71
-10;-2;-71
-10;-2;-71
-10;-2;-71
-9;-2;-71
-9;-1;-70
-9;-1;-70
-9;-1;-70
-9;-1;-70
-10;-1;-70
-10;-3;-68
-10;-3;-68
-10;-3;-68
-10;-3;-68
-9;-3;-68
-9;-1;-69
-9;-1;-69
-9;-1;-69
-9;-1;-69
-7;-1;-69
-7;0;-70
-7;0;-70
-7;0;-70
-7;0;-70
-5;0;-70
-5;1;-72
-5;1;-72
-5;1;-72
-5;1;-72
-6;1;-72
-6;0;-72
-6;0;-72
-6;0;-72
-6;0;-72
-2;0;-72
-2;2;-73
-2;2;-73
-2;2;-73
-2;2;-73
-1;2;-74
-1;2;-74
-1;2;-74
-1;2;-74
-1;2;-74
2;4;-74
2;4;-74
2;4;-74
2;4;-74
2;4;-74
3;4;-74
3;6;-74
3;6;-74
3;6;-74
3;6;-74
4;6;-74
4;5;-75
4;5;-75
4;5;-75
4;5;-75
6;5;-75
6;7;-74
6;7;-74
6;7;-74
6;7;-74
8;7;-74
8;6;-74
8;6;-74
8;6;-74
8;6;-74
8;6;-74
8;7;-74
8;7;-74
8;7;-74
8;7;-74
10;7;-74
10;7;-74
10;7;-74
10;7;-74
10;7;-74
12;7;-74
12;7;-72
12;7;-72
12;7;-72
12;7;-72
11;7;-72
11;8;-73
11;8;-73
11;8;-73
11;8;-73
11;8;-73
11;8;-73
11;8;-73
11;8;-73
11;8;-73
12;8;-73
12;7;-74
12;7;-74
12;7;-74
12;7;-74
13;7;-74
13;6;-73
13;6;-73
13;6;-73
13;6;-73
13;6;-73
13;6;-74
13;6;-74
13;6;-74
13;6;-74
12;6;-74
12;6;-73
12;6;-73
12;6;-73
12;6;-73
13;6;-73
13;5;-74
13;5;-74
13;5;-74
13;5;-74
14;5;-74
14;6;-73
14;6;-73
14;6;-73
14;6;-73
13;6;-73
13;5;-74
13;5;-74
13;5;-74
13;5;-74
13;5;-73
13;5;-73
13;5;-73
13;5;-73
13;5;-73
12;5;-73
12;5;-73
12;5;-73
12;5;-73
12;5;-73
13;6;-74
13;6;-74
13;6;-74
13;6;-74
13;6;-74
12;6;-74
12;6;-75
12;6;-75
12;6;-75
12;6;-75
13;6;-75
13;6;-74
13;6;-74
13;6;-74
13;6;-74
12;6;-74
12;7;-74
12;7;-74
12;7;-74
12;7;-74
11;7;-74
11;6;-75
11;6;-75
11;6;-75
11;6;-75
12;6;-75
12;6;-73
12;6;-73
12;6;-73
12;6;-73
11;6;-73
11;5;-73
11;5;-73
11;5;-73
11;5;-73
11;5;-73
11;6;-74
11;6;-74
11;6;-74
11;6;-74
11;6;-74
11;6;-74
11;6;-74
11;6;-74
11;6;-74
12;6;-74
12;7;-73
12;7;-73
12;7;-73
12;7;-73
10;7;-73
10;6;-73
10;6;-73
10;6;-73
10;6;-73
10;6;-73
10;7;-74
10;7;-74
10;7;-74
10;7;-74
10;7;-74
10;7;-74
10;7;-74
10;7;-74
10;7;-74
9;7;-74
9;7;-74
9;7;-74
9;7;-74
9;7;-74
11;7;-74
11;8;-73
11;8;-73
11;8;-73
11;8;-73
10;8;-73
10;7;-74
10;7;-74
10;7;-74
10;7;-74
9;7;-74
9;7;-74
9;7;-74
9;7;-74
9;7;-74
9;6;-74
9;6;-74
9;6;-74
9;6;-74
9;6;-74
10;8;-74
10;8;-75
10;8;-75
10;8;-75
10;8;-75
9;8;-75
9;8;-74
9;8;-74
9;8;-74
9;8;-74
9;8;-74
9;7;-74
9;7;-74
9;7;-74
9;7;-74
9;7;-74
9;7;-74
9;7;-74
9;7;-74
9;7;-74
7;7;-74
7;7;-74
7;7;-74
7;7;-74
7;7;-74
9;7;-74
9;8;-75
9;8;-75
9;8;-75
9;8;-75
9;8;-75
9;7;-75
9;7;-75
9;7;-75
9;7;-75
9;7;-75
9;8;-74
9;8;-74
9;8;-74
9;8;-74
9;8;-74
9;8;-76
9;8;-76
9;8;-76
9;8;-76
6;8;-76
6;8;-75
6;8;-75
6;8;-75
6;8;-75
8;8;-75
8;7;-74
8;7;-74
8;7;-74
8;7;-74
7;7;-74
7;7;-75
7;7;-75
7;7;-75
7;7;-75
8;7;-75
8;8;-75
8;8;-75
8;8;-75
8;8;-75
7;8;-75
7;7;-74
7;7;-74
7;7;-74
7;7;-74
6;7;-74
6;8;-75
6;8;-75
6;8;-75
6;8;-75
7;8;-75
7;8;-75
7;8;-75
7;8;-75
7;8;-75
7;8;-75
7;8;-75
7;8;-75
7;8;-75
7;8;-75
8;8;-75
8;8;-75
8;8;-75
8;8;-75
8;8;-75
7;8;-75
7;8;-75
7;8;-75
7;8;-75
7;8;-75
8;8;-75
8;8;-75
8;8;-75
8;8;-75
8;8;-75
6;8;-75
6;7;-76
6;7;-76
6;7;-76
6;7;-76
7;7;-76
7;7;-74
7;7;-74
7;7;-74
7;7;-74
6;7;-74
6;8;-76
6;8;-76
6;8;-76
6;8;-76
5;8;-76
5;6;-75
5;6;-75
5;6;-75
5;6;-75
5;6;-75
5;7;-75
5;7;-75
5;7;-75
5;7;-75
6;7;-75
6;7;-75
6;7;-75
6;7;-75
6;7;-75
5;7;-75
5;9;-75
5;9;-75
5;9;-75
5;9;-75
5;9;-75
5;8;-75
5;8;-75
5;8;-75
5;8;-75
5;8;-75
5;8;-75
5;8;-75
5;8;-75
5;8;-75
5;8;-75
5;8;-75
5;8;-75
5;8;-75
5;8;-75
5;8;-75
5;8;-75
5;8;-75
5;8;-75
5;8;-75
5;8;-75
5;8;-75
5;8;-75
5;8;-75
5;8;-75
5;8;-75
5;8;-75
5;8;-75
5;8;-75
5;8;-75
5;8;-75
5;8;-75
5;8;-75
5;8;-75
5;8;-75
5;8;-75
5;8;-75
5;8;-75
5;8;-75
5;8;-75
5;8;-75
4;8;-75
4;8;-74
4;8;-74
4;8;-74
4;8;-74
3;8;-74
3;9;-75
3;9;-75
3;9;-75
3;9;-75
4;8;-75
4;8;-75
4;8;-75
4;8;-75
4;8;-75
4;8;-75
4;8;-75
4;8;-75
4;8;-75
4;8;-75
2;8;-38
2;8;-76
2;8;-76
2;8;-76
2;8;-76
4;8;-76
4;8;-75
4;8;-75
4;8;-75
4;8;-75
4;8;-75
4;8;-75
4;8;-75
4;8;-75
4;8;-75
3;8;-75
3;8;-75
3;8;-75
3;8;-75
3;8;-75
4;8;-75
4;8;-75
4;8;-75
4;8;-75
4;8;-75
3;8;-75
3;8;-75
3;8;-75
3;8;-75
3;8;-75
3;8;-75
3;8;-74
3;8;-74
3;8;-74
3;8;-74
3;8;-74
3;8;-76
3;8;-76
3;8;-76
3;8;-76
3;8;-76
3;9;-75
3;9;-75
3;9;-75
3;9;-75
3;9;-75
3;10;-75
3;10;-75
3;10;-75
3;10;-75
3;10;-75
3;9;-76
3;9;-76
3;9;-76
3;9;-76
4;9;-76
4;9;-75
4;9;-75
4;9;-75
4;9;-75
3;9;-75
3;9;-75
3;9;-75
3;9;-75
3;9;-75
1;9;-75
1;8;-73
1;8;-73
1;8;-73
1;8;-73
2;8;-73
2;7;-72
2;7;-72
2;7;-72
2;7;-72
1;7;-72
1;8;-72
1;8;-72
1;8;-72
1;8;-72
1;8;-72
1;8;-72
1;8;-72
1;8;-72
1;8;-72
0;8;-72
0;8;-73
0;8;-73
0;8;-73
0;8;-73
0;7;-73
0;7;-73
0;7;-73
0;7;-73
0;7;-73
2;7;-73
2;10;-73
2;10;-73
2;10;-73
2;10;-73
1;10;-73
1;10;-76
1;10;-76
1;10;-76
1;10;-76
3;10;-76
3;12;-75
3;12;-75
3;12;-75
3;12;-75
3;12;-75
3;10;-74
3;10;-74
3;10;-74
3;10;-74
2;10;-74
2;11;-74
2;11;-74
2;11;-74
2;11;-74
2;11;-74
2;12;-75
2;12;-75
2;12;-75
2;12;-75
3;12;-75
3;12;-74
3;12;-74
3;12;-74
3;12;-74
2;12;-74
2;13;-74
2;13;-74
2;13;-74
2;13;-74
2;13;-74
2;13;-74
2;13;-74
2;13;-74
2;13;-74
2;13;-74
2;12;-73
2;12;-73
2;12;-73
2;12;-73
2;12;-73
2;14;-74
2;14;-74
2;14;-74
2;14;-74
3;14;-74
3;14;-74
3;14;-74
3;14;-74
3;14;-74
3;14;-74
3;15;-73
3;15;-73
3;15;-73
3;15;-73
3;15;-73
3;17;-74
3;17;-74
3;17;-74
3;17;-74
4;17;-74
4;16;-73
4;16;-73
4;16;-73
4;16;-73
5;18;-74
5;18;-74
5;18;-74
5;18;-74
5;18;-74
5;18;-74
5;18;-74
5;18;-74
5;18;-74
5;18;-74
4;16;-74
4;16;-75
4;16;-75
4;16;-75
4;16;-75
6;16;-75
6;18;-74
6;18;-74
6;18;-74
6;18;-74
6;18;-74
6;19;-75
6;19;-75
6;19;-75
6;19;-75
7;19;-75
7;21;-73
7;21;-73
7;21;-73
7;21;-73
9;21;-73
9;22;-72
9;22;-72
9;22;-72
9;22;-72
9;22;-72
9;23;-71
9;23;-71
9;23;-71
9;23;-71
10;23;-71
10;24;-71
10;24;-71
10;24;-71
10;24;-71
11;24;-71
11;25;-70
11;25;-70
11;25;-70
11;25;-70
11;25;-70
11;26;-70
11;26;-70
11;26;-70
11;26;-70
11;26;-70
11;28;-68
11;28;-68
11;28;-68
11;28;-68
10;28;-68
10;30;-69
10;30;-69
10;30;-69
10;30;-69
11;30;-69
11;31;-69
11;31;-69
11;31;-69
11;31;-69
11;31;-69
11;33;-67
11;33;-67
11;33;-67
11;33;-67
9;33;-67
9;33;-64
9;33;-64
9;33;-64
9;33;-64
10;33;-64
10;34;-64
10;34;-64
10;34;-64
10;34;-64
10;34;-64
10;36;-63
10;36;-63
10;36;-63
10;36;-63
8;38;-61
8;38;-61
8;38;-61
8;38;-61
8;38;-61
10;39;-61
10;39;-60
10;39;-60
10;39;-60
10;39;-60
10;39;-60
10;38;-60
10;38;-60
10;38;-60
10;38;-60
9;38;-60
9;39;-58
9;39;-58
9;39;-58
9;39;-58
11;39;-58
11;40;-56
11;40;-56
11;40;-56
11;40;-56
11;40;-56
11;42;-56
11;42;-56
11;42;-56
11;42;-56
11;42;-56
11;42;-55
11;42;-55
11;42;-55
11;42;-55
11;42;-55
11;42;-55
11;42;-55
11;42;-55
11;42;-55
12;42;-55
12;42;-52
12;42;-52
12;42;-52
12;42;-52
11;42;-52
11;44;-51
11;44;-51
11;44;-51
11;44;-51
10;44;-51
10;43;-50
10;43;-50
10;43;-50
10;43;-50
11;43;-50
11;43;-49
11;43;-49
11;43;-49
11;43;-49
11;43;-49
11;44;-48
11;44;-48
11;44;-48
11;44;-48
10;44;-48
10;45;-48
10;45;-48
10;45;-48
10;45;-48
10;45;-48
10;45;-47
10;45;-47
10;45;-47
10;45;-47
11;45;-47
11;45;-46
11;45;-46
11;45;-46
11;45;-46
11;45;-46
11;45;-45
11;45;-45
11;45;-45
11;45;-45
11;45;-45
11;45;-44
11;45;-44
11;45;-44
11;45;-44
12;45;-43
12;45;-43
12;45;-43
12;45;-43
12;45;-43
11;45;-43
11;46;-41
11;46;-41
11;46;-41
11;46;-41
12;46;-41
12;46;-41
12;46;-41
12;46;-41
12;46;-41
12;46;-41
12;45;-40
12;45;-40
12;45;-40
12;45;-40
12;45;-40
12;45;-40
12;45;-40
12;45;-40
12;45;-40
11;45;-40
11;46;-38
11;46;-38
11;46;-38
11;46;-38
11;46;-38
11;46;-38
11;46;-38
11;46;-38
11;46;-38
11;46;-38
11;45;-36
11;45;-36
11;45;-36
11;45;-36
11;45;-36
11;46;-37
11;46;-37
11;46;-37
11;46;-37
10;46;-37
10;46;-36
10;46;-36
10;46;-36
10;46;-36
10;46;-36
10;45;-35
10;45;-35
10;45;-35
10;45;-35
10;45;-35
10;47;-36
10;47;-36
10;47;-36
10;47;-36
9;47;-36
9;46;-35
9;46;-35
9;46;-35
9;46;-35
9;46;-35
9;46;-34
9;46;-34
9;46;-34
9;46;-34
9;46;-34
9;46;-34
9;46;-34
9;46;-34
9;46;-34
8;46;-34
8;45;-34
8;45;-34
8;45;-34
8;45;-34
8;45;-34
8;45;-34
8;45;-34
8;45;-34
8;45;-34
8;45;-34
8;45;-34
8;45;-34
8;45;-34
8;45;-34
8;45;-34
8;45;-34
8;45;-34
8;45;-34
8;45;-34
8;45;-34
8;45;-34
8;45;-34
8;45;-34
8;45;-34
8;45;-34
8;45;-34
8;45;-34
8;45;-34
8;45;-34
8;45;-34
8;45;-34
8;45;-34
8;45;-34
8;45;-34
8;45;-34
7;46;-34
7;46;-32
7;46;-32
7;46;-32
7;46;-32
5;46;-32
5;46;-31
5;46;-31
5;46;-31
5;46;-31
6;46;-31
6;45;-31
6;45;-31
6;45;-31
6;45;-31
6;45;-31
6;46;-32
6;46;-32
6;46;-32
6;46;-32
6;46;-32
6;47;-31
6;47;-31
6;47;-31
6;47;-31
4;47;-31
4;47;-30
4;47;-30
4;47;-30
4;47;-30
4;47;-30
4;47;-29
4;47;-29
4;47;-29
4;47;-29
2;47;-29
2;46;-30
2;46;-30
2;46;-30
2;46;-30
3;46;-30
3;46;-31
3;46;-31
3;46;-31
3;46;-31
2;46;-31
2;45;-30
2;45;-30
2;45;-30
2;45;-30
1;45;-30
1;46;-29
1;46;-29
1;46;-29
1;46;-29
1;46;-29
1;46;-28
1;46;-28
1;46;-28
1;46;-28
1;46;-28
1;46;-28
1;46;-28
1;46;-28
1;46;-28
37;46;-28
0;45;-28
0;45;-28
0;45;-28
0;45;-28
-37;45;-28
0;47;-28
0;47;-28
0;47;-28
0;47;-28
37;47;-28
-1;45;-27
-1;45;-27
-1;45;-27
-1;45;-27
-2;45;-27
-2;45;-28
-2;45;-28
-2;45;-28
-2;45;-28
-2;45;-29
-2;45;-29
-2;45;-29
-2;45;-29
-2;45;-29
-4;46;-29
-4;46;-27
-4;46;-27
-4;46;-27
-4;46;-27
-4;45;-27
-4;45;-27
-4;45;-27
-4;45;-27
-4;45;-27
-6;45;-27
-6;44;-26
-6;44;-26
-6;44;-26
-6;44;-26
-6;44;-26
-6;45;-27
-6;45;-27
-6;45;-27
-6;45;-27
-5;45;-27
-5;44;-27
-5;44;-27
-5;44;-27
-5;44;-27
-7;44;-27
-7;44;-25
-7;44;-25
-7;44;-25
-7;44;-25
-7;44;-25
-7;45;-25
-7;45;-25
-7;45;-25
-7;45;-25
-7;42;-25
-7;42;-25
-7;42;-25
-7;42;-25
-6;42;-25
-6;44;-25
-6;44;-25
-6;44;-25
-6;44;-25
-5;44;-25
-5;45;-26
-5;45;-26
-5;45;-26
-5;45;-26
-5;45;-26
-5;43;-26
-5;43;-26
-5;43;-26
-5;43;-26
-5;43;-26
-5;45;-26
-5;45;-26
-5;45;-26
-5;45;-26
-3;45;-26
-3;45;-26
-3;45;-26
-3;45;-26
-3;45;-26
-5;45;-26
-5;45;-26
-5;45;-26
-5;45;-26
-5;45;-26
-3;45;-26
-3;46;-26
-3;46;-26
-3;46;-26
-3;46;-26
-4;46;-26
-4;46;-26
-4;46;-26
-4;46;-26
-4;46;-26
-2;46;-26
-2;46;-27
-2;46;-27
-2;46;-27
-2;46;-27
-3;45;-27
-3;45;-27
-3;45;-27
-3;45;-27
-3;45;-27
-2;45;-27
-2;45;-28
-2;45;-28
-2;45;-28
-2;45;-28
-3;45;-28
-3;45;-28
-3;45;-28
-3;45;-28
-3;45;-28
-2;45;-28
-2;46;-28
-2;46;-28
-2;46;-28
-2;46;-28
-1;46;-28
-1;46;-29
-1;46;-29
-1;46;-29
-1;46;-29
-3;46;-29
-3;45;-30
-3;45;-30
-3;45;-30
-3;45;-30
0;45;-30
0;47;-30
0;47;-30
0;47;-30
0;47;-30
-1;47;-30
-1;46;-30
-1;46;-30
-1;46;-30
-1;46;-30
-37;46;-30
0;47;-30
0;47;-30
0;47;-30
0;47;-30
1;47;-30
1;45;-30
1;45;-30
1;45;-30
1;45;-30
2;45;-30
2;46;-31
2;46;-31
2;46;-31
2;46;-31
2;46;-31
2;46;-31
2;46;-31
2;46;-31
2;46;-31
1;46;-31
1;46;-32
1;46;-32
1;46;-32
1;46;-32
3;46;-32
3;46;-31
3;46;-31
3;46;-31
3;46;-31
3;46;-31
3;47;-32
3;47;-32
3;47;-32
3;47;-32
3;47;-32
3;46;-32
3;46;-32
3;46;-32
3;46;-32
2;46;-32
2;46;-33
2;46;-33
2;46;-33
2;46;-33
2;46;-33
2;46;-32
2;46;-32
2;46;-32
2;46;-32
3;46;-32
3;46;-32
3;46;-32
3;46;-32
3;46;-32
3;46;-32
3;47;-33
3;47;-33
3;47;-33
3;47;-33
4;47;-33
4;47;-33
4;47;-33
4;47;-33
4;47;-33
4;47;-33
4;47;-33
4;47;-33
4;47;-33
4;47;-33
4;47;-33
4;47;-34
4;47;-34
4;47;-34
4;47;-34
5;47;-34
5;47;-35
5;47;-35
5;47;-35
5;47;-35
5;47;-35
5;46;-33
5;46;-33
5;46;-33
5;46;-33
6;46;-33
6;47;-33
6;47;-33
6;47;-33
6;47;-33
5;47;-33
5;47;-34
5;47;-34
5;47;-34
5;47;-34
5;47;-34
5;47;-33
5;47;-33
5;47;-33
5;47;-33
6;47;-33
6;47;-35
6;47;-35
6;47;-35
6;47;-35
7;47;-35
7;47;-35
7;47;-35
7;47;-35
7;47;-35
6;47;-35
6;46;-35
6;46;-35
6;46;-35
6;46;-35
7;46;-35
7;47;-34
7;47;-34
7;47;-34
7;47;-34
7;47;-34
7;47;-34
7;47;-34
7;47;-34
7;47;-34
8;47;-34
8;48;-34
8;48;-34
8;48;-34
8;48;-34
5;46;-34
5;46;-34
5;46;-34
5;46;-34
4;46;-31
4;46;-31
4;46;-31
4;46;-31
4;46;-31
5;45;-31
5;45;-30
5;45;-30
5;45;-30
5;45;-30
3;45;-30
3;46;-30
3;46;-30
3;46;-30
3;46;-30
4;46;-30
4;45;-30
4;45;-30
4;45;-30
4;45;-30
5;45;-30
5;45;-31
5;45;-31
5;45;-31
5;45;-31
4;45;-31
4;46;-31
4;46;-31
4;46;-31
4;46;-31
2;46;-31
2;46;-31
2;46;-31
2;46;-31
2;46;-31
1;46;-31
1;46;-31
1;46;-31
1;46;-31
1;46;-31
1;46;-31
1;46;-31
1;46;-31
1;46;-31
1;46;-31
1;46;-31
1;46;-31
1;46;-31
1;46;-31
1;46;-31
1;46;-31
1;46;-31
1;46;-31
1;46;-31
1;46;-31
1;46;-31
1;46;-31
1;46;-31
1;46;-31
1;46;-31
1;46;-31
1;46;-31
1;46;-31
1;46;-31
1;46;-31
1;46;-31
0;46;-31
0;46;-28
0;46;-28
0;46;-28
0;46;-28
36;46;-28
-1;45;-29
-1;45;-29
-1;45;-29
-1;45;-29
-1;45;-29
-1;45;-27
-1;45;-27
-1;45;-27
-1;45;-27
-2;45;-27
-2;45;-29
-2;45;-29
-2;45;-29
-2;45;-29
-1;45;-29
-1;46;-29
-1;46;-29
-1;46;-29
-1;46;-29
-2;46;-29
-2;46;-29
-2;46;-29
-2;46;-29
-2;46;-29
-1;46;-29
-1;45;-28
-1;45;-28
-1;45;-28
-1;45;-28
-3;45;-28
-3;46;-30
-3;46;-30
-3;46;-30
-3;46;-30
-4;46;-30
-4;46;-28
-4;46;-28
-4;46;-28
-4;46;-28
-5;44;-29
-5;44;-29
-5;44;-29
-5;44;-29
-5;44;-29
-5;44;-29
-5;45;-29
-5;45;-29
-5;45;-29
-5;45;-29
-6;45;-29
-6;45;-30
-6;45;-30
-6;45;-30
-6;45;-30
-6;45;-30
-6;45;-31
-6;45;-31
-6;45;-31
-6;45;-31
-7;45;-31
-7;45;-29
-7;45;-29
-7;45;-29
-7;45;-29
-9;45;-29
-9;45;-29
-9;45;-29
-9;45;-29
-9;45;-29
-8;45;-29
-8;44;-29
-8;44;-29
-8;44;-29
-8;44;-29
-8;44;-29
-8;45;-30
-8;45;-30
-8;45;-30
-8;45;-30
-9;45;-30
-9;44;-32
-9;44;-32
-9;44;-32
-9;44;-32
-10;44;-32
-10;44;-30
-10;44;-30
-10;44;-30
-10;44;-30
-8;44;-30
-8;43;-32
-8;43;-32
-8;43;-32
-8;43;-32
-10;43;-32
-10;43;-32
-10;43;-32
-10;43;-32
-10;43;-32
-9;43;-32
-9;45;-33
-9;45;-33
-9;45;-33
-9;45;-33
-9;45;-33
-9;45;-32
-9;45;-32
-9;45;-32
-9;45;-32
-9;45;-32
-9;46;-34
-9;46;-34
-9;46;-34
-9;46;-34
-8;46;-34
-8;45;-33
-8;45;-33
-8;45;-33
-8;45;-33
-9;45;-33
-9;45;-34
-9;45;-34
-9;45;-34
-9;45;-34
-8;42;-31
-8;42;-31
-8;42;-31
-8;42;-31
-8;42;-31
-8;43;-31
-8;43;-31
-8;43;-31
-8;43;-31
-8;43;-31
-6;43;-31
-6;45;-32
-6;45;-32
-6;45;-32
-6;45;-32
-5;45;-32
-5;45;-33
-5;45;-33
-5;45;-33
-5;45;-33
-4;45;-33
-4;44;-33
-4;44;-33
-4;44;-33
-4;44;-33
-3;44;-33
-3;46;-32
-3;46;-32
-3;46;-32
-3;46;-32
-2;46;-32
-2;44;-33
-2;44;-33
-2;44;-33
-2;44;-33
-2;44;-33
-2;45;-33
-2;45;-33
-2;45;-33
-2;45;-33
-2;45;-33
-2;45;-31
-2;45;-31
-2;45;-31
-2;45;-31
-3;45;-31
-3;44;-33
-3;44;-33
-3;44;-33
-3;44;-33
-1;44;-33
-1;46;-32
-1;46;-32
-1;46;-32
-1;46;-32
-1;46;-32
-1;45;-33
-1;45;-33
-1;45;-33
-1;45;-33
-37;45;-33
1;46;-34
1;46;-34
1;46;-34
1;46;-34
37;46;-34
0;46;-31
0;46;-31
0;46;-31
0;46;-31
-37;46;-31
1;45;-32
1;45;-32
1;45;-32
1;45;-32
0;45;-32
0;46;-34
0;46;-34
0;46;-34
0;46;-34
2;46;-34
2;46;-32
2;46;-32
2;46;-32
2;46;-32
3;46;-32
3;46;-33
3;46;-33
3;46;-33
3;46;-33
3;47;-33
3;47;-33
3;47;-33
3;47;-33
3;47;-33
2;46;-33
2;46;-32
2;46;-32
2;46;-32
2;46;-32
4;46;-32
4;46;-34
4;46;-34
4;46;-34
4;46;-34
4;46;-34
4;46;-33
4;46;-33
4;46;-33
4;46;-33
4;46;-33
4;46;-33
4;46;-33
4;46;-33
4;46;-33
4;46;-33
4;46;-34
4;46;-34
4;46;-34
4;46;-34
5;46;-34
5;47;-35
5;47;-35
5;47;-35
5;47;-35
5;47;-35
5;47;-34
5;47;-34
5;47;-34
5;47;-34
6;47;-34
6;47;-33
6;47;-33
6;47;-33
6;47;-33
6;47;-33
6;46;-33
6;46;-33
6;46;-33
6;46;-33
5;46;-33
5;46;-34
5;46;-34
5;46;-34
5;46;-34
6;46;-34
6;46;-34
6;46;-34
6;46;-34
6;46;-34
5;46;-34
5;46;-34
5;46;-34
5;46;-34
5;46;-34
3;46;-34
3;47;-34
3;47;-34
3;47;-34
3;47;-34
2;47;-34
2;47;-33
2;47;-33
2;47;-33
2;47;-33
2;47;-33
2;47;-34
2;47;-34
2;47;-34
2;47;-34
0;47;-34
0;47;-33
0;47;-33
0;47;-33
0;47;-33
37;47;-33
-1;46;-33
-1;46;-33
-1;46;-33
-1;46;-33
-3;46;-33
-3;46;-33
-3;46;-33
-3;46;-33
-3;46;-33
-4;46;-33
-4;46;-33
-4;46;-33
-4;46;-33
-4;46;-33
-4;46;-33
-4;46;-32
-4;46;-32
-4;46;-32
-4;46;-32
-5;46;-32
-5;45;-32
-5;45;-32
-5;45;-32
-5;45;-32
-5;45;-32
-5;45;-33
-5;45;-33
-5;45;-33
-5;45;-33
-3;45;-33
-3;46;-32
-3;46;-32
-3;46;-32
-3;46;-32
-6;46;-32
-6;46;-33
-6;46;-33
-6;46;-33
-6;46;-33
-5;46;-33
-5;45;-32
-5;45;-32
-5;45;-32
-5;45;-32
-7;45;-32
-7;45;-32
-7;45;-32
-7;45;-32
-7;45;-32
-6;45;-32
-6;44;-34
-6;44;-34
-6;44;-34
-6;44;-34
-9;44;-34
-9;45;-31
-9;45;-31
-9;45;-31
-9;45;-31
-9;45;-31
-9;45;-31
-9;45;-31
-9;45;-31
-9;45;-31
-9;45;-31
-9;44;-33
-9;44;-33
-9;44;-33
-9;44;-33
-9;44;-33
-9;43;-33
-9;43;-33
-9;43;-33
-9;43;-33
-9;43;-33
-9;43;-33
-9;43;-33
-9;43;-33
-9;43;-33
-9;43;-33
-9;43;-33
-9;43;-33
-9;43;-33
-9;43;-33
-9;43;-33
-9;43;-33
-9;43;-33
-9;43;-33
-9;43;-33
-9;43;-33
-9;43;-33
-9;43;-33
-9;43;-33
-9;43;-33
-9;43;-33
-14;43;-33
-14;43;-31
-14;43;-31
-14;43;-31
-14;43;-31
-15;43;-31
-15;43;-33
-15;43;-33
-15;43;-33
-15;43;-33
-16;43;-33
-16;42;-31
-16;42;-31
-16;42;-31
-16;42;-31
-15;42;-31
-15;41;-31
-15;41;-31
-15;41;-31
-15;41;-31
-17;41;-31
-17;41;-31
-17;41;-31
-17;41;-31
-17;41;-31
-18;41;-31
-18;41;-32
-18;41;-32
-18;41;-32
-18;41;-32
-18;41;-32
-18;40;-32
-18;40;-32
-18;40;-32
-18;40;-32
-18;40;-32
-18;41;-31
-18;41;-31
-18;41;-31
-18;41;-31
-18;41;-31
-18;40;-31
-18;40;-31
-18;40;-31
-18;40;-31
-19;40;-31
-19;39;-32
-19;39;-32
-19;39;-32
-19;39;-32
-19;39;-32
-19;40;-32
-19;40;-32
-19;40;-32
-19;40;-32
-19;40;-32
-19;39;-30
-19;39;-30
-19;39;-30
-19;39;-30
-18;39;-30
-18;40;-30
-18;40;-30
-18;40;-30
-18;40;-30
-19;40;-30
-19;40;-30
-19;40;-30
-19;40;-30
-19;40;-30
-18;40;-30
-18;41;-31
-18;41;-31
-18;41;-31
-18;41;-31
-16;41;-31
-16;40;-31
-16;40;-31
-16;40;-31
-16;40;-31
-19;40;-31
-19;40;-30
-19;40;-30
-19;40;-30
-19;40;-30
-18;40;-30
-18;40;-32
-18;40;-32
-18;40;-32
-18;40;-32
-17;40;-32
-17;41;-30
-17;41;-30
-17;41;-30
-17;41;-30
-18;41;-30
-18;40;-31
-18;40;-31
-18;40;-31
-18;40;-31
-18;40;-31
-18;40;-30
-18;40;-30
-18;40;-30
-18;40;-30
-18;41;-30
-18;41;-30
-18;41;-30
-18;41;-30
-18;41;-30
-18;40;-29
-18;40;-29
-18;40;-29
-18;40;-29
-18;40;-29
-18;40;-29
-18;41;-30
-18;41;-30
-18;41;-30
-18;41;-30
-18;41;-30
-18;41;-29
-18;41;-29
-18;41;-29
-18;41;-29
-18;41;-29
-18;41;-28
-18;41;-28
-18;41;-28
-18;41;-28
-17;41;-28
-17;39;-29
-17;39;-29
-17;39;-29
-17;39;-29
-19;39;-29
-19;39;-29
-19;39;-29
-19;39;-29
-19;39;-29
-19;39;-29
-19;40;-28
-19;40;-28
-19;40;-28
-19;40;-28
-19;40;-28
-19;38;-27
-19;38;-27
-19;38;-27
-19;38;-27
-19;38;-27
-19;38;-27
-19;38;-27
-19;38;-27
-19;38;-27
-19;38;-27
-19;37;-25
-19;37;-25
-19;37;-25
-19;37;-25
-20;37;-25
-20;39;-25
-20;39;-25
-20;39;-25
-20;39;-25
-19;39;-25
-19;37;-25
-19;37;-25
-19;37;-25
-19;37;-25
-21;37;-25
-21;37;-25
-21;37;-25
-21;37;-25
-21;37;-25
-21;37;-25
-21;35;-24
-21;35;-24
-21;35;-24
-21;35;-24
-21;35;-24
-21;36;-24
-21;36;-24
-21;36;-24
-21;36;-24
-23;36;-24
-23;35;-23
-23;35;-23
-23;35;-23
-23;35;-23
-23;35;-23
-23;34;-23
-23;34;-23
-23;34;-23
-23;34;-23
-24;33;-22
-24;33;-22
-24;33;-22
-24;33;-22
-24;33;-22
-24;33;-22
-24;33;-21
-24;33;-21
-24;33;-21
-24;33;-21
-24;31;-22
-24;31;-22
-24;31;-22
-24;31;-22
-24;31;-22
-24;31;-22
-24;30;-21
-24;30;-21
-24;30;-21
-24;30;-21
-24;30;-21
-24;32;-21
-24;32;-21
-24;32;-21
-24;32;-21
-25;32;-21
-25;29;-21
-25;29;-21
-25;29;-21
-25;29;-21
-25;29;-21
-25;32;-19
-25;32;-19
-25;32;-19
-25;32;-19
-26;32;-19
-26;28;-20
-26;28;-20
-26;28;-20
-26;28;-20
-26;28;-20
-26;29;-20
-26;29;-20
-26;29;-20
-26;29;-20
-25;29;-20
-25;28;-19
-25;28;-19
-25;28;-19
-25;28;-19
-26;28;-19
-26;27;-19
-26;27;-19
-26;27;-19
-26;27;-19
-25;27;-19
-25;27;-17
-25;27;-17
-25;27;-17
-25;27;-17
-26;27;-17
-26;27;-18
-26;27;-18
-26;27;-18
-26;27;-18
-26;27;-18
-26;26;-17
-26;26;-17
-26;26;-17
-26;26;-17
-26;26;-17
-26;26;-16
-26;26;-16
-26;26;-16
-26;26;-16
-27;26;-16
-27;25;-16
-27;25;-16
-27;25;-16
-27;25;-16
-27;25;-16
-27;24;-15
-27;24;-15
-27;24;-15
-27;24;-15
-28;24;-15
-28;22;-14
-28;22;-14
-28;22;-14
-28;22;-14
-29;21;-13
-29;21;-13
-29;21;-13
-29;21;-13
-29;21;-13
-26;23;-13
-26;23;-16
-26;23;-16
-26;23;-16
-26;23;-16
-27;22;-16
-27;22;-15
-27;22;-15
-27;22;-15
-27;22;-15
-27;22;-15
-27;22;-16
-27;22;-16
-27;22;-16
-27;22;-16
-28;22;-16
-28;23;-15
-28;23;-15
-28;23;-15
-28;23;-15
-28;23;-15
-28;22;-15
-28;22;-15
-28;22;-15
-28;22;-15
-29;22;-15
-29;23;-16
-29;23;-16
-29;23;-16
-29;23;-16
-27;23;-16
-27;22;-16
-27;22;-16
-27;22;-16
-27;22;-16
-27;22;-16
-27;22;-15
-27;22;-15
-27;22;-15
-27;22;-15
-27;22;-15
-27;22;-15
-27;22;-15
-27;22;-15
-27;22;-15
-29;22;-15
-29;21;-15
-29;21;-15
-29;21;-15
-29;21;-15
-28;21;-15
-28;22;-14
-28;22;-14
-28;22;-14
-28;22;-14
-28;22;-14
-28;23;-15
-28;23;-15
-28;23;-15
-28;23;-15
-27;23;-15
-27;22;-15
-27;22;-15
-27;22;-15
-27;22;-15
-27;22;-15
-27;22;-16
-27;22;-16
-27;22;-16
-27;22;-16
-26;22;-16
-26;23;-15
-26;23;-15
-26;23;-15
-26;23;-15
-26;23;-15
-26;23;-15
-26;23;-15
-26;23;-15
-26;23;-15
-26;23;-15
-26;23;-15
-26;23;-15
-26;23;-15
-26;23;-15
-26;23;-15
-26;23;-15
-26;23;-15
-26;23;-15
-26;23;-15
-26;23;-15
-26;23;-15
-26;23;-15
-26;23;-15
-26;23;-15
-26;23;-15
-26;23;-15
-26;23;-15
-26;23;-15
-26;23;-15
-26;23;-15
-26;23;-15
-26;24;-16
-26;24;-16
-26;24;-16
-26;24;-16
-25;26;-16
-25;26;-16
-25;26;-16
-25;26;-16
-25;26;-16
-28;26;-16
-28;27;-16
-28;27;-16
-28;27;-16
-28;27;-16
-25;27;-16
-25;26;-17
-25;26;-17
-25;26;-17
-25;26;-17
-26;26;-17
-26;26;-17
-26;26;-17
-26;26;-17
-26;26;-17
-26;26;-17
-26;26;-17
-26;26;-17
-26;26;-17
-26;26;-17
-26;26;-17
-26;26;-16
-26;26;-16
-26;26;-16
-26;26;-16
-25;26;-16
-25;26;-15
-25;26;-15
-25;26;-15
-25;26;-15
-25;26;-15
-25;26;-17
-25;26;-17
-25;26;-17
-25;26;-17
-26;26;-17
-26;26;-16
-26;26;-16
-26;26;-16
-26;26;-16
-25;26;-16
-25;26;-16
-25;26;-16
-25;26;-16
-25;26;-16
-25;26;-16
-25;28;-16
-25;28;-16
-25;28;-16
-25;28;-16
-25;28;-16
-25;28;-17
-25;28;-17
-25;28;-17
-25;28;-17
-25;28;-17
-25;28;-17
-25;28;-17
-25;28;-17
-25;28;-17
-26;28;-17
-26;28;-17
-26;28;-17
-26;28;-17
-26;28;-17
-25;28;-17
-25;27;-16
-25;27;-16
-25;27;-16
-25;27;-16
-25;27;-16
-25;28;-17
-25;28;-17
-25;28;-17
-25;28;-17
-25;28;-17
-25;28;-18
-25;28;-18
-25;28;-18
-25;28;-18
-26;28;-18
-26;28;-18
-26;28;-18
-26;28;-18
-26;28;-18
-24;29;-17
-24;29;-17
-24;29;-17
-24;29;-17
-24;29;-17
-25;29;-17
-25;27;-16
-25;27;-16
-25;27;-16
-25;27;-16
-24;27;-16
-24;28;-17
-24;28;-17
-24;28;-17
-24;28;-17
-26;28;-17
-26;27;-17
-26;27;-17
-26;27;-17
-26;27;-17
-25;27;-17
-25;29;-17
-25;29;-17
-25;29;-17
-25;29;-17
-24;29;-17
-24;28;-17
-24;28;-17
-24;28;-17
-24;28;-17
-24;28;-17
-24;29;-17
-24;29;-17
-24;29;-17
-24;29;-17
-25;29;-17
-25;28;-17
-25;28;-17
-25;28;-17
-25;28;-17
-24;28;-17
-24;29;-17
-24;29;-17
-24;29;-17
-24;29;-17
-25;29;-17
-25;29;-17
-25;29;-17
-25;29;-17
-25;29;-17
-24;29;-17
-24;28;-18
-24;28;-18
-24;28;-18
-24;28;-18
-25;28;-18
-25;28;-16
-25;28;-16
-25;28;-16
-25;28;-16
-26;28;-16
-26;27;-17
-26;27;-17
-26;27;-17
-26;27;-17
-24;27;-17
-24;28;-17
-24;28;-17
-24;28;-17
-24;28;-17
-25;28;-17
-25;29;-17
-25;29;-17
-25;29;-17
-25;29;-17
-25;29;-17
-25;28;-17
-25;28;-17
-25;28;-17
-25;28;-17
-24;28;-17
-24;28;-16
-24;28;-16
-24;28;-16
-24;28;-16
-25;28;-17
-25;28;-17
-25;28;-17
-25;28;-17
-25;28;-17
-24;28;-17
-24;28;-17
-24;28;-17
-24;28;-17
-24;28;-17
-25;28;-17
-25;28;-18
-25;28;-18
-25;28;-18
-25;28;-18
-25;28;-18
-25;28;-17
-25;28;-17
-25;28;-17
-25;28;-17
-24;28;-17
-24;28;-16
-24;28;-16
-24;28;-16
-24;28;-16
-24;28;-16
-24;29;-18
-24;29;-18
-24;29;-18
-24;29;-18
-26;29;-18
-26;27;-17
-26;27;-17
-26;27;-17
-26;27;-17
-24;27;-17
-24;29;-17
-24;29;-17
-24;29;-17
-24;29;-17
-25;29;-17
-25;28;-17
-25;28;-17
-25;28;-17
-25;28;-17
-25;28;-17
-25;29;-16
-25;29;-16
-25;29;-16
-25;29;-16
-25;29;-16
-25;28;-16
-25;28;-16
-25;28;-16
-25;28;-16
-25;28;-16
-25;28;-17
-25;28;-17
-25;28;-17
-25;28;-17
-25;28;-17
-25;28;-17
-25;28;-17
-25;28;-17
-25;28;-17
-24;28;-17
-24;28;-17
-24;28;-17
-24;28;-17
-24;28;-17
-24;28;-17
-24;28;-17
-24;28;-17
-24;28;-17
-24;28;-17
-26;28;-17
-26;27;-17
-26;27;-17
-26;27;-17
-26;27;-17
-24;27;-17
-24;28;-18
-24;28;-18
-24;28;-18
-24;28;-18
-25;28;-18
-25;28;-17
-25;28;-17
-25;28;-17
-25;28;-17
-25;28;-17
-25;28;-17
-25;28;-17
-25;28;-17
-25;28;-17
-24;28;-18
-24;28;-18
-24;28;-18
-24;28;-18
-24;28;-18
-25;28;-18
-25;28;-18
-25;28;-18
-25;28;-18
-25;28;-18
-25;28;-18
-25;30;-18
-25;30;-18
-25;30;-18
-25;30;-18
-25;30;-18
-25;28;-18
-25;28;-18
-25;28;-18
-25;28;-18
-26;28;-18
-26;28;-18
-26;28;-18
-26;28;-18
-26;28;-18
-26;28;-18
-26;29;-17
-26;29;-17
-26;29;-17
-26;29;-17
-25;29;-17
-25;29;-19
-25;29;-19
-25;29;-19
-25;29;-19
-25;29;-19
-25;28;-17
-25;28;-17
-25;28;-17
-25;28;-17
-24;28;-17
-24;29;-17
-24;29;-17
-24;29;-17
-24;29;-17
-25;29;-17
-25;27;-17
-25;27;-17
-25;27;-17
-25;27;-17
-24;27;-17
-24;29;-18
-24;29;-18
-24;29;-18
-24;29;-18
-24;29;-18
-24;28;-17
-24;28;-17
-24;28;-17
-24;28;-17
-24;28;-17
-24;28;-17
-24;28;-17
-24;28;-17
-24;28;-17
-24;28;-17
-24;28;-17
-24;28;-17
-24;28;-17
-24;28;-17
-24;28;-17
-24;28;-17
-24;28;-17
-24;28;-17
-24;28;-17
-24;28;-17
-24;28;-17
-24;28;-17
-24;28;-17
-24;28;-17
-24;28;-17
-24;28;-17
-24;28;-17
-24;28;-17
-24;28;-17
-24;28;-17
-24;28;-17
-24;29;-18
-24;29;-18
-24;29;-18
-24;29;-18
-24;29;-18
-24;30;-17
-24;30;-17
-24;30;-17
-24;30;-17
-24;30;-17
-24;28;-17
-24;28;-17
-24;28;-17
-24;28;-17
-24;28;-17
-24;29;-17
-24;29;-17
-24;29;-17
-24;29;-17
-25;29;-17
-25;29;-17
-25;29;-17
-25;29;-17
-25;29;-17
-24;29;-17
-24;29;-17
-24;29;-17
-24;29;-17
-24;29;-17
-24;28;-17
-24;28;-17
-24;28;-17
-24;28;-17
-24;28;-17
-23;28;-17
-23;27;-16
-23;27;-16
-23;27;-16
-23;27;-16
-25;27;-16
-25;28;-17
-25;28;-17
-25;28;-17
-25;28;-17
-24;28;-17
-24;28;-18
-24;28;-18
-24;28;-18
-24;28;-18
-25;28;-18
-25;28;-16
-25;28;-16
-25;28;-16
-25;28;-16
-24;28;-16
-24;28;-16
-24;28;-16
-24;28;-16
-24;28;-16
-25;28;-16
-25;27;-16
-25;27;-16
-25;27;-16
-25;27;-16
-25;27;-16
-25;28;-17
-25;28;-17
-25;28;-17
-25;28;-17
-23;28;-17
-23;28;-16
-23;28;-16
-23;28;-16
-23;28;-16
-23;28;-16
-23;28;-16
-23;28;-16
-23;28;-16
-23;28;-16
-25;28;-16
-25;28;-14
-25;28;-14
-25;28;-14
-25;28;-14
-25;28;-14
-25;27;-15
-25;27;-15
-25;27;-15
-25;27;-15
-24;27;-15
-24;28;-16
-24;28;-16
-24;28;-16
-24;28;-16
-26;28;-16
-26;27;-16
-26;27;-16
-26;27;-16
-26;27;-16
-24;27;-16
-24;28;-17
-24;28;-17
-24;28;-17
-24;28;-17
-25;28;-17
-25;27;-16
-25;27;-16
-25;27;-16
-25;27;-16
-25;28;-17
-25;28;-17
-25;28;-17
-25;28;-17
-25;28;-17
-24;28;-17
-24;28;-17
-24;28;-17
-24;28;-17
-24;28;-17
-24;27;-17
-24;27;-16
-24;27;-16
-24;27;-16
-24;27;-16
-26;27;-16
-26;28;-16
-26;28;-16
-26;28;-16
-26;28;-16
-25;28;-16
-25;26;-16
-25;26;-16
-25;26;-16
-25;26;-16
-26;26;-16
-26;27;-17
-26;27;-17
-26;27;-17
-26;27;-17
-24;27;-17
-24;27;-17
-24;27;-17
-24;27;-17
-24;27;-17
-24;27;-17
-24;27;-16
-24;27;-16
-24;27;-16
-24;27;-16
-25;27;-16
-25;27;-16
-25;27;-16
-25;27;-16
-25;27;-16
-25;27;-16
-25;27;-16
-25;27;-16
-25;27;-16
-25;27;-16
-25;27;-16
-25;28;-17
-25;28;-17
-25;28;-17
-25;28;-17
-26;28;-17
-26;28;-17
-26;28;-17
-26;28;-17
-26;28;-17
-25;28;-17
-25;28;-16
-25;28;-16
-25;28;-16
-25;28;-16
-25;28;-16
-25;29;-17
-25;29;-17
-25;29;-17
-25;29;-17
-24;29;-17
-24;28;-17
-24;28;-17
-24;28;-17
-24;28;-17
-24;28;-17
-24;29;-17
-24;29;-17
-24;29;-17
-24;29;-17
-26;29;-17
-26;30;-17
-26;30;-17
-26;30;-17
-26;30;-17
-25;30;-17
-25;29;-17
-25;29;-17
-25;29;-17
-25;29;-17
-24;30;-17
-24;30;-17
-24;30;-17
-24;30;-17
-24;30;-17
-24;31;-17
-24;31;-18
-24;31;-18
-24;31;-18
-24;31;-18
-24;31;-18
-24;31;-19
-24;31;-19
-24;31;-19
-24;31;-19
-23;31;-19
-23;31;-19
-23;31;-19
-23;31;-19
-23;31;-19
-23;31;-19
-23;31;-19
-23;31;-19
-23;31;-19
-23;31;-19
-22;31;-19
-22;30;-18
-22;30;-18
-22;30;-18
-22;30;-18
-23;30;-18
-23;31;-18
-23;31;-18
-23;31;-18
-23;31;-18
-24;31;-18
-24;32;-18
-24;32;-18
-24;32;-18
-24;32;-18
-23;32;-18
-23;31;-19
-23;31;-19
-23;31;-19
-23;31;-19
-23;31;-19
-23;32;-19
-23;32;-19
-23;32;-19
-23;32;-19
-23;32;-19
-23;31;-18
-23;31;-18
-23;31;-18
-23;31;-18
-24;31;-18
-24;32;-20
-24;32;-20
-24;32;-20
-24;32;-20
-24;32;-20
-24;31;-20
-24;31;-20
-24;31;-20
-24;31;-20
-24;31;-18
-24;31;-18
-24;31;-18
-24;31;-18
-25;31;-18
-25;30;-17
-25;30;-17
-25;30;-17
-25;30;-17
-26;30;-17
-26;29;-17
-26;29;-17
-26;29;-17
-26;29;-17
-26;29;-17
-26;31;-18
-26;31;-18
-26;31;-18
-26;31;-18
-24;31;-18
-24;31;-17
-24;31;-17
-24;31;-17
-24;31;-17
-24;30;-18
-24;30;-18
-24;30;-18
-24;30;-18
-24;30;-18
-24;30;-18
-24;30;-18
-24;30;-18
-24;30;-18
-24;30;-18
-24;31;-18
-24;31;-18
-24;31;-18
-24;31;-18
-24;31;-18
-24;31;-18
-24;31;-19
-24;31;-19
-24;31;-19
-24;31;-19
-25;31;-19
-25;30;-19
-25;30;-19
-25;30;-19
-25;30;-19
-24;30;-19
-24;31;-19
-24;31;-19
-24;31;-19
-24;31;-19
-23;31;-19
-23;30;-19
-23;30;-19
-23;30;-19
-23;30;-19
-24;30;-19
-24;30;-19
-24;30;-19
-24;30;-19
-24;30;-19
-26;30;-19
-26;30;-19
-26;30;-19
-26;30;-19
-26;30;-19
-25;30;-19
-25;30;-20
-25;30;-20
-25;30;-20
-25;30;-20
-25;30;-20
-25;30;-19
-25;30;-19
-25;30;-19
-25;30;-19
-25;30;-19
-25;30;-19
-25;30;-19
-25;30;-19
-25;30;-19
-25;30;-19
-25;30;-19
-25;30;-19
-25;30;-19
-25;30;-19
-25;30;-19
-25;30;-19
-25;30;-19
-25;30;-19
-25;30;-19
-25;30;-19
-25;30;-19
-25;30;-19
-25;30;-19
-25;30;-19
-25;30;-19
-26;30;-19
-26;29;-22
-26;29;-22
-26;29;-22
-26;29;-22
-27;29;-22
-27;29;-20
-27;29;-20
-27;29;-20
-27;29;-20
-26;29;-20
-26;29;-21
-26;29;-21
-26;29;-21
-26;29;-21
-26;29;-21
-26;27;-21
-26;27;-21
-26;27;-21
-26;27;-21
-28;27;-21
-28;28;-21
-28;28;-21
-28;28;-21
-28;28;-21
-27;28;-21
-27;27;-22
-27;27;-22
-27;27;-22
-27;27;-22
-28;27;-21
-28;27;-21
-28;27;-21
-28;27;-21
-28;27;-21
-28;26;-21
-28;26;-21
-28;26;-21
-28;26;-21
-28;26;-21
-27;25;-21
-27;25;-20
-27;25;-20
-27;25;-20
-27;25;-20
-28;25;-20
-28;27;-20
-28;27;-20
-28;27;-20
-28;27;-20
-27;27;-20
-27;27;-21
-27;27;-21
-27;27;-21
-27;27;-21
-28;27;-21
-28;27;-21
-28;27;-21
-28;27;-21
-28;27;-21
-26;27;-21
-26;27;-20
-26;27;-20
-26;27;-20
-26;27;-20
-26;27;-20
-26;26;-19
-26;26;-19
-26;26;-19
-26;26;-19
-27;26;-19
-27;26;-19
-27;26;-19
-27;26;-19
-27;26;-19
-28;26;-19
-28;27;-19
-28;27;-19
-28;27;-19
-28;27;-19
-26;27;-19
-26;27;-19
-26;27;-19
-26;27;-19
-26;27;-19
-27;27;-19
-27;27;-19
-27;27;-19
-27;27;-19
-27;27;-19
-26;27;-19
-26;28;-19
-26;28;-19
-26;28;-19
-26;28;-19
-28;28;-19
-28;27;-19
-28;27;-19
-28;27;-19
-28;27;-19
-27;27;-19
-27;29;-20
-27;29;-20
-27;29;-20
-27;29;-20
-28;29;-20
-28;26;-19
-28;26;-19
-28;26;-19
-28;26;-19
-27;26;-19
-27;26;-19
-27;26;-19
-27;26;-19
-27;26;-19
-27;26;-19
-27;27;-20
-27;27;-20
-27;27;-20
-27;27;-20
-27;28;-19
-27;28;-19
-27;28;-19
-27;28;-19
-27;28;-19
-28;28;-19
-28;27;-19
-28;27;-19
-28;27;-19
-28;27;-19
-27;26;-19
-27;26;-17
-27;26;-17
-27;26;-17
-27;26;-17
-27;26;-17
-27;27;-18
-27;27;-18
-27;27;-18
-27;27;-18
-26;27;-18
-26;26;-19
-26;26;-19
-26;26;-19
-26;26;-19
-27;26;-19
-27;27;-19
-27;27;-19
-27;27;-19
-27;27;-19
-25;27;-19
-25;26;-17
-25;26;-17
-25;26;-17
-25;26;-17
-25;26;-17
-25;26;-18
-25;26;-18
-25;26;-18
-25;26;-18
-26;26;-18
-26;27;-18
-26;27;-18
-26;27;-18
-26;27;-18
-27;27;-18
-27;28;-19
-27;28;-19
-27;28;-19
-27;28;-19
-26;28;-19
-26;27;-19
-26;27;-19
-26;27;-19
-26;27;-19
-27;27;-19
-27;26;-18
-27;26;-18
-27;26;-18
-27;26;-18
-27;26;-18
-27;28;-19
-27;28;-19
-27;28;-19
-27;28;-19
-28;28;-19
-28;27;-20
-28;27;-20
-28;27;-20
-28;27;-20
-27;27;-20
-27;27;-18
-27;27;-18
-27;27;-18
-27;27;-18
-26;27;-18
-26;27;-21
-26;27;-21
-26;27;-21
-26;27;-21
-27;27;-21
-27;26;-21
-27;26;-21
-27;26;-21
-27;26;-21
-27;26;-21
-27;27;-20
-27;27;-20
-27;27;-20
-27;27;-20
-27;26;-20
-27;26;-20
-27;26;-20
-27;26;-20
-27;26;-20
-27;26;-20
-27;26;-19
-27;26;-19
-27;26;-19
-27;26;-19
-27;26;-19
-27;26;-19
-27;26;-19
-27;26;-19
-27;26;-19
-27;26;-19
-27;27;-20
-27;27;-20
-27;27;-20
-27;27;-20
-27;27;-20
-27;26;-19
-27;26;-19
-27;26;-19
-27;26;-19
-26;26;-19
-26;26;-19
-26;26;-19
-26;26;-19
-26;26;-19
-27;26;-19
-27;27;-20
-27;27;-20
-27;27;-20
-27;27;-20
-26;27;-20
-26;25;-19
-26;25;-19
-26;25;-19
-26;25;-19
-27;25;-19
-27;28;-19
-27;28;-19
-27;28;-19
-27;28;-19
-27;28;-19
-27;26;-19
-27;26;-19
-27;26;-19
-27;26;-19
-27;26;-19
-27;26;-18
-27;26;-18
-27;26;-18
-27;26;-18
-27;26;-18
-27;26;-18
-27;26;-18
-27;26;-18
-27;26;-18
-27;26;-18
-27;26;-18
-27;26;-18
-27;26;-18
-27;26;-18
-27;26;-18
-27;26;-19
-27;26;-19
-27;26;-19
-27;26;-19
-27;26;-19
-27;25;-19
-27;25;-19
-27;25;-19
-27;25;-19
-28;25;-19
-28;26;-19
-28;26;-19
-28;26;-19
-28;26;-19
-27;26;-19
-27;25;-16
-27;25;-16
-27;25;-16
-27;25;-16
-29;25;-16
-29;24;-16
-29;24;-16
-29;24;-16
-29;24;-16
-29;26;-17
-29;26;-17
-29;26;-17
-29;26;-17
-29;26;-17
-28;26;-17
-28;26;-17
-28;26;-17
-28;26;-17
-28;26;-17
-28;24;-17
-28;24;-17
-28;24;-17
-28;24;-17
-28;24;-17
-27;24;-17
-27;25;-17
-27;25;-17
-27;25;-17
-27;25;-17
-28;25;-17
-28;25;-16
-28;25;-16
-28;25;-16
-28;25;-16
-28;25;-16
-28;26;-16
-28;26;-16
-28;26;-16
-28;26;-16
-27;26;-16
-27;25;-18
-27;25;-18
-27;25;-18
-27;25;-18
-27;25;-18
-27;24;-17
-27;24;-17
-27;24;-17
-27;24;-17
-27;24;-17
-27;26;-16
-27;26;-16
-27;26;-16
-27;26;-16
-27;26;-16
-27;25;-16
-27;25;-16
-27;25;-16
-27;25;-16
-26;25;-16
-26;26;-15
-26;26;-15
-26;26;-15
-26;26;-15
-27;26;-15
-27;25;-16
-27;25;-16
-27;25;-16
-27;25;-16
-27;25;-16
-27;25;-17
-27;25;-17
-27;25;-17
-27;25;-17
-27;25;-17
-27;25;-17
-27;25;-17
-27;25;-17
-27;25;-17
-27;25;-17
-27;25;-17
-27;25;-17
-27;25;-17
-27;25;-17
-27;25;-17
-27;25;-17
-27;25;-17
-27;25;-17
-27;25;-17
-27;25;-17
-27;25;-17
-27;25;-17
-27;25;-17
-27;25;-17
-27;25;-17
-27;25;-17
-27;25;-17
-27;25;-17
-27;25;-17
-27;25;-17
-27;25;-17
-27;25;-17
-27;25;-17
-27;25;-17
-28;25;-17
-28;25;-18
-28;25;-18
-28;25;-18
-28;25;-18
-28;25;-18
-28;25;-18
-28;25;-18
-28;25;-18
-28;25;-18
-27;26;-18
-27;26;-18
-27;26;-18
-27;26;-18
-27;26;-18
-27;25;-18
-27;25;-18
-27;25;-18
-27;25;-18
-27;25;-18
-27;25;-18
-27;25;-18
-27;25;-18
-27;25;-18
-27;25;-18
-28;25;-18
-28;26;-17
-28;26;-17
-28;26;-17
-28;26;-17
-29;26;-17
-29;26;-19
-29;26;-19
-29;26;-19
-29;26;-19
-28;26;-19
-28;25;-18
-28;25;-18
-28;25;-18
-28;25;-18
-26;25;-18
-26;25;-20
-26;25;-20
-26;25;-20
-26;25;-20
-27;25;-20
-27;24;-19
-27;24;-19
-27;24;-19
-27;24;-19
-28;24;-19
-28;25;-18
-28;25;-18
-28;25;-18
-28;25;-18
-28;25;-18
-28;26;-18
-28;26;-18
-28;26;-18
-28;26;-18
-27;26;-18
-27;24;-19
-27;24;-19
-27;24;-19
-27;24;-19
-28;24;-19
-28;25;-20
-28;25;-20
-28;25;-20
-28;25;-20
-28;25;-20
-28;23;-19
-28;23;-19
-28;23;-19
-28;23;-19
-28;23;-19
-28;25;-19
-28;25;-19
-28;25;-19
-28;25;-19
-28;25;-19
-28;25;-19
-28;25;-19
-28;25;-19
-28;25;-19
-27;25;-19
-27;25;-20
-27;25;-20
-27;25;-20
-27;25;-20
-27;25;-20
-27;25;-20
-27;25;-20
-27;25;-20
-27;25;-20
-28;25;-20
-28;25;-19
-28;25;-19
-28;25;-19
-28;25;-19
-29;25;-19
-29;25;-19
-29;25;-19
-29;25;-19
-29;25;-19
-28;25;-19
-28;25;-19
-28;25;-19
-28;25;-19
-28;25;-19
-29;25;-19
-29;25;-19
-29;25;-19
-29;25;-19
-29;25;-19
-28;25;-19
-28;25;-18
-28;25;-18
-28;25;-18
-28;25;-18
-27;25;-18
-27;25;-19
-27;25;-19
-27;25;-19
-27;25;-19
-27;25;-19
-27;26;-20
-27;26;-20
-27;26;-20
-27;26;-20
-28;26;-20
-28;24;-20
-28;24;-20
-28;24;-20
-28;24;-20
-29;24;-20
-29;24;-20
-29;24;-20
-29;24;-20
-29;24;-20
-27;24;-20
-27;25;-18
-27;25;-18
-27;25;-18
-27;25;-18
-28;25;-18
-28;25;-20
-28;25;-20
-28;25;-20
-28;25;-20
-28;25;-20
-28;25;-19
-28;25;-19
-28;25;-19
-28;25;-19
-28;25;-19
-28;25;-19
-28;25;-19
-28;25;-19
-28;25;-19
-28;25;-19
-28;25;-19
-28;25;-19
-28;25;-19
-28;25;-19
-28;25;-19
-28;24;-19
-28;24;-19
-28;24;-19
-28;24;-19
-27;24;-19
-27;25;-18
-27;25;-18
-27;25;-18
-27;25;-18
-28;25;-18
-28;25;-20
-28;25;-20
-28;25;-20
-28;25;-20
-27;25;-20
-27;25;-19
-27;25;-19
-27;25;-19
-27;25;-19
-27;25;-19
-27;24;-19
-27;24;-19
-27;24;-19
-27;24;-19
-28;26;-18
-28;26;-18
-28;26;-18
-28;26;-18
-28;26;-18
-27;26;-18
-27;24;-19
-27;24;-19
-27;24;-19
-27;24;-19
-28;26;-19
-28;26;-19
-28;26;-19
-28;26;-19
-28;26;-19
-27;26;-19
-27;24;-19
-27;24;-19
-27;24;-19
-27;24;-19
-27;24;-19
-27;24;-19
-27;24;-19
-27;24;-19
-27;24;-19
-27;24;-19
-27;25;-20
-27;25;-20
-27;25;-20
-27;25;-20
-28;25;-20
-28;26;-19
-28;26;-19
-28;26;-19
-28;26;-19
-28;26;-19
-28;26;-18
-28;26;-18
-28;26;-18
-28;26;-18
-28;26;-18
-28;26;-18
-28;26;-18
-28;26;-18
-28;26;-18
-28;25;-19
-28;25;-19
-28;25;-19
-28;25;-19
-28;25;-19
-28;26;-18
-28;26;-18
-28;26;-18
-28;26;-18
-29;26;-18
-29;25;-19
-29;25;-19
-29;25;-19
-29;25;-19
-28;25;-19
-28;27;-18
-28;27;-18
-28;27;-18
-28;27;-18
-28;27;-18
-28;25;-17
-28;25;-17
-28;25;-17
-28;25;-17
-29;25;-17
-29;24;-17
-29;24;-17
-29;24;-17
-29;24;-17
-29;24;-17
-29;24;-17
-29;24;-17
-29;24;-17
-29;24;-17
-29;24;-17
-29;24;-15
-29;24;-15
-29;24;-15
-29;24;-15
-29;24;-15
-29;26;-18
-29;26;-18
-29;26;-18
-29;26;-18
-29;24;-19
-29;24;-19
-29;24;-19
-29;24;-19
-29;24;-19
-27;25;-19
-27;25;-18
-27;25;-18
-27;25;-18
-27;25;-18
-28;25;-18
-28;26;-17
-28;26;-17
-28;26;-17
-28;26;-17
-28;26;-17
-28;25;-17
-28;25;-17
-28;25;-17
-28;25;-17
-28;25;-17
-28;25;-19
-28;25;-19
-28;25;-19
-28;25;-19
-27;25;-19
-27;25;-18
-27;25;-18
-27;25;-18
-27;25;-18
-27;25;-18
-27;25;-18
-27;25;-18
-27;25;-18
-27;25;-18
-28;25;-18
-28;25;-18
-28;25;-18
-28;25;-18
-28;25;-18
-28;25;-18
-28;25;-18
-28;25;-18
-28;25;-18
-28;25;-18
-27;25;-18
-27;24;-18
-27;24;-18
-27;24;-18
-27;24;-18
-27;24;-18
-27;25;-18
-27;25;-18
-27;25;-18
-27;25;-18
-28;25;-18
-28;25;-18
-28;25;-18
-28;25;-18
-28;25;-18
-28;25;-18
-28;25;-18
-28;25;-18
-28;25;-18
-28;25;-18
-28;25;-18
-28;25;-18
-28;25;-18
-28;25;-18
-28;25;-18
-28;25;-18
-28;25;-18
-28;25;-18
-28;25;-18
-28;25;-18
-27;25;-18
-27;25;-18
-27;25;-18
-27;25;-18
-27;25;-18
-27;25;-18
-27;25;-19
-27;25;-19
-27;25;-19
-27;25;-19
-28;25;-19
-28;26;-20
-28;26;-20
-28;26;-20
-28;26;-20
-27;26;-19
-27;26;-19
-27;26;-19
-27;26;-19
-27;26;-19
-26;26;-19
-26;26;-20
-26;26;-20
-26;26;-20
-26;26;-20
-27;26;-20
-27;26;-19
-27;26;-19
-27;26;-19
-27;26;-19
-28;26;-19
-28;25;-18
-28;25;-18
-28;25;-18
-28;25;-18
-27;25;-18
-27;25;-19
-27;25;-19
-27;25;-19
-27;25;-19
-28;25;-19
-28;25;-19
-28;25;-19
-28;25;-19
-28;25;-19
-28;25;-19
-28;25;-20
-28;25;-20
-28;25;-20
-28;25;-20
-28;25;-20
-28;25;-18
-28;25;-18
-28;25;-18
-28;25;-18
-28;25;-18
-28;25;-19
-28;25;-19
-28;25;-19
-28;25;-19
-27;25;-19
-27;26;-19
-27;26;-19
-27;26;-19
-27;26;-19
-28;26;-19
-28;25;-20
-28;25;-20
-28;25;-20
-28;25;-20
-27;25;-20
-27;26;-19
-27;26;-19
-27;26;-19
-27;26;-19
-27;26;-19
-27;26;-19
-27;26;-19
-27;26;-19
-27;26;-19
-27;26;-19
-27;26;-19
-27;26;-19
-27;26;-19
-27;26;-19
-27;26;-19
-27;26;-19
-27;26;-19
-27;26;-19
-27;26;-19
-27;26;-19
-27;26;-19
-27;26;-19
-27;26;-19
-27;26;-19
-27;26;-19
-27;26;-19
-27;26;-19
-27;26;-19
-27;26;-19
-27;26;-19
-27;26;-19
-27;26;-19
-27;26;-19
-27;26;-19
-27;26;-19
-29;26;-19
-29;25;-18
-29;25;-18
-29;25;-18
-29;25;-18
-27;25;-18
-27;25;-18
-27;25;-18
-27;25;-18
-27;25;-18
-28;25;-18
-28;25;-19
-28;25;-19
-28;25;-19
-28;25;-19
-29;26;-20
-29;26;-20
-29;26;-20
-29;26;-20
-29;26;-20
-27;26;-20
-27;25;-20
-27;25;-20
-27;25;-20
-27;25;-20
-28;26;-20
-28;26;-19
-28;26;-19
-28;26;-19
-28;26;-19
-27;26;-19
-27;26;-19
-27;26;-19
-27;26;-19
-27;26;-19
-27;26;-19
-27;25;-19
-27;25;-19
-27;25;-19
-27;25;-19
-27;25;-19
-27;26;-18
-27;26;-18
-27;26;-18
-27;26;-18
-26;26;-18
-26;26;-19
-26;26;-19
-26;26;-19
-26;26;-19
-27;26;-19
-27;25;-19
-27;25;-19
-27;25;-19
-27;25;-19
-28;25;-19
-28;24;-19
-28;24;-19
-28;24;-19
-28;24;-19
-28;24;-19
-28;26;-18
-28;26;-18
-28;26;-18
-28;26;-18
-27;26;-18
-27;25;-19
-27;25;-19
-27;25;-19
-27;25;-19
-28;25;-19
-28;26;-18
-28;26;-18
-28;26;-18
-28;26;-18
-27;26;-18
-27;25;-18
-27;25;-18
-27;25;-18
-27;25;-18
-28;25;-18
-28;26;-19
-28;26;-19
-28;26;-19
-28;26;-19
-27;26;-19
-27;26;-18
-27;26;-18
-27;26;-18
-27;26;-18
-28;26;-18
-28;25;-18
-28;25;-18
-28;25;-18
-28;25;-18
-27;25;-18
-27;25;-18
-27;25;-18
-27;25;-18
-27;25;-18
-27;25;-18
-27;25;-18
-27;25;-18
-27;25;-18
-27;25;-18
-26;25;-18
-26;25;-18
-26;25;-18
-26;25;-18
-26;25;-18
-28;25;-18
-28;25;-19
-28;25;-19
-28;25;-19
-28;25;-19
-27;25;-19
-27;25;-19
-27;25;-19
-27;25;-19
-27;25;-19
-27;25;-19
-27;25;-19
-27;25;-19
-27;25;-19
-27;25;-19
-27;25;-19
-27;25;-19
-27;25;-19
-27;25;-19
-27;25;-19
-28;25;-19
-28;25;-17
-28;25;-17
-28;25;-17
-28;25;-17
-28;25;-17
-28;27;-19
-28;27;-19
-28;27;-19
-28;27;-19
-28;27;-19
-28;25;-18
-28;25;-18
-28;25;-18
-28;25;-18
-28;25;-18
-28;26;-19
-28;26;-19
-28;26;-19
-28;26;-19
-27;26;-19
-27;25;-19
-27;25;-19
-27;25;-19
-27;25;-19
-26;25;-19
-26;26;-18
-26;26;-18
-26;26;-18
-26;26;-18
-28;26;-18
-28;25;-18
-28;25;-18
-28;25;-18
-28;25;-18
-28;25;-18
-28;25;-18
-28;25;-18
-28;25;-18
-28;25;-18
-27;25;-18
-27;26;-18
-27;26;-18
-27;26;-18
-27;26;-18
-28;26;-18
-28;25;-19
-28;25;-19
-28;25;-19
-28;25;-19
-28;25;-19
-28;25;-19
-28;25;-19
-28;25;-19
-28;25;-19
-27;25;-19
-27;26;-19
-27;26;-19
-27;26;-19
-27;26;-19
-27;26;-19
-27;26;-19
-27;26;-19
-27;26;-19
-27;26;-19
-27;25;-18
-27;25;-18
-27;25;-18
-27;25;-18
-27;25;-18
-27;25;-18
-27;25;-18
-27;25;-18
-27;25;-18
-27;25;-18
-28;25;-18
-28;25;-18
-28;25;-18
-28;25;-18
-28;25;-18
-28;25;-18
-28;25;-19
-28;25;-19
-28;25;-19
-28;25;-19
-27;25;-19
-27;27;-18
-27;27;-18
-27;27;-18
-27;27;-18
-27;27;-18
-27;25;-19
-27;25;-19
-27;25;-19
-27;25;-19
-27;25;-19
-27;26;-18
-27;26;-18
-27;26;-18
-27;26;-18
-27;26;-18
-27;26;-18
-27;26;-18
-27;26;-18
-27;26;-18
-27;26;-18
-27;26;-20
-27;26;-20
-27;26;-20
-27;26;-20
-27;26;-20
-27;27;-18
-27;27;-18
-27;27;-18
-27;27;-18
-27;27;-18
-27;25;-18
-27;25;-18
-27;25;-18
-27;25;-18
-28;25;-18
-28;25;-19
-28;25;-19
-28;25;-19
-28;25;-19
-27;25;-19
-27;26;-18
-27;26;-18
-27;26;-18
-27;26;-18
-27;26;-18
-27;25;-18
-27;25;-18
-27;25;-18
-27;25;-18
-27;25;-18
-27;25;-18
-27;25;-18
-27;25;-18
-27;25;-18
-28;25;-18
-28;26;-18
-28;26;-18
-28;26;-18
-28;26;-18
-28;26;-18
-28;25;-19
-28;25;-19
-28;25;-19
-28;25;-19
-27;25;-19
-27;26;-19
-27;26;-19
-27;26;-19
-27;26;-19
-27;27;-18
-27;27;-18
-27;27;-18
-27;27;-18
-27;27;-18
-28;26;-18
-28;26;-19
-28;26;-19
-28;26;-19
-28;26;-19
-29;26;-19
-29;26;-19
-29;26;-19
-29;26;-19
-29;26;-19
-26;26;-19
-26;25;-19
-26;25;-19
-26;25;-19
-26;25;-19
-28;25;-19
-28;25;-18
-28;25;-18
-28;25;-18
-28;25;-18
-27;25;-18
-27;27;-18
-27;27;-18
-27;27;-18
-27;27;-18
-27;27;-18
-27;25;-20
-27;25;-20
-27;25;-20
-27;25;-20
-29;25;-20
-29;25;-19
-29;25;-19
-29;25;-19
-29;25;-19
-26;25;-19
-26;26;-18
-26;26;-18
-26;26;-18
-26;26;-18
-27;26;-18
-27;26;-19
-27;26;-19
-27;26;-19
-27;26;-19
-27;26;-19
-27;26;-19
-27;26;-19
-27;26;-19
-27;26;-19
-28;26;-19
-28;25;-17
-28;25;-17
-28;25;-17
-28;25;-17
-28;25;-17
-28;26;-18
-28;26;-18
-28;26;-18
-28;26;-18
-27;26;-18
-27;25;-19
-27;25;-19
-27;25;-19
-27;25;-19
-27;25;-19
-27;25;-20
-27;25;-20
-27;25;-20
-27;25;-20
-28;25;-20
-28;24;-20
-28;24;-20
-28;24;-20
-28;24;-20
-30;24;-20
-30;23;-20
-30;23;-20
-30;23;-20
-30;23;-20
-29;23;-20
-29;22;-20
-29;22;-20
-29;22;-20
-29;22;-20
-29;22;-20
-29;22;-20
-29;22;-20
-29;22;-20
-29;22;-20
-29;22;-20
-29;22;-20
-29;22;-20
-29;22;-20
-29;22;-20
-29;22;-20
-29;22;-20
-29;22;-20
-29;22;-20
-29;22;-20
-29;22;-20
-29;22;-20
-29;22;-20
-29;22;-20
-29;22;-20
-29;22;-20
-29;22;-20
-29;22;-20
-29;22;-20
-29;22;-20
-29;22;-20
-32;16;-20
-32;16;-22
-32;16;-22
-32;16;-22
-32;16;-22
-33;16;-22
-33;15;-21
-33;15;-21
-33;15;-21
-33;15;-21
-31;15;-21
-31;16;-21
-31;16;-21
-31;16;-21
-31;16;-21
-31;16;-21
-31;16;-20
-31;16;-20
-31;16;-20
-31;16;-20
-30;16;-20
-30;16;-19
-30;16;-19
-30;16;-19
-30;16;-19
-30;16;-19
-30;19;-18
-30;19;-18
-30;19;-18
-30;19;-18
-27;19;-18
-27;21;-18
-27;21;-18
-27;21;-18
-27;21;-18
-27;21;-18
-27;24;-17
-27;24;-17
-27;24;-17
-27;24;-17
-27;24;-17
-27;24;-16
-27;24;-16
-27;24;-16
-27;24;-16
-23;24;-16
-23;27;-16
-23;27;-16
-23;27;-16
-23;27;-16
-21;27;-16
-21;30;-14
-21;30;-14
-21;30;-14
-21;30;-14
-19;30;-14
-19;30;-14
-19;30;-14
-19;30;-14
-19;30;-14
-18;30;-14
-18;30;-12
-18;30;-12
-18;30;-12
-18;30;-12
-16;30;-12
-16;33;-12
-16;33;-12
-16;33;-12
-16;33;-12
-15;33;-12
-15;33;-12
-15;33;-12
-15;33;-12
-15;33;-12
-13;33;-12
-13;34;-12
-13;34;-12
-13;34;-12
-13;34;-12
-13;36;-12
-13;36;-12
-13;36;-12
-13;36;-12
-13;36;-12
-11;36;-12
-11;38;-12
-11;38;-12
-11;38;-12
-11;38;-12
-10;74;-12
-10;36;-13
-10;36;-13
-10;36;-13
-10;36;-13
-9;36;-13
-9;37;-13
-9;37;-13
-9;37;-13
-9;37;-13
-8;37;-13
-8;37;-14
-8;37;-14
-8;37;-14
-8;37;-14
-8;37;-14
-8;38;-15
-8;38;-15
-8;38;-15
-8;38;-15
-7;38;-15
-7;39;-13
-7;39;-13
-7;39;-13
-7;39;-13
-7;39;-13
-7;39;-13
-7;39;-13
-7;39;-13
-7;39;-13
-6;39;-13
-6;38;-13
-6;38;-13
-6;38;-13
-6;38;-13
-5;38;-13
-5;39;-14
-5;39;-14
-5;39;-14
-5;39;-14
-6;39;-14
-6;40;-13
-6;40;-13
-6;40;-13
-6;40;-13
-6;36;-12
-6;36;-12
-6;36;-12
-6;36;-12
-8;36;-12
-8;37;-12
-8;37;-12
-8;37;-12
-8;37;-12
-6;37;-12
-6;37;-11
-6;37;-11
-6;37;-11
-6;37;-11
-6;37;-11
-6;38;-12
-6;38;-12
-6;38;-12
-6;38;-12
-6;38;-12
-6;40;-12
-6;40;-12
-6;40;-12
-6;40;-12
-6;40;-12
-6;37;-12
-6;37;-12
-6;37;-12
-6;37;-12
-6;37;-12
-6;37;-13
-6;37;-13
-6;37;-13
-6;37;-13
-6;38;-12
-6;38;-12
-6;38;-12
-6;38;-12
-6;38;-12
-7;39;-12
-7;39;-11
-7;39;-11
-7;39;-11
-7;39;-11
-7;38;-11
-7;38;-13
-7;38;-13
-7;38;-13
-7;38;-13
-8;38;-13
-8;39;-13
-8;39;-13
-8;39;-13
-8;39;-13
-8;39;-13
-8;39;-13
-8;39;-13
-8;39;-13
-8;39;-13
-9;39;-13
-9;39;-14
-9;39;-14
-9;39;-14
-9;39;-14
-9;39;-14
-9;39;-14
-9;39;-14
-9;39;-14
-9;39;-14
-9;39;-14
-9;39;-15
-9;39;-15
-9;39;-15
-9;39;-15
-10;39;-15
-10;40;-16
-10;40;-16
-10;40;-16
-10;40;-16
-11;40;-16
-11;40;-16
-11;40;-16
-11;40;-16
-11;40;-16
-11;40;-16
-11;38;-18
-11;38;-18
-11;38;-18
-11;38;-18
-13;38;-18
-13;40;-18
-13;40;-18
-13;40;-18
-13;40;-18
-14;40;-18
-14;40;-19
-14;40;-19
-14;40;-19
-14;40;-19
-13;40;-19
-13;39;-18
-13;39;-18
-13;39;-18
-13;39;-18
-15;39;-18
-15;38;-19
-15;38;-19
-15;38;-19
-15;38;-19
-16;38;-19
-16;39;-21
-16;39;-21
-16;39;-21
-16;39;-21
-15;39;-21
-15;37;-22
-15;37;-22
-15;37;-22
-15;37;-22
-14;37;-22
-14;40;-23
-14;40;-23
-14;40;-23
-14;40;-23
-17;39;-23
-17;39;-23
-17;39;-23
-17;39;-23
-17;39;-23
-18;39;-23
-18;39;-23
-18;39;-23
-18;39;-23
-18;39;-23
-19;39;-23
-19;39;-23
-19;39;-23
-19;39;-23
-19;39;-23
-18;39;-23
-18;38;-25
-18;38;-25
-18;38;-25
-18;38;-25
-20;38;-25
-20;38;-25
-20;38;-25
-20;38;-25
-20;38;-25
-18;38;-25
-18;38;-27
-18;38;-27
-18;38;-27
-18;38;-27
-19;38;-27
-19;37;-27
-19;37;-27
-19;37;-27
-19;37;-27
-19;37;-27
-19;39;-29
-19;39;-29
-19;39;-29
-19;39;-29
-19;39;-30
-19;39;-30
-19;39;-30
-19;39;-30
-18;39;-30
-18;39;-30
-18;39;-30
-18;39;-30
-18;39;-30
-19;39;-30
-19;40;-30
-19;40;-30
-19;40;-30
-19;40;-30
-20;40;-30
-20;40;-31
-20;40;-31
-20;40;-31
-20;40;-31
-19;40;-31
-19;39;-31
-19;39;-31
-19;39;-31
-19;39;-31
-19;39;-31
-19;40;-31
-19;40;-31
-19;40;-31
-19;40;-31
-19;40;-31
-19;40;-32
-19;40;-32
-19;40;-32
-19;40;-32
-19;40;-32
-19;40;-33
-19;40;-33
-19;40;-33
-19;40;-33
-18;40;-33
-18;39;-34
-18;39;-34
-18;39;-34
-18;39;-34
-19;39;-34
-19;41;-33
-19;41;-33
-19;41;-33
-19;41;-33
-17;41;-33
-17;41;-33
-17;41;-33
-17;41;-33
-17;41;-33
-17;41;-33
-17;41;-34
-17;41;-34
-17;41;-34
-17;41;-34
-17;41;-34
-17;41;-35
-17;41;-35
-17;41;-35
-17;41;-35
-15;41;-35
-15;42;-34
-15;42;-34
-15;42;-34
-15;42;-34
-16;42;-34
-16;42;-35
-16;42;-35
-16;42;-35
-16;42;-35
-16;42;-35
-16;41;-36
-16;41;-36
-16;41;-36
-16;41;-36
-16;41;-36
-16;44;-36
-16;44;-36
-16;44;-36
-16;44;-36
-14;44;-36
-14;43;-36
-14;43;-36
-14;43;-36
-14;43;-36
-14;43;-36
-14;42;-36
-14;42;-36
-14;42;-36
-14;42;-36
-13;42;-36
-13;44;-38
-13;44;-38
-13;44;-38
-13;44;-38
-13;44;-38
-13;44;-39
-13;44;-39
-13;44;-39
-13;44;-39
-11;44;-39
-11;43;-37
-11;43;-37
-11;43;-37
-11;43;-37
-11;43;-37
-11;44;-38
-11;44;-38
-11;44;-38
-11;44;-38
-10;44;-38
-10;45;-38
-10;45;-38
-10;45;-38
-10;45;-38
-10;45;-38
-10;44;-40
-10;44;-40
-10;44;-40
-10;44;-40
-9;44;-40
-9;45;-38
-9;45;-38
-9;45;-38
-9;45;-38
-8;45;-38
-8;45;-40
-8;45;-40
-8;45;-40
-8;45;-40
-6;45;-40
-6;45;-40
-6;45;-40
-6;45;-40
-6;45;-40
-6;45;-41
-6;45;-41
-6;45;-41
-6;45;-41
-6;45;-41
-5;45;-41
-5;46;-42
-5;46;-42
-5;46;-42
-5;46;-42
-5;46;-42
-5;46;-42
-5;46;-42
-5;46;-42
-5;46;-42
-4;46;-42
-4;46;-45
-4;46;-45
-4;46;-45
-4;46;-45
-2;46;-45
-2;46;-46
-2;46;-46
-2;46;-46
-2;46;-46
-1;46;-46
-1;46;-48
-1;46;-48
-1;46;-48
-1;46;-48
0;46;-48
0;45;-51
0;45;-51
0;45;-51
0;45;-51
0;45;-51
0;45;-51
0;45;-51
0;45;-51
0;45;-51
0;45;-51
0;45;-51
0;45;-51
0;45;-51
0;45;-51
0;45;-51
0;45;-51
0;45;-51
0;45;-51
0;45;-51
0;45;-51
0;45;-51
0;45;-51
0;45;-51
0;45;-51
0;45;-51
0;45;-51
0;45;-51
0;45;-51
0;45;-51
0;45;-51
0;45;-51
0;45;-51
0;45;-51
0;45;-51
0;45;-51
0;45;-51
0;45;-51
0;45;-51
0;45;-51
0;45;-51
-3;45;-51
-3;21;-73
-3;21;-73
-3;21;-73
-3;21;-73
-3;21;-73
-3;17;-75
-3;17;-75
-3;17;-75
-3;17;-75
-3;17;-75
-3;12;-74
-3;12;-74
-3;12;-74
-3;12;-74
-3;12;-74
-3;7;-75
-3;7;-75
-3;7;-75
-3;7;-75
-1;7;-75
-1;1;-74
-1;1;-74
-1;1;-74
-1;1;-74
-37;1;-74
1;-5;-72
1;-5;-72
1;-5;-72
1;-5;-72
4;-5;-72
4;-6;-71
4;-6;-71
4;-6;-71
4;-6;-71
5;-10;-68
5;-10;-68
5;-10;-68
5;-10;-68
5;-10;-68
9;-14;-68
9;-14;-67
9;-14;-67
9;-14;-67
9;-14;-67
13;-14;-67
13;-16;-63
13;-16;-63
13;-16;-63
13;-16;-63
15;-16;-63
15;-18;-59
15;-18;-59
15;-18;-59
15;-18;-59
16;-18;-59
16;-21;-56
16;-21;-56
16;-21;-56
16;-21;-56
19;-21;-56
19;-20;-55
19;-20;-55
19;-20;-55
19;-20;-55
22;-20;-55
22;-20;-52
22;-20;-52
22;-20;-52
22;-20;-52
23;-20;-52
23;-19;-49
23;-19;-49
23;-19;-49
26;-19;-49
26;-19;-48
26;-19;-48
26;-19;-48
26;-19;-48
28;-19;-48
28;-18;-46
28;-18;-46
28;-18;-46
28;-18;-46
30;-18;-46
30;-15;-44
30;-15;-44
30;-15;-44
30;-15;-44
34;-15;-44
34;-14;-42
34;-14;-42
34;-14;-42
34;-14;-42
33;-14;-42
33;-13;-41
33;-13;-41
33;-13;-41
33;-13;-41
32;-13;-41
32;-13;-40
32;-13;-40
32;-13;-40
32;-13;-40
35;-13;-40
35;-12;-39
35;-12;-39
35;-12;-39
35;-12;-39
34;-12;-39
34;-12;-37
34;-12;-37
34;-12;-37
34;-12;-37
34;-12;-37
34;-10;-37
34;-10;-37
34;-10;-37
34;-10;-37
36;-10;-37
36;-12;-36
36;-12;-36
36;-12;-36
36;-12;-36
34;-12;-34
34;-12;-34
34;-12;-34
34;-12;-34
34;-12;-34
35;-12;-34
35;-11;-32
35;-11;-32
35;-11;-32
35;-11;-32
35;-11;-32
35;-12;-31
35;-12;-31
35;-12;-31
35;-12;-31
35;-12;-31
35;-11;-28
35;-11;-28
35;-11;-28
35;-11;-28
35;-11;-28
35;-11;-28
35;-11;-28
35;-11;-28
35;-11;-28
36;-11;-28
36;-11;-28
36;-11;-28
36;-11;-28
36;-11;-28
36;-11;-28
36;-9;-28
36;-9;-28
36;-9;-28
36;-9;-28
37;-9;-28
37;-8;-28
37;-8;-28
37;-8;-28
37;-8;-28
0;-8;-28
37;-6;-28
37;-6;-28
37;-6;-28
37;-6;-28
74;-6;-28
36;-2;-26
36;-2;-26
36;-2;-26
36;-2;-26
0;-2;-26
38;2;-25
38;2;-25
38;2;-25
38;2;-25
75;2;-25
37;4;-23
37;4;-23
37;4;-23
37;4;-23
37;4;-23
37;8;-21
37;8;-21
37;8;-21
37;8;-21
37;8;-21
37;9;-16
37;9;-16
37;9;-16
37;9;-16
34;9;-16
34;11;-13
34;11;-13
34;11;-13
34;11;-13
33;11;-13
33;12;-12
33;12;-12
33;12;-12
33;12;-12
33;12;-12
33;9;-10
33;9;-10
33;9;-10
33;9;-10
31;9;-10
31;4;-6
31;4;-6
31;4;-6
31;4;-6
28;-6;-6
28;-6;-6
28;-6;-6
28;-6;-6
22;-6;-6
22;-17;-10
22;-17;-10
22;-17;-10
22;-17;-10
9;-17;-10
9;-23;-19
9;-23;-19
9;-23;-19
9;-23;-19
24;-23;-19
-14;-22;-24
-14;-22;-24
-14;-22;-24
-14;-22;-24
-36;-22;-24
-36;0;-29
-36;0;-29
-36;0;-29
-36;0;-29
-27;0;-29
-27;30;-28
-27;30;-28
-27;30;-28
-27;30;-28
-27;30;-28
11;40;-20
11;40;-20
11;40;-20
11;40;-20
36;40;-20
36;20;-15
36;20;-15
36;20;-15
36;20;-15
31;20;-15
31;-12;-17
31;-12;-17
31;-12;-17
31;-12;-17
35;-12;-17
-2;-22;-21
-2;-22;-21
-2;-22;-21
-2;-22;-21
-31;-22;-21
-31;-4;-25
-31;-4;-25
-31;-4;-25
-31;-4;-25
-31;-4;-25
-31;26;-27
-31;26;-27
-31;26;-27
-31;26;-27
-34;26;-27
3;40;-22
3;40;-22
3;40;-22
3;40;-22
34;40;-22
34;26;-17
34;26;-17
34;26;-17
34;26;-17
0;26;-17
38;-5;-17
38;-5;-17
38;-5;-17
38;-5;-17
44;-5;-17
7;-23;-22
7;-23;-22
7;-23;-22
7;-23;-22
11;-23;-22
-27;-11;-28
-27;-11;-28
-27;-11;-28
-27;-11;-28
-35;-11;-28
-35;18;-31
-35;18;-31
-35;18;-31
-35;18;-31
-7;41;-27
-7;41;-27
-7;41;-27
-7;41;-27
-7;41;-27
-9;41;-27
29;35;-22
29;35;-22
29;35;-22
29;35;-22
4;35;-22
42;5;-21
42;5;-21
42;5;-21
42;5;-21
57;5;-21
19;-20;-23
19;-20;-23
19;-20;-23
19;-20;-23
21;-20;-23
-17;-18;-30
-17;-18;-30
-17;-18;-30
-17;-18;-30
-37;-18;-30
-37;8;-36
-37;8;-36
-37;8;-36
-37;8;-36
-20;8;-36
-20;36;-34
-20;36;-34
-20;36;-34
-20;36;-34
-21;36;-34
17;41;-29
17;41;-29
17;41;-29
17;41;-29
5;41;-29
43;16;-27
43;16;-27
43;16;-27
43;16;-27
69;16;-27
32;-14;-28
32;-14;-28
32;-14;-28
32;-14;-28
35;-14;-28
-3;-24;-33
-3;-24;-33
-3;-24;-33
-3;-24;-33
-33;-24;-33
-33;-4;-39
-33;-4;-39
-33;-4;-39
-33;-4;-39
-30;-4;-39
-30;27;-40
-30;27;-40
-30;27;-40
-30;27;-40
-36;27;-40
1;42;-36
1;42;-36
1;42;-36
1;42;-36
34;42;-36
34;28;-30
34;28;-30
34;28;-30
34;28;-30
2;28;-30
40;-2;-29
40;-2;-29
40;-2;-29
40;-2;-29
53;-2;-29
16;-24;-33
16;-24;-33
16;-24;-33
16;-24;-33
16;-24;-33
16;-24;-33
16;-24;-33
16;-24;-33
16;-24;-33
16;-24;-33
16;-24;-33
16;-24;-33
16;-24;-33
16;-24;-33
16;-24;-33
16;-24;-33
16;-24;-33
16;-24;-33
16;-24;-33
16;-24;-33
16;-24;-33
16;-24;-33
16;-24;-33
16;-24;-33
16;-24;-33
16;-24;-33
16;-24;-33
16;-24;-33
16;-24;-33
16;-24;-33
16;-24;-33
16;-24;-33
16;-24;-33
16;-24;-33
16;-24;-33
3;-25;-33
3;-25;-39
3;-25;-39
3;-25;-39
3;-25;-39
10;-25;-39
-28;-13;-46
-28;-13;-46
-28;-13;-46
-28;-13;-46
-35;-13;-46
-35;18;-49
-35;18;-49
-35;18;-49
-35;18;-49
-14;18;-49
-14;39;-45
-14;39;-45
-14;39;-45
-14;39;-45
-17;39;-45
21;39;-42
21;39;-42
21;39;-42
21;39;-42
3;39;-42
41;15;-38
41;15;-38
41;15;-38
41;15;-38
69;15;-38
31;-15;-39
31;-15;-39
31;-15;-39
31;-15;-39
1;-15;-39
1;-25;-43
1;-25;-43
1;-25;-43
1;-25;-43
9;-25;-43
-28;-8;-51
-28;-8;-51
-28;-8;-51
-28;-8;-51
-34;-8;-51
-34;18;-53
-34;18;-53
-34;18;-53
-34;18;-53
-13;18;-53
-13;40;-49
-13;40;-49
-13;40;-49
-13;40;-49
-17;40;-49
21;38;-44
21;38;-44
21;38;-44
21;38;-44
2;38;-44
40;15;-43
40;15;-43
40;15;-43
40;15;-43
69;15;-43
31;-12;-42
31;-12;-42
31;-12;-42
31;-12;-42
3;-12;-42
3;-25;-46
3;-25;-46
3;-25;-46
3;-25;-46
10;-25;-46
-27;-10;-52
-27;-10;-52
-27;-10;-52
-27;-10;-52
-35;16;-54
-35;16;-54
-35;16;-54
-35;16;-54
-35;16;-54
-15;0;-54
-15;38;-52
-15;38;-52
-15;38;-52
-15;38;-52
17;39;-52
17;39;-47
17;39;-47
17;39;-47
17;39;-47
1;39;-47
39;19;-44
39;19;-44
39;19;-44
39;19;-44
72;19;-44
35;-7;-43
35;-7;-43
35;-7;-43
35;-7;-43
8;-7;-43
8;-24;-47
8;-24;-47
8;-24;-47
8;-24;-47
16;-24;-47
-21;-14;-52
-21;-14;-52
-21;-14;-52
-21;-14;-52
-33;-14;-52
-33;11;-55
-33;11;-55
-33;11;-55
-21;11;-55
-21;34;-54
-21;34;-54
-21;34;-54
-21;34;-54
-29;34;-54
8;41;-50
8;41;-50
8;41;-50
8;41;-50
35;41;-50
35;23;-47
35;23;-47
35;23;-47
35;23;-47
1;23;-47
39;-1;-45
39;-1;-45
39;-1;-45
39;-1;-45
54;-1;-45
17;-20;-48
17;-20;-48
17;-20;-48
17;-20;-48
23;-20;-48
-15;-18;-53
-15;-18;-53
-15;-18;-53
-15;-18;-53
-33;-18;-53
-33;3;-56
-33;3;-56
-33;3;-56
-33;3;-56
-29;3;-56
-29;28;-56
-29;28;-56
-29;28;-56
-29;28;-56
-36;28;-56
1;42;-51
1;42;-51
1;42;-51
1;42;-51
29;42;-51
29;33;-48
29;33;-48
29;33;-48
29;33;-48
40;6;-46
40;6;-46
40;6;-46
40;6;-46
40;6;-46
64;6;-46
27;-15;-46
27;-15;-46
27;-15;-46
27;-15;-46
34;-15;-46
-4;-22;-50
-4;-22;-50
-4;-22;-50
-4;-22;-50
-29;-22;-50
-29;-7;-56
-29;-7;-56
-29;-7;-56
-29;-7;-56
-32;-7;-56
-32;19;-56
-32;19;-56
-32;19;-56
-32;19;-56
-11;19;-56
-11;38;-54
-11;38;-54
-11;38;-54
-11;38;-54
-19;38;-54
18;38;-51
18;38;-51
18;38;-51
18;38;-51
1;38;-51
38;17;-47
38;17;-47
38;17;-47
38;17;-47
72;17;-47
35;-9;-47
35;-9;-47
35;-9;-47
35;-9;-47
9;-9;-47
9;-22;-48
9;-22;-48
9;-22;-48
9;-22;-48
18;-22;-48
-20;-14;-54
-20;-14;-54
-20;-14;-54
-20;-14;-54
-34;-14;-54
-34;8;-57
-34;8;-57
-34;8;-57
-34;8;-57
-22;8;-57
-22;32;-55
-22;32;-55
-22;32;-55
-22;32;-55
-33;32;-55
5;40;-52
5;40;-52
5;40;-52
5;40;-52
31;40;-52
31;28;-49
31;28;-49
31;28;-49
31;28;-49
2;28;-49
39;3;-48
39;3;-48
39;3;-48
39;3;-48
60;3;-48
22;-17;-48
22;-17;-48
22;-17;-48
22;-17;-48
31;-17;-48
-7;-21;-53
-7;-21;-53
-7;-21;-53
-7;-21;-53
-30;-4;-55
-30;-4;-55
-30;-4;-55
-30;-4;-55
-31;-4;-55
-31;20;-56
-31;20;-56
-31;20;-56
-31;20;-56
-10;20;-56
-10;40;-55
-10;40;-55
-10;40;-55
-10;40;-55
-19;40;-55
19;37;-51
19;37;-51
19;37;-51
19;37;-51
37;37;-51
37;17;-49
37;17;-49
37;17;-49
37;17;-49
34;17;-49
34;-8;-48
34;-8;-48
34;-8;-48
34;-8;-48
9;-8;-48
9;-22;-50
9;-22;-50
9;-22;-50
9;-22;-50
18;-22;-50
-19;-15;-56
-19;-15;-56
-19;-15;-56
-19;-15;-56
-35;-15;-56
-35;7;-57
-35;7;-57
-35;7;-57
-35;7;-57
-23;7;-57
-23;32;-57
-23;32;-57
-23;32;-57
-23;32;-57
-33;32;-57
4;40;-52
4;40;-52
4;40;-52
4;40;-52
31;40;-52
31;29;-51
31;29;-51
31;29;-51
31;29;-51
0;29;-51
38;5;-48
38;5;-48
38;5;-48
38;5;-48
62;5;-48
24;-17;-50
24;-17;-50
24;-17;-50
24;-17;-50
33;-17;-50
-4;-21;-53
-4;-21;-53
-4;-21;-53
-4;-21;-53
-29;-21;-53
-29;-7;-57
-29;-7;-57
-29;-7;-57
-29;-7;-57
-31;-7;-57
-31;18;-57
-31;18;-57
-31;18;-57
-31;18;-57
-13;37;-55
-13;37;-55
-13;37;-55
-13;37;-55
-13;37;-55
16;38;-53
16;38;-53
16;38;-53
16;38;-53
16;38;-53
37;38;-53
37;19;-49
37;19;-49
37;19;-49
37;19;-49
35;19;-49
35;-5;-48
35;-5;-48
35;-5;-48
35;-5;-48
14;-5;-48
14;-20;-52
14;-20;-52
14;-20;-52
14;-20;-52
23;-20;-52
-14;-18;-56
-14;-18;-56
-14;-18;-56
-14;-18;-56
-31;-18;-56
-31;2;-57
-31;2;-57
-31;2;-57
-31;2;-57
-26;2;-57
-26;26;-58
-26;26;-58
-26;26;-58
-26;26;-58
-3;26;-58
-3;40;-53
-3;40;-53
-3;40;-53
-3;40;-53
-12;40;-53
25;33;-52
25;33;-52
25;33;-52
25;33;-52
1;33;-52
39;11;-49
39;11;-49
39;11;-49
39;11;-49
67;11;-49
29;-12;-51
29;-12;-51
29;-12;-51
29;-12;-51
4;-12;-51
4;-21;-54
4;-21;-54
4;-21;-54
4;-21;-54
14;-21;-54
-23;-12;-57
-23;-12;-57
-23;-12;-57
-23;-12;-57
-33;-12;-57
-33;13;-59
-33;13;-59
-33;13;-59
-33;13;-59
-20;13;-59
-20;33;-57
-20;33;-57
-20;33;-57
-20;33;-57
-30;33;-57
7;38;-54
7;38;-54
7;38;-54
7;38;-54
31;38;-54
31;27;-51
31;27;-51
31;27;-51
31;27;-51
37;2;-50
37;2;-50
37;2;-50
37;2;-50
37;2;-50
21;22;-50
21;-16;-52
21;-16;-52
21;-16;-52
21;-16;-52
32;-16;-52
-5;-20;-56
-5;-20;-56
-5;-20;-56
-5;-20;-56
-28;-20;-56
-28;-6;-59
-28;-6;-59
-28;-6;-59
-28;-6;-59
-30;-6;-59
-30;20;-59
-30;20;-59
-30;20;-59
-30;20;-59
-13;20;-59
-13;36;-58
-13;36;-58
-13;36;-58
-13;36;-58
-23;36;-58
14;38;-54
14;38;-54
14;38;-54
14;38;-54
35;38;-54
35;21;-51
35;21;-51
35;21;-51
35;21;-51
36;21;-51
36;-4;-49
36;-4;-49
36;-4;-49
36;-4;-49
17;-4;-49
17;-19;-52
17;-19;-52
17;-19;-52
17;-19;-52
28;-19;-52
-10;-19;-57
-10;-19;-57
-10;-19;-57
-10;-19;-57
-10;-19;-57
-10;-19;-57
-10;-19;-57
-10;-19;-57
-10;-19;-57
-10;-19;-57
-10;-19;-57
-10;-19;-57
-10;-19;-57
-10;-19;-57
-10;-19;-57
-10;-19;-57
-10;-19;-57
-10;-19;-57
-10;-19;-57
-10;-19;-57
-10;-19;-57
-10;-19;-57
-10;-19;-57
-10;-19;-57
-10;-19;-57
-10;-19;-57
-10;-19;-57
-10;-19;-57
-10;-19;-57
-10;-19;-57
-10;-19;-57
-10;-19;-57
-10;-19;-57
-10;-19;-57
-10;-19;-57
-25;-19;-57
12;-21;-54
12;-21;-54
12;-21;-54
12;-21;-54
24;-21;-54
-14;-16;-57
-14;-16;-57
-14;-16;-57
-14;-16;-57
-30;-16;-57
-30;2;-61
-30;2;-61
-30;2;-61
-30;2;-61
-27;2;-61
-27;25;-60
-27;25;-60
-27;25;-60
-27;25;-60
-5;25;-60
-5;39;-58
-5;39;-58
-5;39;-58
-5;39;-58
22;32;-56
22;32;-56
22;32;-56
22;32;-56
22;32;-56
37;14;-56
37;14;-52
37;14;-52
37;14;-52
37;14;-52
31;14;-52
31;-9;-52
31;-9;-52
31;-9;-52
31;-9;-52
9;-9;-52
9;-20;-54
9;-20;-54
9;-20;-54
9;-20;-54
20;-20;-54
-18;-14;-59
-18;-14;-59
-18;-14;-59
-18;-14;-59
-31;-14;-59
-31;6;-61
-31;6;-61
-31;6;-61
-31;6;-61
-25;6;-61
-25;28;-60
-25;28;-60
-25;28;-60
-25;28;-60
-2;28;-60
-2;39;-58
-2;39;-58
-2;39;-58
-2;39;-58
-15;39;-58
23;33;-56
23;33;-56
23;33;-56
23;33;-56
36;33;-56
36;13;-53
36;13;-53
36;13;-53
36;13;-53
30;13;-53
30;-11;-53
30;-11;-53
30;-11;-53
30;-11;-53
8;-11;-53
8;-20;-56
8;-20;-56
8;-20;-56
8;-20;-56
21;-20;-56
-17;-14;-59
-17;-14;-59
-17;-14;-59
-17;-14;-59
-30;-14;-59
-30;7;-60
-30;7;-60
-30;7;-60
-30;7;-60
-24;7;-60
-24;27;-62
-24;27;-62
-24;27;-62
-24;27;-62
-2;27;-62
-2;38;-59
-2;38;-59
-2;38;-59
-2;38;-59
-16;38;-59
22;33;-55
22;33;-55
22;33;-55
22;33;-55
36;33;-55
36;14;-53
36;14;-53
36;14;-53
36;14;-53
30;-8;-54
30;-8;-54
30;-8;-54
30;-8;-54
30;-8;-54
10;-8;-54
10;-19;-55
10;-19;-55
10;-19;-55
10;-19;-55
22;-19;-55
-16;-15;-60
-16;-15;-60
-16;-15;-60
-16;-15;-60
-29;-15;-60
-29;3;-63
-29;3;-63
-29;3;-63
-29;3;-63
-24;3;-63
-24;25;-62
-24;25;-62
-24;25;-62
-24;25;-62
-5;25;-62
-5;38;-60
-5;38;-60
-5;38;-60
-5;38;-60
-18;38;-60
19;33;-57
19;33;-57
19;33;-57
19;33;-57
34;33;-57
34;17;-55
34;17;-55
34;17;-55
34;17;-55
32;17;-55
32;-4;-55
32;-4;-55
32;-4;-55
32;-4;-55
14;-4;-55
14;-19;-57
14;-19;-57
14;-19;-57
14;-19;-57
27;-19;-57
-11;-15;-60
-11;-15;-60
-11;-15;-60
-11;-15;-60
-27;-15;-60
-27;0;-63
-27;0;-63
-27;0;-63
-27;0;-63
-27;20;-62
-27;20;-62
-27;20;-62
-27;20;-62
-11;20;-62
-11;33;-59
-11;33;-59
-11;33;-59
-11;33;-59
-25;33;-59
12;33;-57
12;33;-57
12;33;-57
12;33;-57
30;33;-57
30;20;-56
30;20;-56
30;20;-56
30;20;-56
33;20;-56
33;-2;-56
33;-2;-56
33;-2;-56
33;-2;-56
16;-2;-56
16;-16;-56
16;-16;-56
16;-16;-56
16;-16;-56
-7;-18;-60
-7;-18;-60
-7;-18;-60
-7;-18;-60
-7;-18;-60
-25;-18;-60
-25;-5;-63
-25;-5;-63
-25;-5;-63
-25;-5;-63
-28;-5;-63
-28;16;-64
-28;16;-64
-28;16;-64
-28;16;-64
-16;16;-64
-16;31;-60
-16;31;-60
-16;31;-60
-16;31;-60
-29;31;-60
8;35;-59
8;35;-59
8;35;-59
8;35;-59
28;35;-59
28;23;-56
28;23;-56
28;23;-56
28;23;-56
34;23;-56
34;5;-54
34;5;-54
34;5;-54
34;5;-54
23;5;-54
23;-12;-57
23;-12;-57
23;-12;-57
23;-12;-57
1;-12;-57
1;-18;-60
1;-18;-60
1;-18;-60
1;-18;-60
16;-18;-60
-21;-9;-63
-21;-9;-63
-21;-9;-63
-21;-9;-63
-28;-9;-63
-28;10;-64
-28;10;-64
-28;10;-64
-28;10;-64
-21;10;-64
-21;27;-64
-21;27;-64
-21;27;-64
-21;27;-64
-37;27;-64
1;37;-62
1;37;-62
1;37;-62
1;37;-62
22;37;-62
22;29;-59
22;29;-59
22;29;-59
22;29;-59
34;29;-59
34;12;-59
34;12;-59
34;12;-59
34;12;-59
28;12;-59
28;-7;-57
28;-7;-57
28;-7;-57
28;-7;-57
9;-7;-57
9;-17;-60
9;-17;-60
9;-17;-60
9;-17;-60
25;-17;-60
-12;-12;-62
-12;-12;-62
-12;-12;-62
-12;-12;-62
-27;3;-65
-27;3;-65
-27;3;-65
-27;3;-65
-27;3;-65
-24;3;-65
-24;21;-65
-24;21;-65
-24;21;-65
-24;21;-65
-8;21;-65
-8;35;-63
-8;35;-63
-8;35;-63
-8;35;-63
-23;35;-63
15;33;-62
15;33;-62
15;33;-62
15;33;-62
30;33;-62
30;19;-60
30;19;-60
30;19;-60
30;19;-60
31;19;-60
31;-1;-58
31;-1;-58
31;-1;-58
31;-1;-58
17;-1;-58
17;-14;-60
17;-14;-60
17;-14;-60
17;-14;-60
34;-14;-60
-4;-16;-62
-4;-16;-62
-4;-16;-62
-4;-16;-62
-22;-16;-62
-22;-5;-66
-22;-5;-66
-22;-5;-66
-22;-5;-66
-27;-5;-66
-27;14;-66
-27;14;-66
-27;14;-66
-27;14;-66
-16;14;-66
-16;29;-65
-16;29;-65
-16;29;-65
-16;29;-65
-33;29;-65
4;35;-63
4;35;-63
4;35;-63
4;35;-63
23;35;-63
23;26;-60
23;26;-60
23;26;-60
23;26;-60
32;26;-60
32;10;-60
32;10;-60
32;10;-60
32;10;-60
24;10;-60
24;-8;-59
24;-8;-59
24;-8;-59
24;-8;-59
7;-8;-59
7;-16;-62
7;-16;-62
7;-16;-62
7;-16;-62
7;-16;-62
7;-16;-62
7;-16;-62
7;-16;-62
7;-16;-62
7;-16;-62
7;-16;-62
7;-16;-62
7;-16;-62
7;-16;-62
7;-16;-62
7;-16;-62
7;-16;-62
7;-16;-62
7;-16;-62
7;-16;-62
7;-16;-62
7;-16;-62
7;-16;-62
7;-16;-62
7;-16;-62
7;-16;-62
7;-16;-62
7;-16;-62
7;-16;-62
7;-16;-62
7;-16;-62
7;-16;-62
7;-16;-62
7;-16;-62
7;-16;-62
31;-16;-62
31;1;-60
31;1;-60
31;1;-60
31;1;-60
19;1;-60
19;-12;-60
19;-12;-60
19;-12;-60
19;-12;-60
36;-12;-60
-1;-16;-64
-1;-16;-64
-1;-16;-64
-1;-16;-64
-18;-16;-64
-18;-6;-66
-18;-6;-66
-18;-6;-66
-18;-6;-66
-26;-6;-66
-26;9;-66
-26;9;-66
-26;9;-66
-26;9;-66
-18;9;-66
-18;26;-66
-18;26;-66
-18;26;-66
-18;26;-66
-37;26;-66
0;35;-64
0;35;-64
0;35;-64
0;35;-64
19;35;-64
19;30;-62
19;30;-62
19;30;-62
19;30;-62
30;30;-62
30;14;-59
30;14;-59
30;14;-59
30;14;-59
29;14;-59
29;-3;-60
29;-3;-60
29;-3;-60
29;-3;-60
14;-3;-60
14;-14;-62
14;-14;-62
14;-14;-62
14;-14;-62
31;-14;-62
-7;-14;-63
-7;-14;-63
-7;-14;-63
-7;-14;-63
-22;-14;-63
-22;-2;-65
-22;-2;-65
-22;-2;-65
-22;-2;-65
-26;-2;-65
-26;15;-66
-26;15;-66
-26;15;-66
-26;15;-66
-15;15;-66
-15;29;-65
-15;29;-65
-15;29;-65
-15;29;-65
-34;29;-65
4;33;-64
4;33;-64
4;33;-64
4;33;-64
24;26;-61
24;26;-61
24;26;-61
24;26;-61
24;26;-61
31;11;-61
31;11;-60
31;11;-60
31;11;-60
31;11;-60
26;11;-60
26;-8;-58
26;-8;-58
26;-8;-58
26;-8;-58
9;-8;-58
9;-16;-61
9;-16;-61
9;-16;-61
9;-16;-61
26;-16;-61
-12;-13;-63
-12;-13;-63
-12;-13;-63
-12;-13;-63
-26;-13;-63
-26;1;-66
-26;1;-66
-26;1;-66
-26;1;-66
-26;1;-66
-26;19;-65
-26;19;-65
-26;19;-65
-26;19;-65
-11;19;-65
-11;33;-63
-11;33;-63
-11;33;-63
-11;33;-63
-27;33;-63
11;34;-61
11;34;-61
11;34;-61
11;34;-61
27;34;-61
27;23;-59
27;23;-59
27;23;-59
27;23;-59
34;23;-59
34;6;-57
34;6;-57
34;6;-57
34;6;-57
26;6;-57
26;-11;-57
26;-11;-57
26;-11;-57
26;-11;-57
5;-11;-57
5;-18;-59
5;-18;-59
5;-18;-59
5;-18;-59
22;-18;-59
-16;-12;-62
-16;-12;-62
-16;-12;-62
-16;-12;-62
-28;-12;-62
-28;4;-64
-28;4;-64
-28;4;-64
-28;4;-64
-26;4;-64
-26;23;-62
-26;23;-62
-26;23;-62
-26;23;-62
-9;23;-62
-9;35;-60
-9;35;-60
-9;35;-60
-9;35;-60
-24;35;-60
13;36;-60
13;36;-60
13;36;-60
13;36;-60
30;23;-56
30;23;-56
30;23;-56
30;23;-56
30;23;-56
34;3;-56
34;3;-56
34;3;-56
34;3;-56
34;3;-56
25;25;-56
25;-13;-54
25;-13;-54
25;-13;-54
25;-13;-54
3;-13;-54
3;-20;-57
3;-20;-57
3;-20;-57
3;-20;-57
17;-20;-57
-21;-12;-60
-21;-12;-60
-21;-12;-60
-21;-12;-60
-29;-12;-60
-29;6;-60
-29;6;-60
-29;6;-60
-29;6;-60
-25;6;-60
-25;25;-60
-25;25;-60
-25;25;-60
-25;25;-60
-7;25;-60
-7;37;-59
-7;37;-59
-7;37;-59
-7;37;-59
-23;37;-59
15;36;-56
15;36;-56
15;36;-56
15;36;-56
33;36;-56
33;23;-53
33;23;-53
33;23;-53
33;23;-53
36;23;-53
36;1;-52
36;1;-52
36;1;-52
36;1;-52
24;1;-52
24;-15;-53
24;-15;-53
24;-15;-53
24;-15;-53
1;-15;-53
1;-22;-54
1;-22;-54
1;-22;-54
1;-22;-54
17;-22;-54
-21;-14;-58
-21;-14;-58
-21;-14;-58
-21;-14;-58
-30;-14;-58
-30;6;-60
-30;6;-60
-30;6;-60
-30;6;-60
-26;6;-60
-26;27;-58
-26;27;-58
-26;27;-58
-26;27;-58
-7;27;-58
-7;39;-55
-7;39;-55
-7;39;-55
-7;39;-55
-21;39;-55
17;37;-54
17;37;-54
17;37;-54
17;37;-54
34;22;-51
34;22;-51
34;22;-51
34;22;-51
34;22;-51
37;2;-51
37;2;-49
37;2;-49
37;2;-49
37;2;-49
25;23;-49
25;-15;-51
25;-15;-51
25;-15;-51
25;-15;-51
1;-15;-51
1;-22;-53
1;-22;-53
1;-22;-53
1;-22;-53
16;-22;-53
-21;-13;-56
-21;-13;-56
-21;-13;-56
-21;-13;-56
-32;-13;-56
-32;6;-58
-32;6;-58
-32;6;-58
-32;6;-58
-28;6;-58
-28;27;-55
-28;27;-55
-28;27;-55
-28;27;-55
-7;27;-55
-7;40;-54
-7;40;-54
-7;40;-54
-7;40;-54
-21;40;-54
16;38;-52
16;38;-52
16;38;-52
16;38;-52
35;38;-52
35;24;-48
35;24;-48
35;24;-48
35;24;-48
1;24;-48
39;2;-48
39;2;-48
39;2;-48
39;2;-48
63;2;-48
26;-17;-48
26;-17;-48
26;-17;-48
26;-17;-48
2;-17;-48
2;-22;-50
2;-22;-50
2;-22;-50
2;-22;-50
15;-22;-50
-22;-14;-54
-22;-14;-54
-22;-14;-54
-22;-14;-54
-35;-14;-54
-35;5;-54
-35;5;-54
-35;5;-54
-35;5;-54
-29;5;-54
-29;26;-54
-29;26;-54
-29;26;-54
-29;26;-54
-10;26;-54
-10;40;-52
-10;40;-52
-10;40;-52
-10;40;-52
-22;40;-52
16;39;-50
16;39;-50
16;39;-50
16;39;-50
34;24;-47
34;24;-47
34;24;-47
34;24;-47
34;24;-47
41;2;-47
41;2;-47
41;2;-47
41;2;-47
41;2;-47
27;22;-47
27;-16;-46
27;-16;-46
27;-16;-46
27;-16;-46
4;-16;-46
4;-24;-49
4;-24;-49
4;-24;-49
4;-24;-49
17;-24;-49
-20;-17;-51
-20;-17;-51
-20;-17;-51
-20;-17;-51
-33;-17;-51
-33;4;-53
-33;4;-53
-33;4;-53
-33;4;-53
-30;4;-53
-30;25;-53
-30;25;-53
-30;25;-53
-30;25;-53
-30;25;-53
-30;25;-53
-30;25;-53
-30;25;-53
-30;25;-53
-30;25;-53
-30;25;-53
-30;25;-53
-30;25;-53
-30;25;-53
-30;25;-53
-30;25;-53
-30;25;-53
-30;25;-53
-30;25;-53
-30;25;-53
-30;25;-53
-30;25;-53
-30;25;-53
-30;25;-53
-30;25;-53
-30;25;-53
-30;25;-53
-30;25;-53
-30;25;-53
-30;25;-53
-29;25;-53
8;-25;-47
8;-25;-47
8;-25;-47
8;-25;-47
20;-25;-47
-17;-18;-48
-17;-18;-48
-17;-18;-48
-17;-18;-48
-34;-18;-48
-34;-1;-52
-34;-1;-52
-34;-1;-52
-34;-1;-52
-31;-1;-52
-31;22;-52
-31;22;-52
-31;22;-52
-31;22;-52
-14;22;-52
-14;38;-49
-14;38;-49
-14;38;-49
-14;38;-49
-28;38;-49
9;42;-48
9;42;-48
9;42;-48
9;42;-48
33;42;-48
33;30;-45
33;30;-45
33;30;-45
33;30;-45
3;30;-45
41;7;-43
41;7;-43
41;7;-43
41;7;-43
69;7;-43
32;-12;-43
32;-12;-43
32;-12;-43
32;-12;-43
11;-24;-47
11;-24;-47
11;-24;-47
11;-24;-47
11;-24;-47
23;-24;-47
-15;-19;-48
-15;-19;-48
-15;-19;-48
-15;-19;-48
-33;-3;-48
-33;-3;-51
-33;-3;-51
-33;-3;-51
-33;-3;-51
-34;-3;-51
-34;21;-50
-34;21;-50
-34;21;-50
-34;21;-50
-17;21;-50
-17;36;-50
-17;36;-50
-17;36;-50
-17;36;-50
-30;36;-50
7;42;-47
7;42;-47
7;42;-47
7;42;-47
31;42;-47
31;32;-45
31;32;-45
31;32;-45
31;32;-45
4;32;-45
41;12;-42
41;12;-42
41;12;-42
41;12;-42
72;12;-42
34;-10;-43
34;-10;-43
34;-10;-43
34;-10;-43
13;-10;-43
13;-24;-44
13;-24;-44
13;-24;-44
13;-24;-44
25;-24;-44
-12;-22;-47
-12;-22;-47
-12;-22;-47
-12;-22;-47
-31;-22;-47
-31;-7;-50
-31;-7;-50
-31;-7;-50
-31;-7;-50
-36;-7;-50
-36;14;-48
-36;14;-48
-36;14;-48
-36;14;-48
-22;14;-48
-22;34;-48
-22;34;-48
-22;34;-48
-22;34;-48
-35;34;-48
2;39;-45
2;39;-45
2;39;-45
2;39;-45
27;39;-45
27;32;-42
27;32;-42
27;32;-42
27;32;-42
2;32;-42
40;12;-40
40;12;-40
40;12;-40
40;12;-40
73;12;-40
35;-10;-41
35;-10;-41
35;-10;-41
35;-10;-41
15;-24;-41
15;-24;-41
15;-24;-41
15;-24;-41
15;-24;-41
-9;-24;-41
-9;-24;-45
-9;-24;-45
-9;-24;-45
-9;-24;-45
-31;-11;-45
-31;-11;-46
-31;-11;-46
-31;-11;-46
-31;-11;-46
-36;-11;-46
-36;11;-49
-36;11;-49
-36;11;-49
-36;11;-49
-26;11;-49
-26;32;-48
-26;32;-48
-26;32;-48
-26;32;-48
-4;32;-48
-4;40;-45
-4;40;-45
-4;40;-45
-4;40;-45
-15;40;-45
22;35;-43
22;35;-43
22;35;-43
22;35;-43
1;35;-43
39;17;-41
39;17;-41
39;17;-41
39;17;-41
75;17;-41
37;-6;-39
37;-6;-39
37;-6;-39
37;-6;-39
20;-6;-39
20;-23;-42
20;-23;-42
20;-23;-42
20;-23;-42
32;-23;-42
-6;-27;-45
-6;-27;-45
-6;-27;-45
-6;-27;-45
-27;-27;-45
-27;-15;-46
-27;-15;-46
-27;-15;-46
-27;-15;-46
-36;-15;-46
-36;7;-49
-36;7;-49
-36;7;-49
-36;7;-49
-28;7;-49
-28;26;-48
-28;26;-48
-28;26;-48
-28;26;-48
-7;26;-48
-7;41;-47
-7;41;-47
-7;41;-47
-7;41;-47
-20;41;-47
18;36;-44
18;36;-44
18;36;-44
18;36;-44
37;36;-44
37;20;-41
37;20;-41
37;20;-41
37;20;-41
1;20;-41
38;-1;-41
38;-1;-41
38;-1;-41
38;-1;-41
24;-20;-42
24;-20;-42
24;-20;-42
24;-20;-42
24;-20;-42
0;-20;-42
0;-26;-44
0;-26;-44
0;-26;-44
0;-26;-44
-23;-17;-44
-23;-17;-47
-23;-17;-47
-23;-17;-47
-23;-17;-47
-36;-17;-47
-36;2;-47
-36;2;-47
-36;2;-47
-36;2;-47
-31;2;-47
-31;24;-48
-31;24;-48
-31;24;-48
-31;24;-48
-13;24;-48
-13;38;-47
-13;38;-47
-13;38;-47
-13;38;-47
-25;38;-47
13;38;-45
13;38;-45
13;38;-45
13;38;-45
33;38;-45
33;24;-42
33;24;-42
33;24;-42
33;24;-42
1;24;-42
38;3;-41
38;3;-41
38;3;-41
38;3;-41
65;3;-41
28;-16;-41
28;-16;-41
28;-16;-41
28;-16;-41
5;-16;-41
5;-26;-44
5;-26;-44
5;-26;-44
5;-26;-44
17;-26;-44
-21;-20;-47
-21;-20;-47
-21;-20;-47
-21;-20;-47
-34;-20;-47
-34;-3;-50
-34;-3;-50
-34;-3;-50
-34;-3;-50
-34;-3;-50
-34;19;-50
-34;19;-50
-34;19;-50
-34;19;-50
-17;19;-50
-17;37;-48
-17;37;-48
-17;37;-48
-17;37;-48
-31;37;-48
7;39;-46
7;39;-46
7;39;-46
7;39;-46
29;39;-46
29;28;-43
29;28;-43
29;28;-43
29;28;-43
1;28;-43
39;7;-42
39;7;-42
39;7;-42
39;7;-42
31;-13;-42
31;-13;-42
31;-13;-42
31;-13;-42
31;-13;-42
12;-25;-42
12;-25;-44
12;-25;-44
12;-25;-44
12;-25;-44
-13;-23;-44
-13;-23;-47
-13;-23;-47
-13;-23;-47
-13;-23;-47
-33;-23;-47
-33;-7;-50
-33;-7;-50
-33;-7;-50
-33;-7;-50
-35;-7;-50
-35;14;-50
-35;14;-50
-35;14;-50
-35;14;-50
-23;14;-50
-23;33;-48
-23;33;-48
-23;33;-48
-23;33;-48
-37;33;-48
1;41;-47
1;41;-47
1;41;-47
1;41;-47
24;41;-47
24;32;-43
24;32;-43
24;32;-43
24;32;-43
37;32;-43
37;15;-42
37;15;-42
37;15;-42
37;15;-42
34;15;-42
34;-9;-41
34;-9;-41
34;-9;-41
34;-9;-41
18;-9;-41
18;-23;-44
18;-23;-44
18;-23;-44
18;-23;-44
31;-23;-44
-6;-24;-47
-6;-24;-47
-6;-24;-47
-6;-24;-47
-29;-24;-47
-29;-12;-50
-29;-12;-50
-29;-12;-50
-29;-12;-50
-35;-12;-50
-35;8;-51
-35;8;-51
-35;8;-51
-35;8;-51
-28;8;-51
-28;28;-50
-28;28;-50
-28;28;-50
-28;28;-50
-5;28;-50
-5;39;-48
-5;39;-48
-5;39;-48
-5;39;-48
-18;39;-48
20;35;-46
20;35;-46
20;35;-46
20;35;-46
35;35;-46
35;19;-44
35;19;-44
35;19;-44
35;19;-44
38;-1;-43
38;-1;-43
38;-1;-43
38;-1;-43
38;-1;-43
62;-1;-43
24;-17;-46
24;-17;-46
24;-17;-46
24;-17;-46
0;-24;-46
0;-24;-47
0;-24;-47
0;-24;-47
0;-24;-47
-23;-24;-47
-23;-16;-52
-23;-16;-52
-23;-16;-52
-23;-16;-52
-36;-16;-52
-36;3;-54
-36;3;-54
-36;3;-54
-36;3;-54
-30;3;-54
-30;26;-53
-30;26;-53
-30;26;-53
-30;26;-53
-30;26;-53
-30;26;-53
-30;26;-53
-30;26;-53
-30;26;-53
-30;26;-53
-30;26;-53
-30;26;-53
-30;26;-53
-30;26;-53
-30;26;-53
-30;26;-53
-30;26;-53
-30;26;-53
-30;26;-53
-30;26;-53
-30;26;-53
-30;26;-53
-30;26;-53
-30;26;-53
-30;26;-53
-30;26;-53
-30;26;-53
-30;26;-53
-30;26;-53
-30;26;-53
-30;26;-53
-30;26;-53
-30;26;-53
-30;26;-53
-30;26;-53
-17;26;-53
-17;-20;-51
-17;-20;-51
-17;-20;-51
-17;-20;-51
-33;-20;-51
-33;-3;-52
-33;-3;-52
-33;-3;-52
-33;-3;-52
-33;-3;-52
-33;20;-53
-33;20;-53
-33;20;-53
-33;20;-53
-15;20;-53
-15;37;-53
-15;37;-53
-15;37;-53
-15;37;-53
-30;37;-53
8;41;-50
8;41;-50
8;41;-50
8;41;-50
29;41;-50
29;30;-48
29;30;-48
29;30;-48
29;30;-48
1;30;-48
39;10;-48
39;10;-48
39;10;-48
39;10;-48
71;10;-48
34;-9;-45
34;-9;-45
34;-9;-45
34;-9;-45
15;-9;-45
15;-22;-49
15;-22;-49
15;-22;-49
15;-22;-49
-10;-21;-51
-10;-21;-51
-10;-21;-51
-10;-21;-51
-10;-21;-51
-30;-7;-51
-30;-7;-53
-30;-7;-53
-30;-7;-53
-30;-7;-53
-32;14;-54
-32;14;-54
-32;14;-54
-32;14;-54
-32;14;-54
-22;14;-54
-22;33;-54
-22;33;-54
-22;33;-54
-22;33;-54
-1;33;-54
-1;42;-52
-1;42;-52
-1;42;-52
-1;42;-52
-13;42;-52
24;37;-49
24;37;-49
24;37;-49
24;37;-49
37;37;-49
37;18;-48
37;18;-48
37;18;-48
37;18;-48
37;18;-48
37;-2;-47
37;-2;-47
37;-2;-47
37;-2;-47
23;-2;-47
23;-19;-47
23;-19;-47
23;-19;-47
23;-19;-47
34;-19;-47
-3;-24;-50
-3;-24;-50
-3;-24;-50
-3;-24;-50
-23;-24;-50
-23;-13;-52
-23;-13;-52
-23;-13;-52
-23;-13;-52
-34;-13;-52
-34;7;-54
-34;7;-54
-34;7;-54
-34;7;-54
-28;7;-54
-28;28;-54
-28;28;-54
-28;28;-54
-28;28;-54
-8;28;-54
-8;41;-53
-8;41;-53
-8;41;-53
-8;41;-53
-21;41;-53
16;39;-50
16;39;-50
16;39;-50
16;39;-50
34;39;-50
34;24;-47
34;24;-47
34;24;-47
34;24;-47
1;24;-47
39;3;-46
39;3;-46
39;3;-46
39;3;-46
66;3;-46
28;-15;-48
28;-15;-48
28;-15;-48
28;-15;-48
6;-23;-49
6;-23;-49
6;-23;-49
6;-23;-49
6;-23;-49
-19;-18;-49
-19;-18;-53
-19;-18;-53
-19;-18;-53
-19;-18;-53
-32;-37;-53
-32;0;-56
-32;0;-56
-32;0;-56
-32;0;-56
-31;0;-56
-31;21;-56
-31;21;-56
-31;21;-56
-31;21;-56
-15;21;-56
-15;37;-54
-15;37;-54
-15;37;-54
-29;37;-54
8;41;-51
8;41;-51
8;41;-51
8;41;-51
31;41;-51
31;31;-49
31;31;-49
31;31;-49
31;31;-49
1;31;-49
38;11;-49
38;11;-49
38;11;-49
38;11;-49
71;11;-49
34;-10;-48
34;-10;-48
34;-10;-48
34;-10;-48
13;-10;-48
13;-22;-50
13;-22;-50
13;-22;-50
13;-22;-50
27;-22;-50
-10;-20;-53
-10;-20;-53
-10;-20;-53
-10;-20;-53
-29;-20;-53
-29;-6;-55
-29;-6;-55
-29;-6;-55
-29;-6;-55
-33;-6;-55
-33;15;-57
-33;15;-57
-33;15;-57
-33;15;-57
-21;15;-57
-21;32;-56
-21;32;-56
-21;32;-56
-21;32;-56
-37;32;-56
0;41;-53
0;41;-53
0;41;-53
0;41;-53
23;41;-53
23;35;-53
23;35;-53
23;35;-53
23;35;-53
37;35;-53
37;19;-51
37;19;-51
37;19;-51
37;19;-51
37;19;-51
37;-2;-50
37;-2;-50
37;-2;-50
37;-2;-50
21;-17;-51
21;-17;-51
21;-17;-51
21;-17;-51
21;-17;-51
-1;-21;-51
-1;-21;-53
-1;-21;-53
-1;-21;-53
-1;-21;-53
-23;-13;-53
-23;-13;-56
-23;-13;-56
-23;-13;-56
-23;-13;-56
-32;-13;-56
-32;7;-58
-32;7;-58
-32;7;-58
-32;7;-58
-26;7;-58
-26;26;-59
-26;26;-59
-26;26;-59
-26;26;-59
-9;26;-59
-9;39;-56
-9;39;-56
-9;39;-56
-9;39;-56
-23;39;-56
14;37;-54
14;37;-54
14;37;-54
14;37;-54
33;37;-54
33;24;-55
33;24;-55
33;24;-55
33;24;-55
36;24;-55
36;5;-51
36;5;-51
36;5;-51
36;5;-51
28;5;-51
28;-12;-53
28;-12;-53
28;-12;-53
28;-12;-53
8;-12;-53
8;-20;-55
8;-20;-55
8;-20;-55
8;-20;-55
23;-20;-55
-15;-16;-57
-15;-16;-57
-15;-16;-57
-15;-16;-57
-29;-16;-57
-29;-1;-60
-29;-1;-60
-29;-1;-60
-29;-1;-60
-29;-1;-60
-29;18;-60
-29;18;-60
-29;18;-60
-29;18;-60
-14;18;-60
-14;33;-60
-14;33;-60
-14;33;-60
-14;33;-60
-32;33;-60
6;39;-58
6;39;-58
6;39;-58
6;39;-58
25;39;-58
25;32;-56
25;32;-56
25;32;-56
25;32;-56
35;32;-56
35;14;-54
35;14;-54
35;14;-54
35;14;-54
31;-5;-55
31;-5;-55
31;-5;-55
31;-5;-55
31;-5;-55
16;-19;-55
16;-19;-56
16;-19;-56
16;-19;-56
16;-19;-56
33;-19;-56
-4;-21;-57
-4;-21;-57
-4;-21;-57
-4;-21;-57
-17;-21;-57
-17;-9;-63
-17;-9;-63
-17;-9;-63
-17;-9;-63
-20;-9;-63
-20;-2;-56
-20;-2;-56
-20;-2;-56
-20;-2;-56
-18;-2;-56
-18;-10;-64
-18;-10;-64
-18;-10;-64
-18;-10;-64
-14;-10;-64
-14;-8;-63
-14;-8;-63
-14;-8;-63
-14;-8;-63
-12;-8;-63
-12;-8;-64
-12;-8;-64
-12;-8;-64
-12;-8;-64
-11;-8;-64
-11;-8;-65
-11;-8;-65
-11;-8;-65
-11;-8;-65
-11;-8;-65
-11;-7;-67
-11;-7;-67
-11;-7;-67
-11;-7;-67
-10;-7;-67
-10;-6;-66
-10;-6;-66
-10;-6;-66
-10;-6;-66
-9;-6;-66
-9;-7;-67
-9;-7;-67
-9;-7;-67
-9;-7;-67
-7;-7;-67
-7;-6;-66
-7;-6;-66
-7;-6;-66
-7;-6;-66
-7;-6;-66
-7;-6;-66
-7;-6;-66
-7;-6;-66
-7;-6;-66
-7;-6;-66
-7;-6;-66
-7;-6;-66
-7;-6;-66
-7;-6;-66
-7;-6;-66
-7;-6;-66
-7;-6;-66
-7;-6;-66
-7;-6;-66
-7;-6;-66
-7;-6;-66
-7;-6;-66
-7;-6;-66
-7;-6;-66
-7;-6;-66
-7;-6;-66
-7;-6;-66
-7;-6;-66
-7;-6;-66
-7;-6;-66
-7;-6;-66
-7;-6;-66
-7;-6;-66
-7;-6;-66
-1;-6;-66
-1;-4;-71
-1;-4;-71
-1;-4;-71
-1;-4;-71
-37;-4;-71
0;-3;-70
0;-3;-70
0;-3;-70
0;-3;-70
1;-5;-71
1;-5;-71
1;-5;-71
1;-5;-71
1;-5;-71
1;-2;-71
1;-2;-71
1;-2;-71
1;-2;-71
1;-2;-71
1;-2;-71
1;-3;-72
1;-3;-72
1;-3;-72
1;-3;-72
1;-3;-72
1;-3;-71
1;-3;-71
1;-3;-71
1;-3;-71
0;-3;-71
0;-1;-72
0;-1;-72
0;-1;-72
0;-1;-72
37;-1;-72
0;-1;-72
0;-1;-72
0;-1;-72
0;-1;-72
-37;-1;-72
0;-2;-72
0;-2;-72
0;-2;-72
0;-2;-72
37;-2;-72
-1;-1;-71
-1;-1;-71
-1;-1;-71
-1;-1;-71
0;-1;-71
0;-2;-72
0;-2;-72
0;-2;-72
0;-2;-72
0;-2;-72
0;-3;-74
0;-3;-74
0;-3;-74
0;-3;-74
-1;-3;-74
-1;-1;-72
-1;-1;-72
-1;-1;-72
-1;-1;-72
0;-1;-72
0;-2;-70
0;-2;-70
0;-2;-70
0;-2;-70
-1;-2;-70
-1;0;-71
-1;0;-71
-1;0;-71
-1;0;-71
-2;0;-71
-2;-2;-73
-2;-2;-73
-2;-2;-73
-2;-2;-73
-1;-2;-73
-1;-3;-72
-1;-3;-72
-1;-3;-72
-1;-3;-72
-2;-3;-72
-2;-3;-72
-2;-3;-72
-2;-3;-72
-2;-3;-72
-3;-3;-72
-3;-4;-70
-3;-4;-70
-3;-4;-70
-3;-4;-70
-3;-3;-71
-3;-3;-71
-3;-3;-71
-3;-3;-71
-3;-3;-71
-3;-3;-72
-3;-3;-72
-3;-3;-72
-3;-3;-72
-3;-3;-72
-3;-3;-72
-3;-4;-70
-3;-4;-70
-3;-4;-70
-3;-4;-70
-3;-4;-70
-3;-4;-70
-3;-4;-70
-3;-4;-70
-3;-4;-70
-3;-4;-70
-3;-4;-71
-3;-4;-71
-3;-4;-71
-3;-4;-71
-4;-4;-71
-4;-4;-70
-4;-4;-70
-4;-4;-70
-4;-4;-70
-5;-4;-70
-5;-5;-71
-5;-5;-71
-5;-5;-71
-5;-5;-71
-5;-5;-71
-5;-5;-71
-5;-5;-71
-5;-5;-71
-5;-5;-71
-4;-5;-71
-4;-3;-70
-4;-3;-70
-4;-3;-70
-4;-3;-70
-4;-3;-70
-4;-2;-70
-4;-2;-70
-4;-2;-70
-4;-2;-70
-5;-2;-70
-5;-2;-71
-5;-2;-71
-5;-2;-71
-5;-2;-71
-5;-2;-71
-5;-2;-71
-5;-2;-71
-5;-2;-71
-5;-2;-71
-5;-2;-71
-5;-3;-71
-5;-3;-71
-5;-3;-71
-5;-3;-71
-5;-3;-71
-5;-4;-71
-5;-4;-71
-5;-4;-71
-5;-4;-71
-5;-4;-71
-5;-2;-70
-5;-2;-70
-5;-2;-70
-5;-2;-70
-5;-2;-70
-5;-2;-71
-5;-2;-71
-5;-2;-71
-5;-2;-71
-6;-2;-71
-6;-2;-70
-6;-2;-70
-6;-2;-70
-6;-2;-70
-7;-2;-70
-7;-2;-69
-7;-2;-69
-7;-2;-69
-7;-2;-69
-7;-2;-70
-7;-2;-70
-7;-2;-70
-7;-2;-70
-7;-2;-70
-6;-2;-70
-6;-2;-71
-6;-2;-71
-6;-2;-71
-6;-2;-71
-8;-1;-71
-8;-1;-71
-8;-1;-71
-8;-1;-71
-8;-1;-71
-7;-1;-71
-7;-1;-70
-7;-1;-70
-7;-1;-70
-7;-1;-70
-8;-1;-70
-8;-2;-70
-8;-2;-70
-8;-2;-70
-8;-2;-70
-7;-2;-70
-7;1;-70
-7;1;-70
-7;1;-70
-7;1;-70
-7;1;-70
-7;0;-69
-7;0;-69
-7;0;-69
-7;0;-69
-8;0;-69
-8;0;-69
-8;0;-69
-8;0;-69
-8;0;-69
-7;0;-69
-7;-2;-70
-7;-2;-70
-7;-2;-70
-7;-2;-70
-7;-2;-70
-7;-1;-71
-7;-1;-71
-7;-1;-71
-7;-1;-71
-9;-1;-71
-9;-1;-69
-9;-1;-69
-9;-1;-69
-9;-1;-69
-8;-1;-69
-8;-1;-69
-8;-1;-69
-8;-1;-69
-8;-1;-69
-9;-1;-69
-9;-2;-69
-9;-2;-69
-9;-2;-69
-9;-2;-69
-8;-2;-69
-8;-1;-69
-8;-1;-69
-8;-1;-69
-8;-1;-69
-8;-1;-69
-8;-2;-70
-8;-2;-70
-8;-2;-70
-8;-2;-70
-9;-2;-70
-9;-3;-69
-9;-3;-69
-9;-3;-69
-9;-3;-69
-8;-3;-69
-8;-2;-71
-8;-2;-71
-8;-2;-71
-8;-2;-71
-9;-2;-71
-9;-1;-70
-9;-1;-70
-9;-1;-70
-9;-1;-70
-10;-2;-69
-10;-2;-69
-10;-2;-69
-10;-2;-69
-10;-2;-69
-8;-3;-69
-8;-3;-69
-8;-3;-69
-8;-3;-69
-8;-3;-69
-9;-2;-69
-9;-2;-70
-9;-2;-70
-9;-2;-70
-9;-2;-70
-10;-2;-70
-10;-1;-69
-10;-1;-69
-10;-1;-69
-10;-1;-69
-10;-1;-69
-10;-2;-69
-10;-2;-69
-10;-2;-69
-10;-2;-69
-12;-2;-69
-12;-2;-68
-12;-2;-68
-12;-2;-68
-12;-2;-68
-11;-2;-68
-11;-1;-68
-11;-1;-68
-11;-1;-68
-11;-1;-68
-12;-1;-68
-12;-2;-68
-12;-2;-68
-12;-2;-68
-12;-2;-68
-12;-2;-68
-12;-3;-68
-12;-3;-68
-12;-3;-68
-12;-3;-68
-12;-3;-68
-12;-2;-67
-12;-2;-67
-12;-2;-67
-12;-2;-67
-12;-2;-67
-12;-1;-67
-12;-1;-67
-12;-1;-67
-12;-1;-67
-13;-1;-67
-13;-2;-67
-13;-2;-67
-13;-2;-67
-13;-2;-67
-13;-2;-67
-13;-3;-67
-13;-3;-67
-13;-3;-67
-13;-3;-67
-12;-3;-67
-12;-1;-68
-12;-1;-68
-12;-1;-68
-12;-1;-68
-15;-1;-68
-15;-2;-67
-15;-2;-67
-15;-2;-67
-15;-2;-67
-13;-2;-67
-13;-1;-67
-13;-1;-67
-13;-1;-67
-13;-1;-67
-12;-1;-67
-12;-1;-68
-12;-1;-68
-12;-1;-68
-12;-1;-68
-14;-1;-68
-14;-1;-67
-14;-1;-67
-14;-1;-67
-14;-1;-67
-14;-2;-68
-14;-2;-68
-14;-2;-68
-14;-2;-68
-14;-2;-68
-14;-2;-68
-14;-1;-66
-14;-1;-66
-14;-1;-66
-14;-1;-66
-13;-1;-66
-13;-1;-66
-13;-1;-66
-13;-1;-66
-13;-1;-66
-14;-1;-66
-14;-2;-66
-14;-2;-66
-14;-2;-66
-14;-2;-66
-14;-2;-66
-14;-1;-67
-14;-1;-67
-14;-1;-67
-14;-1;-67
-13;-1;-67
-13;-2;-66
-13;-2;-66
-13;-2;-66
-13;-2;-66
-14;-2;-66
-14;-3;-67
-14;-3;-67
-14;-3;-67
-14;-3;-67
-15;-3;-67
-15;-1;-67
-15;-1;-67
-15;-1;-67
-15;-1;-67
-15;-1;-67
-15;-2;-67
-15;-2;-67
-15;-2;-67
-15;-2;-67
-14;-2;-67
-14;-2;-67
-14;-2;-67
-14;-2;-67
-14;-2;-67
-14;-2;-67
-14;-2;-67
-14;-2;-67
-14;-2;-67
-14;-2;-67
-15;-2;-67
-15;-2;-66
-15;-2;-66
-15;-2;-66
-15;-2;-66
-13;-2;-66
-13;-1;-67
-13;-1;-67
-13;-1;-67
-13;-1;-67
-15;-1;-67
-15;-2;-66
-15;-2;-66
-15;-2;-66
-15;-2;-66
-15;-2;-66
-15;-1;-67
-15;-1;-67
-15;-1;-67
-15;-1;-67
-13;-1;-67
-13;-1;-67
-13;-1;-67
-13;-1;-67
-13;-1;-67
-14;-1;-67
-14;-1;-66
-14;-1;-66
-14;-1;-66
-14;-1;-66
-14;-1;-66
-14;-1;-66
-14;-1;-66
-14;-1;-66
-14;-1;-66
-14;-1;-66
-14;-1;-66
-14;-1;-66
-14;-1;-66
-14;-1;-66
-14;-1;-66
-14;-1;-66
-14;-1;-66
-14;-1;-66
-14;-1;-66
-14;-1;-66
-14;-1;-66
-14;-1;-66
-14;-1;-66
-14;-1;-66
-14;-1;-66
-14;-1;-66
-14;-1;-66
-14;-1;-66
-14;-1;-66
-14;-1;-66
-14;-1;-66
-14;-1;-67
-14;-1;-67
-14;-1;-67
-14;-1;-67
-14;-2;-67
-14;-2;-67
-14;-2;-67
-14;-2;-67
-14;-2;-67
-14;-2;-67
-14;-2;-68
-14;-2;-68
-14;-2;-68
-14;-2;-68
-15;-2;-68
-15;-2;-67
-15;-2;-67
-15;-2;-67
-15;-2;-67
-15;-2;-67
-15;0;-67
-15;0;-67
-15;0;-67
-15;0;-67
-14;0;-67
-14;-1;-67
-14;-1;-67
-14;-1;-67
-14;-1;-67
-13;-1;-67
-13;0;-67
-13;0;-67
-13;0;-67
-13;0;-67
-14;0;-67
-14;-1;-67
-14;-1;-67
-14;-1;-67
-14;-1;-67
-15;-1;-67
-15;-1;-67
-15;-1;-67
-15;-1;-67
-15;-1;-67
-13;-1;-67
-13;0;-67
-13;0;-67
-13;0;-67
-13;0;-67
-14;0;-67
-14;-2;-67
-14;-2;-67
-14;-2;-67
-14;-2;-67
-14;-2;-67
-14;0;-66
-14;0;-66
-14;0;-66
-14;0;-66
-15;0;-66
-15;-1;-68
-15;-1;-68
-15;-1;-68
-15;-1;-68
-15;-1;-68
-15;-2;-67
-15;-2;-67
-15;-2;-67
-15;-2;-67
-13;-2;-67
-13;0;-67
-13;0;-67
-13;0;-67
-13;0;-67
-15;0;-67
-15;-1;-67
-15;-1;-67
-15;-1;-67
-15;-1;-67
-14;-1;-67
-14;-1;-68
-14;-1;-68
-14;-1;-68
-14;-1;-68
-14;-1;-66
-14;-1;-66
-14;-1;-66
-14;-1;-66
-14;-1;-66
-14;-1;-66
-14;-1;-66
-14;-1;-66
-14;-1;-66
-14;-1;-66
-14;-1;-66
-14;-1;-66
-14;-1;-66
-14;-1;-66
-14;-1;-66
-14;-1;-66
-14;-2;-68
-14;-2;-68
-14;-2;-68
-14;-2;-68
-13;-2;-68
-13;-1;-67
-13;-1;-67
-13;-1;-67
-13;-1;-67
-13;-1;-67
-13;-2;-66
-13;-2;-66
-13;-2;-66
-13;-2;-66
-13;-2;-66
-13;-2;-67
-13;-2;-67
-13;-2;-67
-13;-2;-67
-14;-2;-67
-14;-2;-67
-14;-2;-67
-14;-2;-67
-14;-2;-67
-14;-2;-67
-14;-1;-67
-14;-1;-67
-14;-1;-67
-14;-1;-67
-14;-1;-67
-14;-1;-67
-14;-1;-67
-14;-1;-67
-14;-1;-67
-15;-1;-67
-15;-2;-67
-15;-2;-67
-15;-2;-67
-15;-2;-67
-14;-2;-67
-14;0;-67
-14;0;-67
-14;0;-67
-14;0;-67
-14;0;-67
-14;-1;-68
-14;-1;-68
-14;-1;-68
-14;-1;-68
-13;-1;-68
-13;-1;-68
-13;-1;-68
-13;-1;-68
-13;-1;-68
-14;-1;-68
-14;-1;-66
-14;-1;-66
-14;-1;-66
-14;-1;-66
-14;-1;-66
-14;0;-67
-14;0;-67
-14;0;-67
-14;0;-67
-14;0;-67
-14;-2;-66
-14;-2;-66
-14;-2;-66
-14;-2;-66
-14;-2;-66
-14;0;-67
-14;0;-67
-14;0;-67
-14;0;-67
-14;-1;-67
-14;-1;-67
-14;-1;-67
-14;-1;-67
-14;-1;-67
-13;-1;-67
-13;-1;-68
-13;-1;-68
-13;-1;-68
-13;-1;-68
-13;-2;-68
-13;-2;-68
-13;-2;-68
-13;-2;-68
-13;-2;-68
-13;-2;-68
-13;-2;-68
-13;-2;-68
-13;-2;-68
-13;-2;-68
-13;-2;-68
-13;0;-67
-13;0;-67
-13;0;-67
-13;0;-67
-14;0;-67
-14;-2;-68
-14;-2;-68
-14;-2;-68
-14;-2;-68
-14;-2;-68
-14;-1;-67
-14;-1;-67
-14;-1;-67
-14;-1;-67
-15;-1;-67
-15;-1;-68
-15;-1;-68
-15;-1;-68
-14;-1;-68
-14;-1;-67
-14;-1;-67
-14;-1;-67
-14;-1;-67
-14;-1;-67
-14;-1;-68
-14;-1;-68
-14;-1;-68
-14;-1;-68
-13;-1;-68
-13;-2;-69
-13;-2;-69
-13;-2;-69
-13;-2;-69
-14;-2;-69
-14;-1;-67
-14;-1;-67
-14;-1;-67
-14;-1;-67
-14;-1;-67
-14;-1;-67
-14;-1;-67
-14;-1;-67
