0.0335120894014835,-0.156499087810516,-0.0123045863583684
0.0943014472723007,-0.311339199542999,0.0504744946956635
0.181299090385437,-0.480980575084686,0.178614437580109
0.187288090586662,-0.602479338645935,0.259083300828934
0.0909451469779015,-0.687334775924683,0.338384211063385
-0.011949229054153,-0.807418406009674,0.422242075204849
-0.12730285525322,-0.936971485614777,0.562502145767212
-0.186821952462196,-1.04875779151917,0.627232909202576
-0.123048864305019,-1.15350365638733,0.699917852878571
-0.0704999715089798,-1.22010064125061,0.788645327091217
-0.0654018521308899,-1.3608193397522,0.829890310764313
0.0446415357291698,-1.5562207698822,0.883089661598206
0.150034055113792,-1.73985683917999,0.932256817817688
0.210534811019897,-1.89474010467529,0.962433993816376
0.297545582056046,-2.0644097328186,0.998783528804779
0.432577133178711,-2.24124693870544,1.00572180747986
0.524244010448456,-2.40685248374939,1.02663910388947
0.604211747646332,-2.5922486782074,1.05659246444702
0.700046122074127,-2.76866745948792,1.08635246753693
0.787365674972534,-2.9621148109436,1.10451292991638
0.892602503299713,-3.12085556983948,1.12140965461731
0.994894564151764,-3.26689767837524,1.14133584499359
1.09995603561401,-3.46866178512573,1.15210330486298
1.21283066272736,-3.65457701683044,1.17311978340149
1.33329772949219,-3.81860136985779,1.1674439907074
1.52045786380768,-3.96583437919617,1.15800666809082
1.74715340137482,-4.07004976272583,1.17253279685974
1.95404207706451,-4.18139219284058,1.16220104694366
2.18909096717834,-4.30029153823853,1.20507538318634
2.33873963356018,-4.42807579040527,1.29331338405609
2.36285471916199,-4.5487208366394,1.41612565517426
2.32374024391174,-4.59274625778198,1.498375415802
2.27812337875366,-4.81590509414673,1.47675085067749
2.4704430103302,-4.91491270065308,1.46923398971558
2.63379716873169,-5.09389495849609,1.49254870414734
2.92142128944397,-5.26066589355469,1.51358079910278
3.09409928321838,-5.22319793701172,1.5354015827179
3.09070587158203,-5.35415744781494,1.54571163654327
3.12558937072754,-5.35353231430054,1.58006727695465
2.83999609947205,-5.27983474731445,1.57335555553436
2.54682445526123,-5.31250762939453,1.57660317420959
2.25574064254761,-5.23920059204102,1.5775249004364
1.83320045471191,-5.13099241256714,1.58365714550018
1.59387922286987,-5.03114318847656,1.57847499847412
1.4691174030304,-4.95522022247314,1.51773810386658
1.42848598957062,-5.06302499771118,1.48349487781525
1.46975493431091,-5.19873809814453,1.45412576198578
1.58114778995514,-5.43797445297241,1.39252924919128
1.83954250812531,-5.62912034988403,1.38587129116058
1.95055747032166,-5.78305244445801,1.3457944393158
2.11221647262573,-6.10995149612427,1.42287170886993
2.47725319862366,-6.45493841171265,1.47620809078217
2.88434600830078,-6.72885370254517,1.44888758659363
3.02989459037781,-6.90381860733032,1.46769452095032
3.02385878562927,-6.98898077011108,1.48933482170105
2.95300769805908,-6.87888717651367,1.5356537103653
2.7929630279541,-6.72317266464233,1.52870166301727
2.74883818626404,-6.71142101287842,1.47947561740875
2.93697834014893,-6.79145240783691,1.34113729000092
3.04190254211426,-6.85829782485962,1.29123902320862
3.26944804191589,-7.01850605010986,1.29578828811646
3.50838589668274,-7.15502071380615,1.24978959560394
3.56076264381409,-7.24622392654419,1.19761717319489
3.60390090942383,-7.26511287689209,1.1473023891449
3.59481406211853,-7.31727266311646,1.07908129692078
3.70448350906372,-7.64972543716431,0.948991656303406
3.97833943367004,-8.27586269378662,0.647383809089661
4.25073289871216,-8.75702285766602,0.204250320792198
4.59153604507446,-9.06957817077637,-0.334424525499344
4.8707332611084,-9.55038547515869,-0.719601571559906
5.05734777450562,-10.0305366516113,-0.984355390071869
5.30483198165894,-10.2202911376953,-1.38449060916901
5.39147567749023,-9.95458126068115,-1.99950897693634
5.22753143310547,-9.75138473510742,-2.5440468788147
5.12312173843384,-9.5152759552002,-2.84739780426025
4.7016339302063,-8.89586448669434,-3.25206160545349
4.15858936309814,-8.48501491546631,-3.72548389434814
3.69481587409973,-8.34903526306152,-4.07233381271362
3.06130456924438,-8.02058696746826,-4.50859546661377
2.3576238155365,-7.69987678527832,-5.04765129089355
1.70918643474579,-7.47763109207153,-5.53394985198975
1.05502152442932,-7.043869972229,-6.12600421905518
0.142670840024948,-6.45677900314331,-6.77679538726807
-0.914266526699066,-5.96739768981934,-7.45002603530884
-1.92966556549072,-5.42915773391724,-8.01379680633545
-3.01927304267883,-4.91745328903198,-8.49289989471436
-3.77994561195374,-4.7412805557251,-8.83259391784668
-4.07694149017334,-4.65779399871826,-9.00544548034668
-4.38413715362549,-4.4922399520874,-9.19437122344971
-4.82150745391846,-4.30676937103271,-9.39613819122314
-4.99125289916992,-4.07855939865112,-9.59531307220459
-4.99015188217163,-3.76172018051147,-9.86504077911377
-5.08792591094971,-3.47637033462524,-10.1775436401367
-5.16831636428833,-3.273517370224,-10.4297018051147
-5.21094655990601,-3.2031135559082,-10.6224527359009
-5.17935371398926,-3.18939757347107,-10.7493286132813
-5.20954179763794,-3.28468441963196,-10.8125123977661
-5.17054176330566,-3.43354105949402,-10.8614721298218
-5.05515813827515,-3.59513854980469,-10.8704814910889
-4.95620727539063,-3.80481266975403,-10.853946685791
-4.8216495513916,-3.99362087249756,-10.8443212509155
-4.60978984832764,-4.18919038772583,-10.8947553634644
-4.30050992965698,-4.47403192520142,-10.8450870513916
-3.95097088813782,-4.65671539306641,-10.8475923538208
-3.77784752845764,-4.84233427047729,-10.9011335372925
-3.47624158859253,-5.13908624649048,-10.8388090133667
-3.02125597000122,-5.42954254150391,-10.732138633728
-2.73636555671692,-5.7364501953125,-10.6181669235229
-2.37621331214905,-6.08437204360962,-10.5311880111694
-1.88951516151428,-6.39458084106445,-10.4052295684814
-1.56180429458618,-6.56894874572754,-10.3852996826172
-1.44216096401215,-6.74532556533813,-10.3852787017822
-1.31199157238007,-6.89437198638916,-10.3284168243408
-1.20062696933746,-7.05991172790527,-10.2955465316772
-1.11845934391022,-7.23891496658325,-10.2417507171631
-0.991987466812134,-7.40481281280518,-10.2153263092041
-0.81637042760849,-7.58306169509888,-10.1645488739014
-0.64713978767395,-7.71526527404785,-10.0895318984985
-0.47991868853569,-7.80084848403931,-10.0557374954224
-0.330870658159256,-8.00019359588623,-9.9410982131958
-0.110386230051517,-8.1299934387207,-9.81000900268555
-0.0619682967662811,-8.2545223236084,-9.63578319549561
0.0753927454352379,-8.37344360351563,-9.51087188720703
0.354961156845093,-8.43715667724609,-9.41587448120117
0.479968786239624,-8.53641414642334,-9.30606555938721
0.516359269618988,-8.59988975524902,-9.16282176971436
0.589730262756348,-8.60168361663818,-9.03527641296387
0.784464001655579,-8.58965682983398,-8.9772777557373
1.09238386154175,-8.52132987976074,-8.97174263000488
1.25896692276001,-8.49208164215088,-8.97782325744629
1.32293927669525,-8.52515125274658,-8.95058727264404
1.47660481929779,-8.48445606231689,-8.96294784545898
1.6214873790741,-8.49222660064697,-9.01077365875244
1.75006532669067,-8.48428916931152,-8.94883823394775
1.91222751140594,-8.39760589599609,-8.9677848815918
2.01689434051514,-8.42858982086182,-8.99788188934326
2.13734602928162,-8.49922180175781,-8.90038013458252
2.22881531715393,-8.62124061584473,-8.83871555328369
2.39602470397949,-8.69084548950195,-8.86505699157715
2.6311731338501,-8.75323486328125,-8.89646530151367
2.86966395378113,-8.91230010986328,-8.84352493286133
3.02109885215759,-9.12897205352783,-8.79794216156006
3.27897357940674,-9.23507308959961,-8.85800075531006
3.52859354019165,-9.30894374847412,-8.83476257324219
3.85958218574524,-9.29509830474854,-8.86575317382813
4.1187629699707,-9.32047653198242,-8.87691020965576
4.1581015586853,-9.48627853393555,-8.75956726074219
4.20584154129028,-9.66447639465332,-8.66112518310547
4.33744812011719,-9.80933380126953,-8.6472282409668
4.50645208358765,-9.92184162139893,-8.65769863128662
4.69095039367676,-9.97411727905273,-8.67290782928467
4.81651496887207,-10.0513925552368,-8.69211769104004
4.99770164489746,-10.1348514556885,-8.7224292755127
5.14531135559082,-10.1881713867188,-8.76010417938232
5.2986011505127,-10.2189426422119,-8.76972484588623
5.4138503074646,-10.2820816040039,-8.79916477203369
5.51319789886475,-10.4101085662842,-8.78452110290527
5.59805154800415,-10.442419052124,-8.78740119934082
5.62579727172852,-10.5192947387695,-8.73522281646729
5.70893335342407,-10.6888074874878,-8.67771625518799
5.78613519668579,-10.7420587539673,-8.73813629150391
5.7779221534729,-10.893406867981,-8.7218542098999
5.83196973800659,-11.1731033325195,-8.656813621521
5.90867233276367,-11.3154649734497,-8.59325408935547
6.01328945159912,-11.5043544769287,-8.60018920898438
6.17743444442749,-11.7012729644775,-8.62753486633301
6.2835865020752,-11.9472827911377,-8.6302433013916
6.47488737106323,-12.2089719772339,-8.66741561889648
6.64026021957397,-12.4252252578735,-8.77245426177979
6.96959972381592,-12.7798137664795,-8.95306968688965
7.43552350997925,-13.4556407928467,-9.15676116943359
8.11624336242676,-14.2128801345825,-9.27555179595947
8.7865047454834,-14.6611595153809,-9.68430995941162
9.29466342926025,-15.2823343276978,-10.2230968475342
10.1226654052734,-16.6860504150391,-10.273380279541
11.5870656967163,-18.6997127532959,-10.0492324829102
13.9774417877197,-20.5069122314453,-10.1463861465454
16.353551864624,-22.0590209960938,-10.3835334777832
18.6213531494141,-23.7589073181152,-10.7671871185303
21.0961437225342,-25.6162357330322,-11.3795652389526
23.5878086090088,-27.5089645385742,-12.0372562408447
25.9420604705811,-29.7029209136963,-12.6638708114624
28.1711540222168,-31.9954013824463,-13.2741765975952
30.0922946929932,-34.1533546447754,-13.6949501037598
31.6114044189453,-36.3170852661133,-13.8812713623047
32.9306297302246,-38.595085144043,-14.0815801620483
33.9166564941406,-40.7647819519043,-14.1619634628296
34.2131309509277,-42.6096420288086,-13.913384437561
34.240478515625,-44.3299751281738,-13.5504016876221
34.3516693115234,-45.8293647766113,-13.0877771377563
34.3262519836426,-47.1883850097656,-12.4364833831787
34.2527275085449,-48.5488166809082,-11.839147567749
34.4910583496094,-50.1979560852051,-11.3732566833496
34.2161865234375,-52.3896026611328,-10.1358671188354
34.4011039733887,-54.9629554748535,-9.48968601226807
35.1341743469238,-56.5761604309082,-8.75927829742432
35.7273712158203,-57.806209564209,-7.55466079711914
35.9289436340332,-59.8714141845703,-6.91814088821411
34.4779930114746,-62.6198348999023,-5.5911750793457
32.7487678527832,-66.4323196411133,-4.31565237045288
31.793586730957,-69.7566375732422,-2.94550085067749
31.0282325744629,-73.0748825073242,-2.08247494697571
30.6626300811768,-77.0557098388672,-2.02293348312378
30.9320545196533,-80.4147491455078,-2.2746889591217
31.4034328460693,-83.7100524902344,-2.88731932640076
30.6061687469482,-84.9310989379883,-1.91171586513519
28.7315788269043,-85.7321166992188,-0.332969039678574
27.1650466918945,-88.2018051147461,1.00891101360321
25.5155811309814,-90.0212097167969,2.92492318153381
24.0784339904785,-91.2532577514648,4.13976669311523
23.0290489196777,-92.628776550293,4.88409423828125
22.1256313323975,-95.3005142211914,5.53673410415649
20.9324188232422,-98.9427795410156,6.90097904205322
19.6587505340576,-102.313438415527,8.43959045410156
17.8401260375977,-106.061965942383,10.00732421875
15.8167123794556,-109.448455810547,12.2712335586548
13.8317213058472,-114.535659790039,14.3907384872437
11.8430662155151,-121.107635498047,16.3244705200195
9.86221408843994,-126.928718566895,18.5434818267822
7.60120964050293,-132.312759399414,21.0256042480469
5.10365772247314,-136.47802734375,23.7503833770752
2.17482233047485,-140.1318359375,26.5780429840088
-0.731929183006287,-143.186218261719,29.4232234954834
-3.39042043685913,-146.345733642578,32.1863555908203
-5.92842817306519,-149.696640014648,34.8838729858398
-8.59162616729736,-152.247161865234,37.6495628356934
-11.4279766082764,-153.808197021484,40.6411094665527
-14.4201145172119,-154.482452392578,43.8413581848145
-17.711051940918,-154.291763305664,47.302188873291
-20.9359245300293,-153.79524230957,50.6732139587402
-23.9094486236572,-153.221542358398,53.8776817321777
-26.2574653625488,-153.423477172852,56.5013618469238
-28.0653705596924,-153.412551879883,58.6748466491699
-30.2519855499268,-154.40217590332,60.8961944580078
-32.0063095092773,-156.872604370117,62.7708892822266
-33.5500221252441,-158.466079711914,64.5823211669922
-34.6317253112793,-159.359298706055,65.9815673828125
-35.9396057128906,-160.572692871094,67.3400115966797
-36.9170722961426,-160.381408691406,68.4463500976563
-37.4341354370117,-158.03596496582,69.6102600097656
-36.7052688598633,-151.775451660156,70.3314056396484
-36.8845405578613,-148.496597290039,70.9589233398438
-38.5008811950684,-151.341705322266,72.4327163696289
-39.8465385437012,-155.243011474609,73.9778366088867
-41.8349647521973,-161.543243408203,75.7922286987305
-43.7753486633301,-167.750213623047,77.8388748168945
-45.5734672546387,-170.448638916016,80.0510177612305
-48.0778617858887,-169.957275390625,82.7012557983398
-50.1263694763184,-166.099685668945,84.9436874389648
-51.9995765686035,-162.064117431641,86.8758163452148
-54.1926574707031,-159.922409057617,89.0455932617188
-56.1854400634766,-158.832489013672,91.2295837402344
-57.8713035583496,-157.521820068359,93.1222152709961
-59.098804473877,-155.765426635742,94.4807434082031
-59.5847282409668,-153.257736206055,95.1555709838867
-60.3703460693359,-151.790786743164,95.9134368896484
-61.1763877868652,-151.432983398438,96.656852722168
-62.0460624694824,-151.697998046875,97.3957061767578
-62.7366714477539,-152.288711547852,97.9295425415039
-63.3238830566406,-153.473709106445,98.4082641601563
-64.1464385986328,-155.216995239258,99.0852279663086
-65.2834396362305,-157.231842041016,100.066329956055
-66.4485549926758,-158.808609008789,101.235847473145
-67.1055221557617,-159.341003417969,102.000526428223
-67.2823028564453,-159.368942260742,102.326812744141
-66.3057479858398,-158.800445556641,101.440040588379
-64.6504135131836,-158.35888671875,99.8430404663086
-66.3514556884766,-162.575576782227,99.9009399414063
-66.2753448486328,-165.537902832031,99.0309600830078
-65.1168823242188,-160.66552734375,98.5049438476563
-67.0880508422852,-148.722290039063,100.530540466309
-68.6629028320313,-134.181228637695,102.653762817383
-71.1214828491211,-122.063354492188,105.297035217285
-73.9030914306641,-112.156394958496,107.751953125
-76.2194137573242,-104.011627197266,109.10277557373
-77.280876159668,-99.0174102783203,109.25798034668
-77.7719345092773,-98.0200042724609,109.18098449707
-80.0842590332031,-100.040657043457,110.964767456055
-83.4182205200195,-103.673851013184,114.213714599609
-86.6921005249023,-106.662956237793,117.510185241699
-91.241943359375,-109.127670288086,121.345977783203
-97.0452880859375,-110.854347229004,125.88452911377
-103.344970703125,-112.254554748535,130.829330444336
-111.707481384277,-111.90599822998,137.379928588867
-120.510864257813,-111.273132324219,144.273971557617
-128.815795898438,-106.21354675293,150.269317626953
-134.707534790039,-95.0646743774414,153.330627441406
-139.729644775391,-87.6964492797852,156.379928588867
-140.178649902344,-81.6081314086914,156.128082275391
-138.905364990234,-75.3467407226563,153.132614135742
-137.722625732422,-67.0709457397461,149.869705200195
-136.104568481445,-60.7036514282227,147.450805664063
-134.684844970703,-54.8450622558594,145.404983520508
-132.888305664063,-48.9282417297363,142.197158813477
-132.096054077148,-43.1977996826172,139.309143066406
-132.857391357422,-37.9941291809082,138.403671264648
-134.09895324707,-33.0824127197266,138.60334777832
-134.981979370117,-30.7367687225342,139.15771484375
-133.2802734375,-34.195198059082,138.975616455078
-132.756683349609,-37.1581535339355,139.423217773438
-132.967529296875,-38.5335006713867,139.603134155273
-132.908905029297,-39.7442779541016,138.382385253906
-132.605895996094,-41.592227935791,137.349502563477
-132.459320068359,-43.014778137207,137.24723815918
-132.477600097656,-44.0346984863281,136.62483215332
-131.85270690918,-45.9477767944336,135.481842041016
-130.645141601563,-48.7092247009277,134.015975952148
-129.497207641602,-51.620922088623,132.668090820313
-129.332046508789,-53.6103897094727,132.099349975586
-129.449401855469,-53.814338684082,131.627456665039
-127.352752685547,-53.5494117736816,129.929534912109
-124.81086730957,-52.0254020690918,127.529106140137
-123.727966308594,-49.8446006774902,126.268157958984
-123.090782165527,-46.4532775878906,125.361747741699
-123.03963470459,-41.8188743591309,124.80224609375
-123.033226013184,-37.9613990783691,124.509803771973
-123.211494445801,-36.2627563476563,124.553398132324
-123.886497497559,-35.1772918701172,125.249366760254
-123.878311157227,-33.7234497070313,125.485893249512
-123.765823364258,-31.476282119751,124.922378540039
-123.90168762207,-30.7751274108887,123.664817810059
-123.83162689209,-30.9668941497803,122.478332519531
-123.710350036621,-30.0095958709717,120.987915039063
-124.122917175293,-28.8689193725586,119.024360656738
-124.818260192871,-27.6332721710205,117.052978515625
-125.484771728516,-26.1478252410889,115.236717224121
-126.066993713379,-24.6821174621582,113.456077575684
-126.638298034668,-23.3008804321289,111.556015014648
-127.258987426758,-22.2525177001953,109.744415283203
-127.801284790039,-21.153018951416,108.181739807129
-128.179412841797,-20.0883522033691,107.083389282227
-128.509765625,-19.2668781280518,106.304656982422
-128.780410766602,-18.8527297973633,105.427040100098
-128.877700805664,-18.6125545501709,104.370735168457
-128.813217163086,-17.7666130065918,103.427940368652
-128.924041748047,-17.0480480194092,103.034271240234
-128.99853515625,-16.8393421173096,103.095291137695
-129.057098388672,-17.0324573516846,103.005226135254
-129.063079833984,-17.6059913635254,102.60994720459
-128.914154052734,-17.9014053344727,102.496849060059
-128.886474609375,-17.9433193206787,102.664680480957
-128.886672973633,-17.9952735900879,102.916625976563
-128.803283691406,-18.2579555511475,103.360496520996
-128.484527587891,-18.8643646240234,103.90795135498
-128.286682128906,-19.3961143493652,104.205940246582
-127.815620422363,-20.4461879730225,103.963119506836
-127.30827331543,-21.9303188323975,103.923179626465
-126.702354431152,-23.9386463165283,103.931617736816
-125.529113769531,-25.6873321533203,103.70524597168
-125.224502563477,-26.059455871582,103.979843139648
-125.013710021973,-25.5175495147705,103.756797790527
-124.479248046875,-24.9472923278809,103.20051574707
-124.90266418457,-23.7912197113037,103.590934753418
-125.32984161377,-21.903263092041,104.23770904541
-125.136543273926,-19.2569484710693,104.425559997559
-125.864700317383,-17.4613571166992,104.739601135254
-126.250190734863,-16.015157699585,104.555541992188
-126.003852844238,-15.0338258743286,104.458106994629
-126.270286560059,-16.5988616943359,104.580612182617
-125.992706298828,-17.3465118408203,104.838012695313
-125.927108764648,-17.569507598877,104.674812316895
-125.968315124512,-17.9819145202637,104.46981048584
-125.969551086426,-18.2564067840576,104.283393859863
-126.276710510254,-18.414665222168,104.170257568359
-126.630249023438,-19.0888290405273,104.465240478516
-126.787582397461,-20.0223083496094,105.232147216797
-127.073188781738,-20.3824768066406,105.859855651855
-127.357475280762,-20.0883827209473,105.763885498047
-127.214904785156,-19.9411544799805,105.185974121094
-126.000030517578,-20.5019588470459,104.360954284668
-125.519325256348,-21.4822559356689,104.69605255127
-125.644515991211,-22.4478282928467,105.445686340332
-125.922264099121,-23.0367279052734,105.782180786133
-125.274444580078,-23.510913848877,105.579307556152
-125.213111877441,-23.1136112213135,105.275314331055
-125.422729492188,-22.044412612915,105.284927368164
-126.302993774414,-20.4475059509277,105.169105529785
-127.743614196777,-20.0121517181396,105.106742858887
-128.030349731445,-19.0970764160156,104.601127624512
-128.158889770508,-16.4415912628174,103.928726196289
-128.529113769531,-16.6702747344971,103.265731811523
-128.687606811523,-18.3839206695557,103.118316650391
-128.42366027832,-18.9789962768555,102.746047973633
-128.059036254883,-19.0117130279541,102.121315002441
-127.688613891602,-19.094970703125,101.751174926758
-127.59156036377,-19.2195358276367,101.496643066406
-127.527099609375,-19.3128395080566,101.290145874023
-127.409156799316,-19.435920715332,101.07250213623
-127.308555603027,-19.5117492675781,100.828590393066
-127.278503417969,-19.5852966308594,100.528388977051
-127.237525939941,-19.6931304931641,100.159408569336
-127.172500610352,-19.8450603485107,99.7705764770508
-127.12769317627,-19.9179439544678,99.3393096923828
-127.080253601074,-20.0043392181396,98.8777236938477
-126.964317321777,-20.093879699707,98.5348129272461
-126.873023986816,-20.1861362457275,98.2166290283203
-126.833084106445,-20.2719287872314,97.9883728027344
-126.745491027832,-20.3601055145264,97.9109878540039
-126.711654663086,-20.3935775756836,97.8202590942383
-126.660835266113,-20.4687976837158,97.7535247802734
-126.580680847168,-20.5629901885986,97.7649078369141
-126.524314880371,-20.6375846862793,97.6930389404297
-126.475288391113,-20.7207355499268,97.6405334472656
-126.405799865723,-20.8055019378662,97.6264419555664
-126.371002197266,-20.8624629974365,97.570182800293
-126.310775756836,-20.9787921905518,97.5275650024414
-126.259704589844,-21.0843391418457,97.4824371337891
-126.204528808594,-21.1829204559326,97.4256591796875
-126.146293640137,-21.2413444519043,97.4424057006836
-126.093330383301,-21.3252944946289,97.4934692382813
-126.033386230469,-21.4764041900635,97.5753555297852
-125.963226318359,-21.588415145874,97.593879699707
-125.880485534668,-21.6956653594971,97.5599365234375
-125.770164489746,-21.7829627990723,97.5072021484375
-125.63013458252,-21.8233604431152,97.4964141845703
-125.491355895996,-21.5854568481445,97.4049224853516
-125.13045501709,-20.8489780426025,97.3635711669922
-125.017753601074,-20.3742542266846,97.3646926879883
-125.006118774414,-20.5458755493164,97.2406234741211
-124.867256164551,-20.5888195037842,97.1343154907227
-124.85018157959,-20.8540878295898,97.1829223632813
-124.944244384766,-21.6631507873535,97.6369323730469
-125.17894744873,-22.7543277740479,98.2901840209961
-125.533203125,-23.4337139129639,98.7192230224609
-125.835395812988,-24.1394634246826,98.7929534912109
-125.993225097656,-25.1262073516846,98.802734375
-125.644233703613,-26.187671661377,98.4853363037109
-124.969139099121,-26.8029747009277,98.2617492675781
-124.190368652344,-26.9840450286865,97.8282318115234
-123.332305908203,-26.7665309906006,96.9717025756836
-122.683753967285,-25.8609924316406,96.3617935180664
-122.242118835449,-25.5724544525146,95.8995971679688
-122.277221679688,-25.7556285858154,96.045524597168
-122.605041503906,-25.3332023620605,96.5969390869141
-122.818786621094,-23.8673362731934,96.8309860229492
-123.770286560059,-23.0178070068359,97.4638061523438
-124.469306945801,-22.2923889160156,97.7154846191406
-124.516555786133,-19.9670925140381,97.7743911743164
-124.949714660645,-20.5805149078369,97.8795318603516
-125.088897705078,-22.2137241363525,97.9978103637695
-124.878639221191,-22.7867527008057,97.6896362304688
-124.73868560791,-22.7275524139404,97.1274337768555
-124.493209838867,-22.7240104675293,96.7362060546875
-124.284080505371,-23.4386005401611,96.7449188232422
-124.38646697998,-24.4101829528809,96.8328323364258
-124.522071838379,-25.2555408477783,96.9551162719727
-124.621490478516,-26.0175819396973,97.1334381103516
-124.687149047852,-26.4262866973877,97.2262420654297
-124.790733337402,-26.6430740356445,97.3824920654297
-124.989051818848,-26.7994537353516,97.6287002563477
-125.108047485352,-26.9757614135742,97.8320846557617
-125.188835144043,-27.0662078857422,98.0429534912109
-125.149833679199,-27.0438652038574,98.1552886962891
-125.069229125977,-26.9893741607666,98.2329254150391
-124.971694946289,-26.9692974090576,98.2731628417969
-124.864631652832,-27.0602569580078,98.2519760131836
-124.759063720703,-27.2083568572998,98.2310104370117
-124.628433227539,-27.311149597168,98.1632766723633
-124.496788024902,-27.2979946136475,98.0841369628906
-124.382530212402,-27.3227710723877,98.0114212036133
-124.273658752441,-27.4397926330566,97.9603881835938
-124.176818847656,-27.5640430450439,97.9062957763672
-124.107032775879,-27.6508464813232,97.8256607055664
-124.001625061035,-27.7756881713867,97.7599487304688
-123.923789978027,-27.8498458862305,97.6694030761719
-123.846755981445,-27.914436340332,97.5785751342773
-123.751945495605,-27.9833087921143,97.5187149047852
-123.659408569336,-28.0599174499512,97.4140548706055
-123.57103729248,-28.1417655944824,97.3115158081055
-123.475677490234,-28.214916229248,97.2279891967773
-123.387924194336,-28.2840061187744,97.1359481811523
-123.309059143066,-28.3463687896729,97.0509185791016
-123.225486755371,-28.3628063201904,96.9649124145508
-123.133758544922,-28.433032989502,96.8630981445313
-123.051155090332,-28.5241012573242,96.7566528320313
-122.954696655273,-28.5655288696289,96.653076171875
-122.852012634277,-28.6607627868652,96.5729751586914
-122.746932983398,-28.7858505249023,96.5085220336914
-122.657089233398,-28.8448333740234,96.4617309570313
-122.563873291016,-28.8805751800537,96.4467010498047
-122.484725952148,-28.9471874237061,96.4125366210938
-122.40283203125,-29.0321273803711,96.3575897216797
-122.326820373535,-29.0604991912842,96.2897644042969
-122.228370666504,-29.1030101776123,96.2130889892578
-122.141860961914,-29.2471580505371,96.1362380981445
-122.070243835449,-29.3684387207031,96.0539321899414
-121.97575378418,-29.4159832000732,96.0118103027344
-121.901947021484,-29.466947555542,95.9750595092773
-121.832847595215,-29.5506000518799,95.935905456543
-121.74528503418,-29.5956859588623,95.9020538330078
-121.669319152832,-29.6230278015137,95.8472290039063
-121.603317260742,-29.6793594360352,95.7968292236328
-121.526748657227,-29.7585716247559,95.7565689086914
-121.430549621582,-29.8630123138428,95.6732788085938
-121.371063232422,-29.9496631622314,95.6084671020508
-121.331924438477,-30.0034961700439,95.5852203369141
-121.295707702637,-30.0540084838867,95.5598526000977
-121.260932922363,-30.1400661468506,95.5347747802734
-121.213203430176,-30.2363586425781,95.4976806640625
-121.175598144531,-30.3462753295898,95.4707717895508
-121.147315979004,-30.4883365631104,95.4420471191406
-121.107925415039,-30.6313438415527,95.4225540161133
-121.094367980957,-30.7623023986816,95.409797668457
-121.080039978027,-30.8624839782715,95.3916397094727
-121.059150695801,-30.9835090637207,95.347412109375
-121.035484313965,-31.1090793609619,95.3130111694336
-120.98983001709,-31.2142333984375,95.2533493041992
-120.957969665527,-31.2822380065918,95.1874465942383
-120.93660736084,-31.3801097869873,95.1791915893555
-120.903274536133,-31.4863433837891,95.1651916503906
-120.857978820801,-31.5829124450684,95.1475982666016
-120.825531005859,-31.679515838623,95.0932388305664
-120.775115966797,-31.7768001556396,95.0524368286133
-120.733665466309,-31.8784313201904,95.0347518920898
-120.691223144531,-31.9848289489746,95.0125274658203
-120.655532836914,-32.1235885620117,94.9794921875
-120.617225646973,-32.2501258850098,94.9597702026367
-120.578033447266,-32.3587608337402,94.9536895751953
-120.535453796387,-32.4762420654297,94.9243698120117
-120.48469543457,-32.5996360778809,94.9089202880859
-120.422035217285,-32.731861114502,94.8791732788086
-120.360359191895,-32.8445472717285,94.8374862670898
-120.301345825195,-32.9484977722168,94.8093795776367
-120.241485595703,-33.0391387939453,94.7539443969727
-120.173110961914,-33.0884399414063,94.6767120361328
-120.090003967285,-33.1413650512695,94.5343933105469
-119.976722717285,-33.1675910949707,94.3680038452148
-119.837646484375,-33.2084045410156,94.2007064819336
-119.682052612305,-33.332405090332,94.0984344482422
-119.703002929688,-33.8321533203125,94.0403518676758
-120.099838256836,-35.1147193908691,94.3606033325195
-121.225372314453,-38.635440826416,95.9402389526367
-123.430297851563,-44.871208190918,98.7260665893555
-127.013572692871,-51.1120643615723,102.793617248535
-131.360443115234,-56.3847732543945,107.951835632324
-137.051406860352,-64.045036315918,115.055885314941
-145.246398925781,-72.5211715698242,124.687294006348
-155.433090209961,-76.8552551269531,136.898254394531
-165.965347290039,-74.831413269043,149.91242980957
-174.797332763672,-67.4840774536133,161.477462768555
178.36344909668,-57.8781394958496,171.32666015625
173.253173828125,-48.8676986694336,178.965713500977
170.680999755859,-40.8270492553711,-176.409866333008
170.02734375,-32.9597434997559,-173.57633972168
170.398620605469,-25.2360305786133,-170.85710144043
171.706756591797,-17.6288547515869,-168.902679443359
173.595916748047,-10.434383392334,-168.029830932617
175.36799621582,-3.83975410461426,-167.425308227539
176.349502563477,1.91082966327667,-167.104705810547
177.247451782227,7.57553052902222,-166.387023925781
178.396926879883,13.1083211898804,-165.197952270508
178.387329101563,16.7131290435791,-164.297882080078
178.369079589844,19.3358020782471,-162.312622070313
-179.64714050293,23.0151176452637,-160.354248046875
-177.956420898438,25.7444591522217,-157.831176757813
-176.966125488281,27.8373641967773,-155.223815917969
-175.542022705078,30.436939239502,-152.811431884766
-173.825637817383,32.7486610412598,-149.760665893555
-170.830642700195,35.6593780517578,-146.391967773438
-163.650024414063,39.3818168640137,-141.674240112305
-144.814147949219,46.9887161254883,-133.744293212891
-131.462371826172,52.111515045166,-133.088424682617
-129.321563720703,54.4311218261719,-144.592193603516
-120.641487121582,67.8145904541016,-151.040542602539
-112.549743652344,80.2752914428711,-156.452301025391
-118.027877807617,90.9657974243164,-172.793884277344
-119.187858581543,123.121597290039,179.789474487305
-100.965995788574,157.861373901367,-166.169570922852
-92.3301010131836,180.858734130859,-159.710433959961
-54.4898223876953,268.4228515625,-123.348510742188
5.42026472091675,181.165634155273,-63.190372467041
32.9281234741211,94.0608825683594,-28.3144969940186
9.82299137115479,64.9490203857422,-29.3115673065186
-31.3819923400879,54.7831687927246,-48.5254211425781
38.172176361084,74.7708129882813,45.2957916259766
-40.2521553039551,79.0973510742188,-47.9454765319824
-67.912467956543,3.1132652759552,-91.9844741821289
-50.4751014709473,-57.2363166809082,-125.173675537109
45.3108558654785,-61.1315841674805,124.538917541504
65.6428985595703,1.04816520214081,87.5406341552734
45.0884017944336,70.5457763671875,50.5173416137695
-52.2262344360352,55.998119354248,-62.3822441101074
-67.5828094482422,-5.50877285003662,-96.5986785888672
-39.322380065918,-76.3610458374023,-138.297256469727
52.6960029602051,-47.4971160888672,114.907241821289
66.3716735839844,10.5530014038086,82.9399032592773
34.1613082885742,89.3486557006836,38.0655670166016
-57.5181198120117,46.5753784179688,-69.283332824707
-67.9945983886719,-10.4247827529907,-98.691047668457
-36.7110023498535,-83.5851287841797,-141.160339355469
52.2973403930664,-47.7444534301758,114.823135375977
66.8774795532227,7.71640682220459,83.8046951293945
42.4214744567871,79.1077880859375,47.5536918640137
-52.0029945373535,57.040454864502,-62.189510345459
-69.6343536376953,-0.606457889080048,-95.0727920532227
-51.248104095459,-61.5123519897461,-124.490051269531
41.0899429321289,-69.6571044921875,129.133117675781
66.810432434082,-8.03649616241455,90.5249252319336
57.4570693969727,47.8047866821289,65.8270645141602
-30.3784694671631,95.7606887817383,-35.401985168457
-67.375,19.3833065032959,-85.4189910888672
-63.6034545898438,-32.3621597290039,-108.977607727051
0.81553441286087,-109.233016967773,175.545455932617
60.8312377929688,-30.9433193206787,103.107688903809
65.4964141845703,19.8537921905518,78.2435607910156
28.2786922454834,102.079887390137,30.3131332397461
-57.3724594116211,47.331901550293,-69.091438293457
-69.1399078369141,-5.48720407485962,-97.151741027832
-48.8851928710938,-66.7247161865234,-128.262359619141
43.4343719482422,-68.2872695922852,126.596321105957
66.3387298583984,-8.09088039398193,90.9594039916992
58.2373504638672,44.8815879821777,66.0524215698242
-25.044885635376,105.597618103027,-28.9851722717285
-65.6344909667969,23.7673721313477,-82.5210723876953
-65.6974716186523,-25.5786533355713,-106.50830078125
-17.9680061340332,-106.032211303711,-163.842575073242
57.0196990966797,-41.2124328613281,108.563026428223
66.8915786743164,9.38316535949707,83.0976791381836
45.7529830932617,72.0733184814453,49.8311042785645
-48.7999992370605,70.8393478393555,-57.0561904907227
-68.1203079223633,9.34655284881592,-89.617317199707
-60.8778419494629,-40.3218765258789,-114.553779602051
13.2237091064453,-108.359931945801,162.03857421875
61.0710830688477,-28.6750621795654,101.588928222656
65.6707534790039,19.3537368774414,78.318473815918
33.547119140625,91.7503280639648,35.6661949157715
-54.9845123291016,56.9587211608887,-65.3625259399414
-68.1438980102539,2.84066152572632,-92.6067657470703
-57.9365386962891,-46.9389953613281,-118.950126647949
23.2758674621582,-101.008628845215,151.191864013672
61.4565582275391,-25.2896518707275,100.015846252441
65.3328857421875,21.3161144256592,77.1048126220703
32.1850090026855,93.6416168212891,33.674560546875
-55.8660469055176,57.313591003418,-65.7111663818359
-67.3437423706055,3.76775670051575,-91.7845611572266
-59.5193939208984,-44.1494026184082,-117.721160888672
16.7548637390137,-106.891174316406,158.573440551758
60.7100448608398,-29.4790000915527,101.890144348145
65.5279541015625,16.6778221130371,79.7892761230469
41.3968849182129,79.2258605957031,42.8385429382324
-52.5338935852051,69.5458755493164,-60.0294380187988
-66.3415298461914,10.8153524398804,-88.3935317993164
-63.1321640014648,-34.85009765625,-112.189559936523
-6.27194356918335,-109.351951599121,-177.325881958008
59.1486282348633,-40.7166709899902,106.655487060547
65.197135925293,6.95333385467529,85.1132202148438
52.6218338012695,57.8024406433105,55.4920883178711
-36.8982200622559,96.4130859375,-41.8265686035156
-65.4504165649414,23.5857048034668,-83.4194183349609
-65.8505783081055,-21.4679298400879,-103.97078704834
-36.0670471191406,-82.5099563598633,-146.466781616211
51.7344398498535,-62.7936325073242,118.165519714355
64.6050109863281,-8.51395416259766,91.6575317382813
61.1318550109863,36.8272819519043,69.3656692504883
6.14229679107666,110.989822387695,3.5559766292572
-62.6568260192871,44.092700958252,-74.5593490600586
-67.0615768432617,-3.39140677452087,-94.8383331298828
-56.5213928222656,-50.8407440185547,-121.313125610352
20.1123199462891,-98.0335388183594,153.130416870117
63.0325012207031,-30.0447196960449,100.237159729004
64.3544998168945,15.0176610946655,81.453369140625
46.1247901916504,69.5407943725586,48.126651763916
-42.3518218994141,80.7710571289063,-49.1880912780762
-67.4579391479492,20.1132125854492,-86.0471115112305
-64.8118438720703,-24.1626358032227,-104.481773376465
-34.0334396362305,-84.6018981933594,-148.324325561523
49.2126159667969,-61.2434005737305,120.07145690918
65.5888519287109,-10.3056087493896,91.2333755493164
61.1470603942871,34.5519905090332,71.8087005615234
14.6093883514404,104.865821838379,12.72034740448
-58.8775444030762,49.4852523803711,-70.0083694458008
-68.071044921875,2.47972345352173,-93.6945190429688
-59.471996307373,-43.3473930358887,-115.043754577637
3.09535884857178,-102.537330627441,171.297653198242
59.4445457458496,-38.3044395446777,105.746810913086
65.6380386352539,6.13118362426758,84.2097091674805
53.8104629516602,55.6590766906738,59.8358535766602
-24.3382720947266,98.547004699707,-29.4610290527344
-64.7725982666016,30.4379234313965,-80.2981414794922
-66.8831558227539,-12.9489660263062,-100.369354248047
-48.6962051391602,-65.7998046875,-129.710891723633
33.7378997802734,-80.9728012084961,137.61181640625
63.5757713317871,-22.4216995239258,97.2809982299805
64.0599822998047,20.5850086212158,77.4147415161133
39.6880722045898,81.9865188598633,41.8913307189941
-46.548828125,71.0035705566406,-54.8458404541016
-67.0528335571289,16.3628883361816,-87.0291061401367
-64.415153503418,-26.3227958679199,-107.096878051758
-30.5170879364014,-90.4835815429688,-151.063537597656
49.0340576171875,-58.9969291687012,119.42261505127
65.0640487670898,-9.82661056518555,91.6216659545898
61.1917572021484,33.3073654174805,70.7990875244141
17.2291145324707,106.051460266113,16.6502017974854
-56.5560150146484,52.1077880859375,-67.7073059082031
-67.5146713256836,5.08496809005737,-91.8005981445313
-60.6974830627441,-38.0118675231934,-113.87752532959
-7.16215038299561,-104.291839599609,-176.646148681641
55.9684677124023,-44.5647163391113,109.925231933594
65.1605987548828,0.243246257305145,87.4826049804688
57.107795715332,44.6205596923828,63.9900016784668
-6.80023097991943,110.695266723633,-9.41296100616455
-61.1534461975098,40.109935760498,-74.7546615600586
-67.1260223388672,-3.82406187057495,-95.5179672241211
-56.1104965209961,-48.5665512084961,-120.776412963867
13.4060745239258,-100.677177429199,161.041488647461
59.6208877563477,-34.7755012512207,104.197425842285
64.7135009765625,8.33221912384033,84.090217590332
52.3268966674805,55.3542976379395,57.0555000305176
-24.8578548431396,100.264091491699,-29.2409152984619
-63.867488861084,31.7248477935791,-79.4713745117188
-66.4117431640625,-11.0353107452393,-98.5619430541992
-51.022159576416,-58.5481262207031,-127.591781616211
27.1998233795166,-89.494499206543,145.65495300293
61.9075736999512,-27.8409214019775,100.132949829102
64.2093200683594,14.6478080749512,81.2232360839844
47.2716255187988,65.2126312255859,50.3161849975586
-35.727653503418,88.1043090820313,-41.6918716430664
-65.3268127441406,25.8281993865967,-82.7535095214844
-65.7419662475586,-16.4013195037842,-101.161659240723
-45.9640731811523,-66.8349151611328,-133.999496459961
35.4245147705078,-80.2464599609375,136.180801391602
63.2640380859375,-23.1096782684326,97.3097915649414
63.7019462585449,19.1731071472168,79.1777420043945
42.8477554321289,73.189826965332,44.8587608337402
-41.5487213134766,79.4554138183594,-48.5773506164551
-66.5101852416992,22.0973796844482,-84.9213562011719
-65.131462097168,-19.9243392944336,-102.808929443359
-42.2379608154297,-72.9429244995117,-138.333923339844
39.1585540771484,-74.1748352050781,131.451522827148
64.2248840332031,-20.3874855041504,95.6668167114258
63.2955932617188,21.6987247467041,77.8103713989258
40.0841636657715,78.1352691650391,41.6504440307617
-43.3398933410645,74.6850509643555,-51.3471183776855
-66.8612747192383,20.3523693084717,-86.0132827758789
-64.8226547241211,-21.3871955871582,-103.81372833252
-40.4544067382813,-75.8085098266602,-140.042266845703
39.607982635498,-71.4195022583008,130.429992675781
64.2466659545898,-19.5538120269775,95.37939453125
63.1096954345703,22.081859588623,77.1611175537109
39.3960990905762,79.2024765014648,41.4201393127441
-42.6607856750488,73.7017593383789,-50.8310127258301
-66.5967330932617,20.4664764404297,-85.7234573364258
-64.9145660400391,-20.7361488342285,-104.119804382324
-41.4046096801758,-75.4578094482422,-138.593475341797
38.3263740539551,-72.5572967529297,131.829055786133
63.6935577392578,-20.418493270874,96.1657638549805
63.382511138916,20.6708202362061,77.2636642456055
41.3793411254883,77.1850662231445,43.9655647277832
-41.1454582214355,76.988166809082,-48.9246788024902
-66.0398559570313,21.9572620391846,-84.6418914794922
-65.3769607543945,-18.9256992340088,-103.472671508789
-43.437915802002,-71.7106781005859,-136.073348999023
35.7591857910156,-76.1553726196289,134.843643188477
62.8841400146484,-22.4420719146729,97.4158935546875
63.7803039550781,18.3884658813477,78.226692199707
43.851634979248,72.1014404296875,47.1373100280762
-37.6546287536621,81.8686904907227,-44.96435546875
-65.1471099853516,24.4433288574219,-82.945930480957
-65.5976943969727,-16.1025123596191,-102.484954833984
-46.9829864501953,-66.5330963134766,-132.070434570313
31.8940105438232,-81.2324295043945,139.889022827148
61.2458801269531,-25.9140815734863,98.9789962768555
65.7759399414063,15.8457918167114,80.1746292114258
44.8062362670898,48.983325958252,44.1097297668457
30.5499019622803,46.2437858581543,32.1126441955566
36.4081878662109,46.931812286377,33.3385848999023
34.5237846374512,49.245922088623,33.6144981384277
36.2096710205078,49.4593162536621,32.4020385742188
32.8285064697266,50.6844482421875,30.6869525909424
33.7317733764648,53.2728385925293,32.7850570678711
34.5117073059082,53.3824844360352,33.3635177612305
34.9521751403809,54.8561019897461,33.2672958374023
33.7913780212402,55.273021697998,31.0201053619385
33.3535766601563,55.5200119018555,29.5499954223633
32.5720977783203,56.5354423522949,28.8717193603516
31.6389713287354,57.2180213928223,27.7856922149658
31.134521484375,57.7781600952148,26.9448738098145
30.7827758789063,58.2926902770996,26.4448585510254
30.5533599853516,59.2743034362793,26.5931625366211
30.8798847198486,60.6466751098633,27.2757835388184
31.614070892334,62.0069732666016,28.0459480285645
32.4849891662598,62.987476348877,29.0572624206543
33.5788383483887,63.8829612731934,30.4322776794434
34.6341133117676,64.7955932617188,31.4641723632813
35.653938293457,65.6495513916016,32.2598876953125
36.4402961730957,66.2655334472656,32.8302612304688
36.8696746826172,66.6453475952148,32.918212890625
37.003173828125,66.9783935546875,32.9231033325195
37.2432098388672,67.329231262207,33.1195030212402
37.4317626953125,67.3881072998047,33.1695289611816
37.7688522338867,67.4428558349609,33.4012603759766
38.1612510681152,67.6027145385742,33.6982460021973
38.4168128967285,67.5167236328125,33.6861953735352
38.7305717468262,67.6714019775391,33.8326530456543
38.9395179748535,67.8944702148438,33.9090232849121
39.0768623352051,68.0431594848633,33.8631248474121
39.2955741882324,68.1525497436523,33.8895988464355
39.5212440490723,68.2668609619141,34.0437889099121
39.7607002258301,68.3410873413086,34.1929397583008
39.9876441955566,68.4232635498047,34.3458404541016
40.1217231750488,68.5758438110352,34.4281806945801
40.2618560791016,68.6767196655273,34.3945808410645
40.3799133300781,68.8532943725586,34.408317565918
40.5110092163086,69.01171875,34.4411125183105
40.6212997436523,69.1503372192383,34.4946784973145
40.7869453430176,69.3918151855469,34.6304626464844
40.9997177124023,69.6049880981445,34.7745895385742
41.2938919067383,69.9311218261719,34.95654296875
41.552604675293,70.1676330566406,35.076717376709
41.8190040588379,70.4206161499023,35.2375564575195
42.0825424194336,70.6796340942383,35.4002151489258
42.2397422790527,70.8025207519531,35.4220962524414
42.4437065124512,70.9756469726563,35.5528030395508
42.7338676452637,71.1462478637695,35.7206573486328
42.995246887207,71.3270568847656,35.8554496765137
43.2915687561035,71.5505752563477,36.0593605041504
43.5272369384766,71.6862335205078,36.1393241882324
43.7587585449219,71.8840179443359,36.2577133178711
44.0224075317383,72.0674514770508,36.3830299377441
44.2972297668457,72.1533203125,36.5328140258789
44.5557060241699,72.3974227905273,36.763011932373
44.8258590698242,72.5442047119141,36.8919105529785
45.1564750671387,72.7787780761719,37.1193885803223
45.3510856628418,72.9573364257813,37.2388916015625
45.5859336853027,73.1333389282227,37.3718681335449
45.8211402893066,73.3336563110352,37.5385589599609
46.0550804138184,73.519660949707,37.7286224365234
46.2472457885742,73.6358108520508,37.8276519775391
46.5421104431152,73.8822860717773,38.0589027404785
46.8192291259766,74.1317443847656,38.2909851074219
47.0825843811035,74.3347244262695,38.440731048584
47.3984718322754,74.616943359375,38.6921119689941
47.714241027832,74.8319091796875,38.9166030883789
48.0263023376465,75.0242156982422,39.1360473632813
48.2826232910156,75.2391891479492,39.3231201171875
48.5991706848145,75.4759826660156,39.5876235961914
48.9752655029297,75.6970977783203,39.8618583679199
49.3327369689941,75.8966751098633,40.118724822998
49.7223815917969,76.1147918701172,40.3953323364258
50.0434036254883,76.3164215087891,40.6019020080566
50.3068237304688,76.4791030883789,40.7690963745117
50.6022300720215,76.674186706543,40.9909133911133
50.8606948852539,76.8589706420898,41.229419708252
51.1338768005371,77.0663146972656,41.5320091247559
51.4601364135742,77.1853713989258,41.8181457519531
51.7165451049805,77.3659133911133,42.0532760620117
52.0386085510254,77.5899429321289,42.299861907959
52.3735046386719,77.76416015625,42.5124015808105
52.7365989685059,78.0000457763672,42.7776374816895
53.0615158081055,78.225715637207,43.0136337280273
53.3070487976074,78.4953384399414,43.1191673278809
53.5743293762207,78.6333770751953,43.0505561828613
53.9030609130859,78.9417114257813,42.8597984313965
54.0378799438477,79.6684951782227,42.4064865112305
54.0438194274902,79.9729080200195,41.9040298461914
54.4483795166016,80.7763442993164,41.9338645935059
55.3032989501953,83.5638046264648,42.4588241577148
54.572883605957,85.6515045166016,41.4238433837891
53.1408843994141,86.4149551391602,39.5243072509766
52.3150901794434,86.5671463012695,37.7508583068848
50.5973129272461,85.6650924682617,35.1956443786621
48.395694732666,84.182991027832,32.435188293457
46.9110794067383,82.967170715332,30.1070346832275
46.043643951416,81.7854843139648,28.3576145172119
46.3781089782715,81.8229293823242,28.457576751709
48.7105865478516,85.1840057373047,31.2434387207031
52.7219047546387,90.8304901123047,36.1368141174316
56.4049110412598,97.1383285522461,41.1051635742188
57.851676940918,101.983665466309,43.052318572998
57.8942451477051,104.744415283203,42.6916046142578
58.0070533752441,108.6416015625,42.4708786010742
59.0205154418945,114.824447631836,43.2248458862305
59.0080833435059,123.743927001953,43.2985610961914
57.4190216064453,134.253067016602,41.6619415283203
55.3255233764648,148.11018371582,38.773624420166
53.971622467041,172.520401000977,36.3017997741699
51.0097198486328,201.34716796875,32.3890419006348
45.3639297485352,234.698944091797,25.7381019592285
39.3829956054688,272.527191162109,18.9983901977539
33.5519943237305,298.503967285156,12.7179374694824
27.1672134399414,317.55908203125,5.69539356231689
21.3230648040771,337.032440185547,-0.829692721366882
17.2595691680908,341.123657226563,-5.16474628448486
12.2980089187622,320.217132568359,-10.4910717010498
7.17752361297607,311.93408203125,-15.9405355453491
3.18000817298889,330.8466796875,-19.8736782073975
0.0331395417451859,358.586364746094,-22.9827346801758
-0.980868816375732,358.897247314453,-24.0482883453369
-1.5774759054184,346.797637939453,-24.9071941375732
-1.70558404922485,328.494750976563,-25.2543354034424
-1.65883243083954,319.71875,-25.3985996246338
-1.98259079456329,316.203338623047,-25.7093830108643
-1.90608310699463,313.605316162109,-25.7479667663574
-1.13043749332428,308.350433349609,-25.1102886199951
-0.821330904960632,300.998565673828,-24.82297706604
-0.700932860374451,296.68603515625,-24.8138275146484
-0.599599838256836,290.909271240234,-24.9017028808594
-1.23878073692322,287.339050292969,-25.6453514099121
-2.5633487701416,293.499084472656,-26.8604164123535
-3.71349167823792,304.256072998047,-27.7998008728027
-4.38797664642334,320.741546630859,-28.3817100524902
-5.29264354705811,342.124053955078,-29.0376148223877
-6.37345838546753,344.953979492188,-29.7374668121338
-7.67967796325684,317.085266113281,-30.3482627868652
-9.46379661560059,289.678131103516,-31.7176628112793
-11.4796524047852,263.201721191406,-33.5849342346191
-12.7672634124756,230.218841552734,-33.3739852905273
-14.7788057327271,210.333053588867,-32.942569732666
-16.6247539520264,210.204818725586,-32.8986892700195
-17.7979717254639,216.255798339844,-33.2607192993164
-17.5451316833496,205.076919555664,-32.5606307983398
-17.8746891021729,186.278106689453,-32.304615020752
-19.5681324005127,173.732040405273,-33.2609329223633
-20.9906463623047,161.554595947266,-33.4846496582031
-22.2056636810303,150.032684326172,-33.293514251709
-23.0310020446777,140.089263916016,-32.7000465393066
-23.8488368988037,131.775177001953,-32.0958595275879
-24.4873237609863,122.911270141602,-31.4503211975098
-24.147216796875,113.96891784668,-30.2370128631592
-23.8451366424561,106.871513366699,-29.3581600189209
-23.4233455657959,102.13777923584,-28.8384647369385
-23.0461483001709,98.3806762695313,-28.4162464141846
-22.9609851837158,95.4890975952148,-27.9581317901611
-22.7864418029785,92.6209106445313,-27.1354198455811
-22.9969158172607,89.7815093994141,-26.5946063995361
-23.1416721343994,87.3412704467773,-26.122049331665
-23.1530208587646,85.78369140625,-25.828462600708
-23.1139640808105,85.0559158325195,-25.6683521270752
-23.0470447540283,84.8903579711914,-25.5328559875488
-22.9607563018799,84.7607269287109,-25.3434734344482
-22.852424621582,84.1111373901367,-25.1032676696777
-22.7247352600098,82.9794692993164,-24.8368949890137
-22.5854320526123,81.7140884399414,-24.4135971069336
-22.4783000946045,80.8105773925781,-24.0825157165527
-22.2419891357422,79.947021484375,-23.7920379638672
-22.0762100219727,79.752326965332,-23.5912761688232
-21.8604316711426,79.5653381347656,-23.3039169311523
-21.5832824707031,79.4493713378906,-23.1159019470215
-21.1554374694824,79.5075607299805,-22.907657623291
-20.6768951416016,79.3462142944336,-22.6022491455078
-20.1601791381836,79.5862274169922,-22.3227977752686
-19.0719680786133,79.3698120117188,-21.5908889770508
-17.9092617034912,78.0825576782227,-20.9847164154053
-16.3829593658447,76.0734405517578,-20.4167804718018
-14.4537296295166,73.5351409912109,-19.205005645752
-13.5727500915527,72.1921997070313,-18.2145824432373
-13.2342653274536,71.7082138061523,-17.6081027984619
-12.5292835235596,71.6078796386719,-17.1256351470947
-11.8847007751465,72.1390914916992,-16.8242530822754
-11.2790288925171,72.7359237670898,-16.478759765625
-10.4459199905396,73.2918319702148,-15.9002389907837
-9.71495151519775,74.3587799072266,-15.5041942596436
-9.03408622741699,74.7062530517578,-15.2645425796509
-8.71030712127686,74.3138809204102,-15.2048063278198
-8.71347427368164,74.4744567871094,-15.1215391159058
-8.12447071075439,74.6946716308594,-14.5020084381104
-7.72023057937622,75.1245651245117,-14.4700517654419
-7.31244373321533,75.481819152832,-14.3427848815918
-7.16858386993408,75.5269470214844,-14.2754650115967
-7.26860332489014,76.2350769042969,-14.5173835754395
-7.47181940078735,77.4798889160156,-15.0792961120605
-7.33348083496094,78.175407409668,-15.0090208053589
-6.96754360198975,78.1284255981445,-14.7272806167603
-6.69797897338867,78.0783309936523,-14.7582111358643
-6.27167081832886,77.7880477905273,-14.5461540222168
-5.82032871246338,78.365852355957,-14.359356880188
-5.4842529296875,78.9359588623047,-14.219500541687
-5.36734867095947,79.1342163085938,-14.0681848526001
-5.15909576416016,79.6240310668945,-13.7329301834106
-4.8895058631897,79.7791213989258,-13.6215181350708
-4.78388547897339,79.7994537353516,-13.6381740570068
-4.58215093612671,80.2741165161133,-13.4745674133301
-4.22343444824219,80.5011672973633,-13.2074708938599
-3.9659321308136,80.2880249023438,-13.0278635025024
-3.92551517486572,80.5283355712891,-12.6204776763916
-2.98611211776733,80.8973999023438,-11.8068170547485
-2.70504951477051,80.7113189697266,-11.6569061279297
-2.46628212928772,80.4051361083984,-11.7565212249756
-2.20880937576294,80.9563446044922,-11.9564828872681
-2.18815970420837,81.6538696289063,-11.983081817627
-1.9907637834549,82.2697677612305,-12.0398216247559
-1.90307223796844,83.0201110839844,-12.2140398025513
-1.81507909297943,84.194694519043,-12.3517112731934
-1.9089560508728,85.693473815918,-12.7123699188232
-1.43055987358093,86.6209259033203,-12.8419523239136
-0.984638512134552,86.8691787719727,-12.8165988922119
-1.3873450756073,88.3975830078125,-13.017315864563
-1.39789974689484,91.3530883789063,-13.0717077255249
-0.875483989715576,92.9997940063477,-12.9938812255859
-0.683399736881256,93.3447036743164,-12.9979667663574
-1.01259541511536,93.435188293457,-12.9956426620483
-0.892411410808563,94.5182189941406,-12.2841873168945
0.286772400140762,96.0357360839844,-10.8462896347046
1.37438142299652,96.4111099243164,-9.87086391448975
1.79341459274292,95.7179565429688,-9.53692150115967
2.15184998512268,95.6350173950195,-9.17438793182373
2.84208059310913,95.5588684082031,-8.82258987426758
3.41583514213562,95.5555725097656,-8.62636566162109
3.55381679534912,95.4336471557617,-8.87193775177002
4.02075910568237,95.5928802490234,-8.87805366516113
4.4479775428772,96.245231628418,-8.57275581359863
4.84808015823364,96.7205123901367,-8.27697086334229
5.27501249313354,97.3588333129883,-8.0763988494873
5.76827573776245,97.2280883789063,-7.76207065582275
6.03654718399048,97.5529556274414,-7.49000358581543
6.26236295700073,98.3336181640625,-7.35216045379639
6.93756628036499,99.1277389526367,-6.87779808044434
7.32878255844116,99.3884658813477,-6.63878774642944
7.45784902572632,99.2796249389648,-6.62317705154419
7.83330631256104,99.6151504516602,-6.51802158355713
8.31610298156738,99.6530151367188,-6.27154350280762
8.59072017669678,100.044105529785,-6.14551734924316
8.94780540466309,101.224739074707,-5.89736652374268
9.24941635131836,102.53018951416,-5.70214700698853
9.58904266357422,103.729370117188,-5.44009494781494
9.94533157348633,105.191276550293,-5.10342931747437
10.3274459838867,106.556289672852,-4.77198171615601
10.5964021682739,108.206451416016,-4.47559261322021
10.8009128570557,109.685554504395,-4.27482414245605
11.1164312362671,110.802398681641,-3.8983519077301
11.6594934463501,112.832374572754,-3.4543788433075
11.8353157043457,113.502220153809,-3.23349642753601
12.147144317627,115.323829650879,-2.94601058959961
12.5643348693848,116.426429748535,-2.58124232292175
12.9159030914307,117.634223937988,-2.23358798027039
13.2534809112549,119.091842651367,-2.06355953216553
13.6359348297119,119.918937683105,-1.74718165397644
14.0781593322754,121.075302124023,-1.33785784244537
14.4356555938721,122.367599487305,-1.04713606834412
14.8939418792725,123.545700073242,-0.570158898830414
15.345796585083,125.389984130859,-0.117723025381565
15.4285345077515,125.794319152832,-0.0724731981754303
16.1749057769775,126.485534667969,0.554451167583466
16.6075477600098,124.163635253906,0.183911964297295
16.4424018859863,123.806846618652,-0.262436181306839
17.5614547729492,125.698356628418,0.612494647502899
17.5911464691162,124.074615478516,0.309087097644806
17.5968704223633,120.795928955078,-0.263531714677811
17.3582038879395,120.216735839844,-1.04829835891724
17.1063899993896,121.087936401367,-1.35980105400085
17.84765625,122.186218261719,-0.758177638053894
18.4970264434814,123.280860900879,-0.0940571948885918
19.1264610290527,123.49048614502,0.451120048761368
20.0010070800781,124.060600280762,1.22573256492615
20.5673313140869,123.460319519043,1.7438108921051
21.2619552612305,123.580871582031,2.24784517288208
22.1041889190674,123.301452636719,2.95011830329895
22.4366264343262,123.009895324707,3.12119507789612
22.8964290618896,122.416793823242,3.32577729225159
23.4083099365234,123.709365844727,3.57712817192078
23.5815029144287,123.998672485352,3.40036630630493
23.8349628448486,125.695838928223,3.54867219924927
24.503662109375,129.017715454102,4.32817125320435
25.0268001556396,131.486175537109,4.94817209243774
25.5881576538086,132.429580688477,5.65103769302368
26.1673145294189,134.015167236328,6.37433338165283
26.7673873901367,135.796081542969,7.0903491973877
27.3287086486816,136.852981567383,7.75238466262817
27.9447288513184,138.206298828125,8.38698768615723
28.5878505706787,139.256072998047,9.15443992614746
29.2654228210449,140.829711914063,9.83973598480225
29.7235641479492,142.011108398438,10.3480882644653
30.4665565490723,143.137619018555,11.0069551467896
31.0251522064209,144.093978881836,11.6241817474365
31.8343353271484,146.239273071289,12.3831901550293
32.2311706542969,147.036239624023,12.7532482147217
33.0005912780762,148.108856201172,13.5016479492188
33.6852493286133,148.804244995117,14.062705039978
34.5324935913086,149.880905151367,14.7875957489014
35.3499145507813,146.63313293457,14.6760663986206
35.3634605407715,145.406539916992,14.3123016357422
36.3376502990723,146.418121337891,15.0536575317383
35.8761024475098,144.910751342773,14.1140127182007
34.9312515258789,141.657836914063,12.5152044296265
34.0340614318848,141.825790405273,11.3829002380371
33.7706909179688,142.817474365234,11.1811800003052
34.3209037780762,142.109970092773,11.4799175262451
34.5715560913086,142.476028442383,11.5485496520996
35.0922470092773,143.375610351563,11.9766311645508
35.3422660827637,143.152206420898,12.3014459609985
35.8656768798828,144.199020385742,12.8133583068848
36.3477554321289,144.383422851563,13.1344680786133
36.5184898376465,144.100357055664,13.0192193984985
37.1011657714844,144.181762695313,13.2825479507446
37.6861419677734,142.661102294922,13.3939609527588
37.9828910827637,143.464385986328,13.2215261459351
38.2920608520508,145.878173828125,13.8577346801758
39.3886032104492,148.500549316406,15.2790536880493
39.6261787414551,149.552276611328,15.7968282699585
40.6205291748047,151.852661132813,16.9186019897461
41.8743515014648,153.751022338867,18.3079509735107
42.5912399291992,154.365768432617,19.1211814880371
43.2393035888672,155.286834716797,19.7599182128906
44.2345085144043,156.927108764648,20.9554500579834
45.4564552307129,158.640960693359,22.2217292785645
46.1559829711914,158.901565551758,23.0080718994141
47.0327110290527,160.388931274414,23.8724403381348
47.8380851745605,161.879501342773,24.6065006256104
48.7936706542969,162.76530456543,25.6683540344238
49.6445045471191,163.928237915039,26.5028839111328
50.6438827514648,164.281768798828,27.4326992034912
51.3988838195801,164.81103515625,28.2514877319336
52.6496925354004,164.897079467773,29.243579864502
52.7588844299316,161.094955444336,28.5742168426514
53.0902328491211,160.722351074219,28.7911987304688
54.5140571594238,161.479125976563,29.8521900177002
54.7072677612305,160.265701293945,29.7088623046875
54.176097869873,158.274047851563,28.4756565093994
53.2789039611816,158.92561340332,27.0824756622314
52.5644378662109,161.941543579102,26.5126342773438
52.3030776977539,163.105010986328,26.1428604125977
53.190803527832,164.752197265625,26.6990146636963
54.1441116333008,166.43408203125,27.4862480163574
55.0436592102051,167.49479675293,28.1908912658691
55.2786178588867,166.172515869141,28.2272109985352
55.7509155273438,165.19709777832,28.5455532073975
56.4189491271973,165.729949951172,28.910177230835
56.5388031005859,165.301788330078,28.8107566833496
55.2721176147461,162.865203857422,27.6150188446045
54.0119018554688,162.414764404297,26.0771083831787
53.9300079345703,161.457504272461,25.4265022277832
54.9990348815918,162.372024536133,25.9734191894531
55.3730583190918,161.623291015625,26.3337707519531
54.9693984985352,161.561050415039,26.092077255249
54.9048385620117,163.072998046875,25.9873466491699
54.6280479431152,164.458374023438,25.709400177002
55.1500587463379,167.500350952148,26.3152866363525
55.4770736694336,168.478729248047,26.3873825073242
55.674747467041,166.73503112793,26.1135902404785
55.8783531188965,166.893402099609,26.1353187561035
56.4164390563965,167.095397949219,26.4081401824951
55.7594795227051,165.573608398438,25.3366184234619
56.035270690918,162.891418457031,25.3174476623535
57.4548721313477,163.396560668945,26.924352645874
58.0862007141113,162.146636962891,27.590181350708
59.1719055175781,158.574844360352,28.5799083709717
61.5588264465332,156.151077270508,30.6794147491455
64.7280044555664,154.122756958008,33.4952087402344
68.3457107543945,150.246429443359,36.7933235168457
72.1771011352539,144.388214111328,40.1427993774414
76.0209884643555,143.470718383789,43.3550834655762
78.6301956176758,138.486755371094,45.642520904541
81.1577606201172,132.084899902344,47.8122787475586
84.594841003418,131.146392822266,50.4535713195801
85.6019668579102,129.063842773438,51.5383949279785
86.6697158813477,126.803749084473,52.3222808837891
87.4058609008789,123.88924407959,52.6376533508301
87.6584091186523,123.11328125,53.0350875854492
87.5340194702148,121.727897644043,52.4769973754883
87.4765930175781,119.069358825684,52.3177146911621
87.0057678222656,117.143760681152,51.8683547973633
88.2550354003906,116.117919921875,52.4743270874023
90.0429153442383,113.812705993652,53.920280456543
90.5393676757813,111.526214599609,54.486499786377
90.8058624267578,111.097229003906,54.830638885498
93.1425704956055,109.02229309082,56.7274360656738
95.6301193237305,107.549362182617,58.8491516113281
96.5549545288086,106.538185119629,59.4621200561523
98.6241455078125,103.224868774414,60.9431991577148
99.9354934692383,101.183219909668,62.0796203613281
100.555618286133,100.85530090332,62.5078468322754
101.501686096191,99.7652969360352,63.2668380737305
103.003623962402,98.0939102172852,64.6395034790039
103.805023193359,96.2177886962891,65.39013671875
104.443450927734,95.694465637207,65.8583908081055
105.812721252441,95.2760314941406,66.9064636230469
106.727668762207,94.6398391723633,67.8842010498047
107.23560333252,93.7900695800781,68.3976058959961
108.291763305664,92.5788345336914,69.4053802490234
109.304901123047,91.5550231933594,70.4245223999023
109.884887695313,90.1532669067383,71.1084289550781
110.503868103027,88.8714904785156,71.7795715332031
110.972801208496,87.8932189941406,72.0097274780273
111.635757446289,86.6652145385742,72.6753692626953
112.09309387207,85.4147872924805,73.1190643310547
112.466438293457,84.8440322875977,73.5512161254883
112.643753051758,85.0569534301758,73.6844177246094
112.970016479492,85.1248931884766,73.7365798950195
113.32746887207,85.0311660766602,73.7765121459961
112.826080322266,85.3671112060547,73.0626068115234
112.429092407227,86.1531143188477,72.6030502319336
113.174392700195,85.8957901000977,72.8476333618164
113.452835083008,85.4612655639648,73.0088729858398
112.780075073242,86.1825332641602,72.4657516479492
113.11058807373,86.1471939086914,72.5408020019531
113.640274047852,85.7267379760742,72.6783142089844
113.737419128418,85.9998550415039,72.7287902832031
114.278518676758,86.2128219604492,73.021858215332
115.645927429199,85.5451431274414,74.0824661254883
116.719947814941,83.7397308349609,75.4077072143555
117.444770812988,81.5257034301758,76.3147964477539
118.067176818848,79.5100936889648,77.4126129150391
118.97469329834,78.5478210449219,78.7708435058594
119.228553771973,77.9057464599609,79.1447448730469
118.809661865234,77.0299758911133,79.2964553833008
118.776611328125,76.4021606445313,79.8012161254883
118.84268951416,76.3223114013672,80.1263656616211
118.578086853027,76.7283172607422,79.9347229003906
117.966728210449,77.2219009399414,79.7875823974609
117.829635620117,77.4185256958008,80.2175979614258
117.697769165039,77.527717590332,80.4932250976563
117.534843444824,77.5085906982422,80.6041641235352
117.41796875,77.3809509277344,80.7174301147461
117.575210571289,77.1857376098633,81.2704696655273
117.022064208984,76.8746032714844,81.2067108154297
116.146949768066,77.0647048950195,80.8872375488281
115.783378601074,77.298713684082,81.3598785400391
115.5908203125,76.7747268676758,81.9664077758789
115.308052062988,76.0987243652344,82.1807556152344
115.800498962402,75.4993667602539,82.7388076782227
116.056617736816,75.0380859375,82.5326232910156
116.106132507324,74.1589050292969,82.1354064941406
116.313659667969,73.4415512084961,82.0329513549805
116.098892211914,73.1417083740234,81.2565994262695
116.572784423828,72.9965591430664,80.6787109375
118.152816772461,72.5993423461914,80.3144454956055
119.989776611328,72.433708190918,80.252799987793
120.473587036133,72.3203125,79.9236450195313
120.36116027832,71.3759689331055,79.3943023681641
120.455612182617,70.6009521484375,78.8522109985352
121.247665405273,70.1564102172852,78.6701812744141
121.967651367188,69.7350234985352,78.346435546875
122.041198730469,69.3620910644531,78.0531768798828
122.027145385742,68.831169128418,77.8772506713867
122.025009155273,68.2034683227539,77.5971527099609
122.246826171875,67.8267593383789,77.2513809204102
122.463333129883,67.6975631713867,77.2741012573242
122.719795227051,67.1327743530273,77.5087966918945
123.056533813477,66.3075103759766,77.7394714355469
123.175048828125,66.3013229370117,77.6769485473633
123.382125854492,66.4579849243164,77.6660308837891
123.814414978027,66.4683151245117,77.7534866333008
124.166137695313,66.4272613525391,77.7762145996094
124.21460723877,66.4440536499023,77.6303329467773
124.174743652344,66.4411773681641,77.3718795776367
124.347045898438,66.3982925415039,77.261589050293
124.743629455566,66.2681350708008,77.4562911987305
124.989311218262,65.8823623657227,77.5604782104492
124.993148803711,65.6439590454102,77.450798034668
125.159042358398,65.6347732543945,77.2787704467773
125.267448425293,65.4188461303711,77.3466567993164
125.441802978516,65.0793228149414,77.9627151489258
125.622482299805,64.8835220336914,77.9849166870117
125.803741455078,64.747932434082,78.1538162231445
126.056434631348,64.4349594116211,78.241325378418
126.316215515137,64.306037902832,78.3822860717773
126.796241760254,63.9101448059082,78.6584701538086
126.984573364258,63.8752708435059,78.6813812255859
127.037780761719,63.9808654785156,78.5362396240234
127.288597106934,63.7233543395996,78.4908065795898
